id,type,src,dst,app,latency,message,ctime,size,buffer
1,LINK,68,2,app1,1.00001,M.Action,100,10,0
2,LINK,291,73,app1,1.00001,M.Action,100,10,1
3,LINK,391,317,app1,1.00001,M.Action,100,10,2
4,LINK,32,42,app1,1.00001,M.Action,100,10,3
5,LINK,130,114,app1,1.00001,M.Action,100,10,4
6,LINK,60,218,app1,1.00001,M.Action,100,10,5
7,LINK,253,78,app1,1.00001,M.Action,100,10,6
8,LINK,389,56,app1,1.00001,M.Action,100,10,7
9,LINK,230,176,app1,1.00001,M.Action,100,10,8
10,LINK,241,91,app1,1.00001,M.Action,100,10,9
11,LINK,333,68,app1,1.00001,M.Action,100,10,10
12,LINK,194,2,app1,1.00001,M.Action,100,10,11
13,LINK,107,138,app1,1.00001,M.Action,100,10,12
14,LINK,48,143,app1,1.00001,M.Action,100,10,13
15,LINK,249,4,app1,1.00001,M.Action,100,10,14
16,LINK,14,28,app1,1.00001,M.Action,100,10,15
17,LINK,199,301,app1,1.00001,M.Action,100,10,16
18,LINK,221,19,app1,1.00001,M.Action,100,10,17
19,LINK,311,49,app1,1.00001,M.Action,100,10,18
20,LINK,390,157,app1,1.00001,M.Action,100,10,19
21,LINK,392,178,app1,1.00001,M.Action,100,10,20
22,LINK,1,8,app1,1.00001,M.Action,100,10,21
23,LINK,356,23,app1,1.00001,M.Action,100,10,22
24,LINK,228,72,app1,1.00001,M.Action,100,10,23
25,LINK,136,104,app1,1.00001,M.Action,100,10,24
26,LINK,369,41,app1,1.00001,M.Action,100,10,25
27,LINK,117,59,app1,1.00001,M.Action,100,10,26
28,LINK,302,56,app1,1.00001,M.Action,100,10,27
29,LINK,52,57,app1,1.00001,M.Action,100,10,28
30,LINK,162,259,app1,1.00001,M.Action,100,10,29
31,LINK,15,28,app1,1.00001,M.Action,100,10,30
32,LINK,11,3,app1,1.00001,M.Action,100,10,31
33,LINK,13,69,app1,1.00001,M.Action,100,10,32
34,LINK,332,19,app1,1.00001,M.Action,100,10,33
35,LINK,277,206,app1,1.00001,M.Action,100,10,34
36,LINK,4,85,app1,1.00001,M.Action,100,10,35
37,LINK,195,296,app1,1.00001,M.Action,100,10,36
38,LINK,351,105,app1,1.00001,M.Action,100,10,37
39,LINK,110,2,app1,1.00001,M.Action,100,10,38
40,LINK,216,62,app1,1.00001,M.Action,100,10,39
1,LINK,2,83,app1,1.00001,M.Action,101.00001,10,0
2,LINK,73,64,app1,1.00001,M.Action,101.00001,10,1
3,LINK,317,72,app1,1.00001,M.Action,101.00001,10,2
4,LINK,42,51,app1,1.00001,M.Action,101.00001,10,3
5,LINK,114,308,app1,1.00001,M.Action,101.00001,10,4
6,LINK,218,0,app1,1.00001,M.Action,101.00001,10,5
7,LINK,78,42,app1,1.00001,M.Action,101.00001,10,6
8,LINK,56,71,app1,1.00001,M.Action,101.00001,10,7
9,LINK,176,78,app1,1.00001,M.Action,101.00001,10,8
10,LINK,91,104,app1,1.00001,M.Action,101.00001,10,9
11,LINK,68,2,app1,1.00001,M.Action,101.00001,10,10
12,LINK,2,83,app1,1.00001,M.Action,101.00001,10,11
13,LINK,138,18,app1,1.00001,M.Action,101.00001,10,12
14,LINK,143,104,app1,1.00001,M.Action,101.00001,10,13
15,LINK,4,85,app1,1.00001,M.Action,101.00001,10,14
16,LINK,28,287,app1,1.00001,M.Action,101.00001,10,15
17,LINK,301,275,app1,1.00001,M.Action,101.00001,10,16
18,LINK,19,141,app1,1.00001,M.Action,101.00001,10,17
19,LINK,49,190,app1,1.00001,M.Action,101.00001,10,18
20,LINK,157,349,app1,1.00001,M.Action,101.00001,10,19
21,LINK,178,82,app1,1.00001,M.Action,101.00001,10,20
22,LINK,8,6,app1,1.00001,M.Action,101.00001,10,21
23,LINK,23,57,app1,1.00001,M.Action,101.00001,10,22
25,LINK,104,206,app1,1.00001,M.Action,101.00001,10,23
26,LINK,41,29,app1,1.00001,M.Action,101.00001,10,24
27,LINK,59,82,app1,1.00001,M.Action,101.00001,10,25
28,LINK,56,71,app1,1.00001,M.Action,101.00001,10,26
29,LINK,57,56,app1,1.00001,M.Action,101.00001,10,27
30,LINK,259,206,app1,1.00001,M.Action,101.00001,10,28
31,LINK,28,287,app1,1.00001,M.Action,101.00001,10,29
32,LINK,3,248,app1,1.00001,M.Action,101.00001,10,30
33,LINK,69,197,app1,1.00001,M.Action,101.00001,10,31
34,LINK,19,141,app1,1.00001,M.Action,101.00001,10,32
35,LINK,206,96,app1,1.00001,M.Action,101.00001,10,33
36,LINK,85,89,app1,1.00001,M.Action,101.00001,10,34
37,LINK,296,9,app1,1.00001,M.Action,101.00001,10,35
38,LINK,105,24,app1,1.00001,M.Action,101.00001,10,36
39,LINK,2,83,app1,1.00001,M.Action,101.00001,10,37
40,LINK,62,81,app1,1.00001,M.Action,101.00001,10,38
1,LINK,83,60,app1,1.00001,M.Action,102.00002,10,5
2,LINK,64,61,app1,1.00001,M.Action,102.00002,10,6
4,LINK,51,72,app1,1.00001,M.Action,102.00002,10,7
5,LINK,308,317,app1,1.00001,M.Action,102.00002,10,8
6,LINK,0,72,app1,1.00001,M.Action,102.00002,10,9
7,LINK,42,51,app1,1.00001,M.Action,102.00002,10,10
8,LINK,71,103,app1,1.00001,M.Action,102.00002,10,11
9,LINK,78,42,app1,1.00001,M.Action,102.00002,10,12
10,LINK,104,206,app1,1.00001,M.Action,102.00002,10,13
11,LINK,2,83,app1,1.00001,M.Action,102.00002,10,14
13,LINK,18,103,app1,1.00001,M.Action,102.00002,10,15
14,LINK,104,206,app1,1.00001,M.Action,102.00002,10,16
15,LINK,85,89,app1,1.00001,M.Action,102.00002,10,17
16,LINK,287,218,app1,1.00001,M.Action,102.00002,10,18
17,LINK,275,270,app1,1.00001,M.Action,102.00002,10,19
18,LINK,141,6,app1,1.00001,M.Action,102.00002,10,20
19,LINK,190,85,app1,1.00001,M.Action,102.00002,10,21
20,LINK,349,170,app1,1.00001,M.Action,102.00002,10,22
21,LINK,82,347,app1,1.00001,M.Action,102.00002,10,23
22,LINK,6,114,app1,1.00001,M.Action,102.00002,10,24
23,LINK,57,56,app1,1.00001,M.Action,102.00002,10,25
25,LINK,206,96,app1,1.00001,M.Action,102.00002,10,26
26,LINK,29,140,app1,1.00001,M.Action,102.00002,10,27
27,LINK,82,347,app1,1.00001,M.Action,102.00002,10,28
29,LINK,56,71,app1,1.00001,M.Action,102.00002,10,29
30,LINK,206,96,app1,1.00001,M.Action,102.00002,10,30
32,LINK,248,176,app1,1.00001,M.Action,102.00002,10,31
33,LINK,197,132,app1,1.00001,M.Action,102.00002,10,32
35,LINK,96,336,app1,1.00001,M.Action,102.00002,10,33
36,LINK,89,72,app1,1.00001,M.Action,102.00002,10,34
37,LINK,9,105,app1,1.00001,M.Action,102.00002,10,35
38,LINK,24,168,app1,1.00001,M.Action,102.00002,10,36
40,LINK,81,338,app1,1.00001,M.Action,102.00002,10,37
12,LINK,83,60,app1,1.00001,M.Action,103.00003000000001,10,6
28,LINK,71,103,app1,1.00001,M.Action,103.00003000000001,10,7
31,LINK,287,218,app1,1.00001,M.Action,103.00003000000001,10,8
34,LINK,141,6,app1,1.00001,M.Action,103.00003000000001,10,9
1,LINK,60,218,app1,1.00001,M.Action,103.00003000000001,10,10
2,LINK,61,65,app1,1.00001,M.Action,103.00003000000001,10,11
5,LINK,317,72,app1,1.00001,M.Action,103.00003000000001,10,12
7,LINK,51,72,app1,1.00001,M.Action,103.00003000000001,10,13
8,LINK,103,198,app1,1.00001,M.Action,103.00003000000001,10,14
9,LINK,42,51,app1,1.00001,M.Action,103.00003000000001,10,15
10,LINK,206,96,app1,1.00001,M.Action,103.00003000000001,10,16
13,LINK,103,198,app1,1.00001,M.Action,103.00003000000001,10,17
15,LINK,89,72,app1,1.00001,M.Action,103.00003000000001,10,18
16,LINK,218,0,app1,1.00001,M.Action,103.00003000000001,10,19
17,LINK,270,240,app1,1.00001,M.Action,103.00003000000001,10,20
18,LINK,6,114,app1,1.00001,M.Action,103.00003000000001,10,21
19,LINK,85,89,app1,1.00001,M.Action,103.00003000000001,10,22
20,LINK,170,51,app1,1.00001,M.Action,103.00003000000001,10,23
21,LINK,347,30,app1,1.00001,M.Action,103.00003000000001,10,24
22,LINK,114,308,app1,1.00001,M.Action,103.00003000000001,10,25
23,LINK,56,71,app1,1.00001,M.Action,103.00003000000001,10,26
25,LINK,96,336,app1,1.00001,M.Action,103.00003000000001,10,27
26,LINK,140,172,app1,1.00001,M.Action,103.00003000000001,10,28
32,LINK,176,78,app1,1.00001,M.Action,103.00003000000001,10,29
33,LINK,132,9,app1,1.00001,M.Action,103.00003000000001,10,30
35,LINK,336,4,app1,1.00001,M.Action,103.00003000000001,10,31
37,LINK,105,24,app1,1.00001,M.Action,103.00003000000001,10,32
38,LINK,168,72,app1,1.00001,M.Action,103.00003000000001,10,33
40,LINK,338,9,app1,1.00001,M.Action,103.00003000000001,10,34
39,LINK,83,60,app1,1.00001,M.Action,104.00004000000001,10,4
14,LINK,206,96,app1,1.00001,M.Action,104.00004000000001,10,5
27,LINK,347,30,app1,1.00001,M.Action,104.00004000000001,10,6
29,LINK,71,103,app1,1.00001,M.Action,104.00004000000001,10,7
30,LINK,96,336,app1,1.00001,M.Action,104.00004000000001,10,8
12,LINK,60,218,app1,1.00001,M.Action,104.00004000000001,10,9
28,LINK,103,198,app1,1.00001,M.Action,104.00004000000001,10,10
31,LINK,218,0,app1,1.00001,M.Action,104.00004000000001,10,11
34,LINK,6,114,app1,1.00001,M.Action,104.00004000000001,10,12
1,LINK,218,0,app1,1.00001,M.Action,104.00004000000001,10,13
2,LINK,65,93,app1,1.00001,M.Action,104.00004000000001,10,14
8,LINK,198,72,app1,1.00001,M.Action,104.00004000000001,10,15
9,LINK,51,72,app1,1.00001,M.Action,104.00004000000001,10,16
16,LINK,0,72,app1,1.00001,M.Action,104.00004000000001,10,17
17,LINK,240,171,app1,1.00001,M.Action,104.00004000000001,10,18
18,LINK,114,308,app1,1.00001,M.Action,104.00004000000001,10,19
19,LINK,89,72,app1,1.00001,M.Action,104.00004000000001,10,20
20,LINK,51,72,app1,1.00001,M.Action,104.00004000000001,10,21
21,LINK,30,257,app1,1.00001,M.Action,104.00004000000001,10,22
22,LINK,308,317,app1,1.00001,M.Action,104.00004000000001,10,23
25,LINK,336,4,app1,1.00001,M.Action,104.00004000000001,10,24
26,LINK,172,64,app1,1.00001,M.Action,104.00004000000001,10,25
32,LINK,78,42,app1,1.00001,M.Action,104.00004000000001,10,26
33,LINK,9,105,app1,1.00001,M.Action,104.00004000000001,10,27
35,LINK,4,24,app1,1.00001,M.Action,104.00004000000001,10,28
37,LINK,24,168,app1,1.00001,M.Action,104.00004000000001,10,29
40,LINK,9,105,app1,1.00001,M.Action,104.00004000000001,10,30
11,LINK,83,60,app1,1.00001,M.Action,105.00005000000002,10,5
10,LINK,96,336,app1,1.00001,M.Action,105.00005000000002,10,6
13,LINK,198,72,app1,1.00001,M.Action,105.00005000000002,10,7
23,LINK,71,103,app1,1.00001,M.Action,105.00005000000002,10,8
39,LINK,60,218,app1,1.00001,M.Action,105.00005000000002,10,9
27,LINK,30,257,app1,1.00001,M.Action,105.00005000000002,10,10
29,LINK,103,198,app1,1.00001,M.Action,105.00005000000002,10,11
30,LINK,336,4,app1,1.00001,M.Action,105.00005000000002,10,12
12,LINK,218,0,app1,1.00001,M.Action,105.00005000000002,10,13
31,LINK,0,72,app1,1.00001,M.Action,105.00005000000002,10,14
34,LINK,114,308,app1,1.00001,M.Action,105.00005000000002,10,15
2,LINK,93,317,app1,1.00001,M.Action,105.00005000000002,10,16
17,LINK,171,128,app1,1.00001,M.Action,105.00005000000002,10,17
18,LINK,308,317,app1,1.00001,M.Action,105.00005000000002,10,18
21,LINK,257,44,app1,1.00001,M.Action,105.00005000000002,10,19
22,LINK,317,72,app1,1.00001,M.Action,105.00005000000002,10,20
25,LINK,4,85,app1,1.00001,M.Action,105.00005000000002,10,21
26,LINK,64,61,app1,1.00001,M.Action,105.00005000000002,10,22
32,LINK,42,51,app1,1.00001,M.Action,105.00005000000002,10,23
33,LINK,105,24,app1,1.00001,M.Action,105.00005000000002,10,24
35,LINK,24,168,app1,1.00001,M.Action,105.00005000000002,10,25
37,LINK,168,72,app1,1.00001,M.Action,105.00005000000002,10,26
14,LINK,96,336,app1,1.00001,M.Action,106.00006000000002,10,2
28,LINK,198,72,app1,1.00001,M.Action,106.00006000000002,10,3
1,LINK,0,72,app1,1.00001,M.Action,106.00006000000002,10,4
40,LINK,105,24,app1,1.00001,M.Action,106.00006000000002,10,5
11,LINK,60,218,app1,1.00001,M.Action,106.00006000000002,10,6
10,LINK,336,4,app1,1.00001,M.Action,106.00006000000002,10,7
23,LINK,103,198,app1,1.00001,M.Action,106.00006000000002,10,8
39,LINK,218,0,app1,1.00001,M.Action,106.00006000000002,10,9
27,LINK,257,44,app1,1.00001,M.Action,106.00006000000002,10,10
30,LINK,4,85,app1,1.00001,M.Action,106.00006000000002,10,11
34,LINK,308,317,app1,1.00001,M.Action,106.00006000000002,10,12
2,LINK,317,72,app1,1.00001,M.Action,106.00006000000002,10,13
17,LINK,128,72,app1,1.00001,M.Action,106.00006000000002,10,14
18,LINK,317,72,app1,1.00001,M.Action,106.00006000000002,10,15
21,LINK,44,168,app1,1.00001,M.Action,106.00006000000002,10,16
25,LINK,85,89,app1,1.00001,M.Action,106.00006000000002,10,17
26,LINK,61,65,app1,1.00001,M.Action,106.00006000000002,10,18
32,LINK,51,72,app1,1.00001,M.Action,106.00006000000002,10,19
33,LINK,24,168,app1,1.00001,M.Action,106.00006000000002,10,20
35,LINK,168,72,app1,1.00001,M.Action,106.00006000000002,10,21
29,LINK,198,72,app1,1.00001,M.Action,107.00007000000002,10,3
12,LINK,0,72,app1,1.00001,M.Action,107.00007000000002,10,4
14,LINK,336,4,app1,1.00001,M.Action,107.00007000000002,10,5
40,LINK,24,168,app1,1.00001,M.Action,107.00007000000002,10,6
11,LINK,218,0,app1,1.00001,M.Action,107.00007000000002,10,7
10,LINK,4,85,app1,1.00001,M.Action,107.00007000000002,10,8
27,LINK,44,168,app1,1.00001,M.Action,107.00007000000002,10,9
30,LINK,85,89,app1,1.00001,M.Action,107.00007000000002,10,10
34,LINK,317,72,app1,1.00001,M.Action,107.00007000000002,10,11
21,LINK,168,72,app1,1.00001,M.Action,107.00007000000002,10,12
25,LINK,89,72,app1,1.00001,M.Action,107.00007000000002,10,13
26,LINK,65,93,app1,1.00001,M.Action,107.00007000000002,10,14
33,LINK,168,72,app1,1.00001,M.Action,107.00007000000002,10,15
23,LINK,198,72,app1,1.00001,M.Action,108.00008000000003,10,3
39,LINK,0,72,app1,1.00001,M.Action,108.00008000000003,10,4
14,LINK,4,24,app1,1.00001,M.Action,108.00008000000003,10,5
40,LINK,168,72,app1,1.00001,M.Action,108.00008000000003,10,6
10,LINK,85,89,app1,1.00001,M.Action,108.00008000000003,10,7
27,LINK,168,72,app1,1.00001,M.Action,108.00008000000003,10,8
30,LINK,89,72,app1,1.00001,M.Action,108.00008000000003,10,9
26,LINK,93,317,app1,1.00001,M.Action,108.00008000000003,10,10
11,LINK,0,72,app1,1.00001,M.Action,109.00009000000003,10,2
14,LINK,24,168,app1,1.00001,M.Action,109.00009000000003,10,3
10,LINK,89,72,app1,1.00001,M.Action,109.00009000000003,10,4
26,LINK,317,72,app1,1.00001,M.Action,109.00009000000003,10,5
14,LINK,168,72,app1,1.00001,M.Action,110.00010000000003,10,1
41,LINK,68,2,app1,1.00001,M.Action,200,10,0
42,LINK,291,73,app1,1.00001,M.Action,200,10,1
43,LINK,391,317,app1,1.00001,M.Action,200,10,2
44,LINK,32,42,app1,1.00001,M.Action,200,10,3
45,LINK,130,114,app1,1.00001,M.Action,200,10,4
46,LINK,60,218,app1,1.00001,M.Action,200,10,5
47,LINK,253,78,app1,1.00001,M.Action,200,10,6
48,LINK,389,56,app1,1.00001,M.Action,200,10,7
49,LINK,230,176,app1,1.00001,M.Action,200,10,8
50,LINK,241,91,app1,1.00001,M.Action,200,10,9
51,LINK,333,68,app1,1.00001,M.Action,200,10,10
52,LINK,194,2,app1,1.00001,M.Action,200,10,11
53,LINK,107,138,app1,1.00001,M.Action,200,10,12
54,LINK,48,143,app1,1.00001,M.Action,200,10,13
55,LINK,249,4,app1,1.00001,M.Action,200,10,14
56,LINK,14,28,app1,1.00001,M.Action,200,10,15
57,LINK,199,301,app1,1.00001,M.Action,200,10,16
58,LINK,221,19,app1,1.00001,M.Action,200,10,17
59,LINK,311,49,app1,1.00001,M.Action,200,10,18
60,LINK,390,157,app1,1.00001,M.Action,200,10,19
61,LINK,392,178,app1,1.00001,M.Action,200,10,20
62,LINK,1,8,app1,1.00001,M.Action,200,10,21
63,LINK,356,23,app1,1.00001,M.Action,200,10,22
64,LINK,228,72,app1,1.00001,M.Action,200,10,23
65,LINK,136,104,app1,1.00001,M.Action,200,10,24
66,LINK,369,41,app1,1.00001,M.Action,200,10,25
67,LINK,117,59,app1,1.00001,M.Action,200,10,26
68,LINK,302,56,app1,1.00001,M.Action,200,10,27
69,LINK,52,57,app1,1.00001,M.Action,200,10,28
70,LINK,162,259,app1,1.00001,M.Action,200,10,29
71,LINK,15,28,app1,1.00001,M.Action,200,10,30
72,LINK,11,3,app1,1.00001,M.Action,200,10,31
73,LINK,13,69,app1,1.00001,M.Action,200,10,32
74,LINK,332,19,app1,1.00001,M.Action,200,10,33
75,LINK,277,206,app1,1.00001,M.Action,200,10,34
76,LINK,4,85,app1,1.00001,M.Action,200,10,35
77,LINK,195,296,app1,1.00001,M.Action,200,10,36
78,LINK,351,105,app1,1.00001,M.Action,200,10,37
79,LINK,110,2,app1,1.00001,M.Action,200,10,38
80,LINK,216,62,app1,1.00001,M.Action,200,10,39
41,LINK,2,83,app1,1.00001,M.Action,201.00001,10,0
42,LINK,73,64,app1,1.00001,M.Action,201.00001,10,1
43,LINK,317,72,app1,1.00001,M.Action,201.00001,10,2
44,LINK,42,51,app1,1.00001,M.Action,201.00001,10,3
45,LINK,114,308,app1,1.00001,M.Action,201.00001,10,4
46,LINK,218,0,app1,1.00001,M.Action,201.00001,10,5
47,LINK,78,42,app1,1.00001,M.Action,201.00001,10,6
48,LINK,56,71,app1,1.00001,M.Action,201.00001,10,7
49,LINK,176,78,app1,1.00001,M.Action,201.00001,10,8
50,LINK,91,104,app1,1.00001,M.Action,201.00001,10,9
51,LINK,68,2,app1,1.00001,M.Action,201.00001,10,10
52,LINK,2,83,app1,1.00001,M.Action,201.00001,10,11
53,LINK,138,18,app1,1.00001,M.Action,201.00001,10,12
54,LINK,143,104,app1,1.00001,M.Action,201.00001,10,13
55,LINK,4,85,app1,1.00001,M.Action,201.00001,10,14
56,LINK,28,287,app1,1.00001,M.Action,201.00001,10,15
57,LINK,301,275,app1,1.00001,M.Action,201.00001,10,16
58,LINK,19,141,app1,1.00001,M.Action,201.00001,10,17
59,LINK,49,190,app1,1.00001,M.Action,201.00001,10,18
60,LINK,157,349,app1,1.00001,M.Action,201.00001,10,19
61,LINK,178,82,app1,1.00001,M.Action,201.00001,10,20
62,LINK,8,6,app1,1.00001,M.Action,201.00001,10,21
63,LINK,23,57,app1,1.00001,M.Action,201.00001,10,22
65,LINK,104,206,app1,1.00001,M.Action,201.00001,10,23
66,LINK,41,29,app1,1.00001,M.Action,201.00001,10,24
67,LINK,59,82,app1,1.00001,M.Action,201.00001,10,25
68,LINK,56,71,app1,1.00001,M.Action,201.00001,10,26
69,LINK,57,56,app1,1.00001,M.Action,201.00001,10,27
70,LINK,259,206,app1,1.00001,M.Action,201.00001,10,28
71,LINK,28,287,app1,1.00001,M.Action,201.00001,10,29
72,LINK,3,248,app1,1.00001,M.Action,201.00001,10,30
73,LINK,69,197,app1,1.00001,M.Action,201.00001,10,31
74,LINK,19,141,app1,1.00001,M.Action,201.00001,10,32
75,LINK,206,96,app1,1.00001,M.Action,201.00001,10,33
76,LINK,85,89,app1,1.00001,M.Action,201.00001,10,34
77,LINK,296,9,app1,1.00001,M.Action,201.00001,10,35
78,LINK,105,24,app1,1.00001,M.Action,201.00001,10,36
79,LINK,2,83,app1,1.00001,M.Action,201.00001,10,37
80,LINK,62,81,app1,1.00001,M.Action,201.00001,10,38
41,LINK,83,60,app1,1.00001,M.Action,202.00002,10,5
42,LINK,64,61,app1,1.00001,M.Action,202.00002,10,6
44,LINK,51,72,app1,1.00001,M.Action,202.00002,10,7
45,LINK,308,317,app1,1.00001,M.Action,202.00002,10,8
46,LINK,0,72,app1,1.00001,M.Action,202.00002,10,9
47,LINK,42,51,app1,1.00001,M.Action,202.00002,10,10
48,LINK,71,103,app1,1.00001,M.Action,202.00002,10,11
49,LINK,78,42,app1,1.00001,M.Action,202.00002,10,12
50,LINK,104,206,app1,1.00001,M.Action,202.00002,10,13
51,LINK,2,83,app1,1.00001,M.Action,202.00002,10,14
53,LINK,18,103,app1,1.00001,M.Action,202.00002,10,15
54,LINK,104,206,app1,1.00001,M.Action,202.00002,10,16
55,LINK,85,89,app1,1.00001,M.Action,202.00002,10,17
56,LINK,287,218,app1,1.00001,M.Action,202.00002,10,18
57,LINK,275,270,app1,1.00001,M.Action,202.00002,10,19
58,LINK,141,6,app1,1.00001,M.Action,202.00002,10,20
59,LINK,190,85,app1,1.00001,M.Action,202.00002,10,21
60,LINK,349,170,app1,1.00001,M.Action,202.00002,10,22
61,LINK,82,347,app1,1.00001,M.Action,202.00002,10,23
62,LINK,6,114,app1,1.00001,M.Action,202.00002,10,24
63,LINK,57,56,app1,1.00001,M.Action,202.00002,10,25
65,LINK,206,96,app1,1.00001,M.Action,202.00002,10,26
66,LINK,29,140,app1,1.00001,M.Action,202.00002,10,27
67,LINK,82,347,app1,1.00001,M.Action,202.00002,10,28
69,LINK,56,71,app1,1.00001,M.Action,202.00002,10,29
70,LINK,206,96,app1,1.00001,M.Action,202.00002,10,30
72,LINK,248,176,app1,1.00001,M.Action,202.00002,10,31
73,LINK,197,132,app1,1.00001,M.Action,202.00002,10,32
75,LINK,96,336,app1,1.00001,M.Action,202.00002,10,33
76,LINK,89,72,app1,1.00001,M.Action,202.00002,10,34
77,LINK,9,105,app1,1.00001,M.Action,202.00002,10,35
78,LINK,24,168,app1,1.00001,M.Action,202.00002,10,36
80,LINK,81,338,app1,1.00001,M.Action,202.00002,10,37
52,LINK,83,60,app1,1.00001,M.Action,203.00003,10,6
68,LINK,71,103,app1,1.00001,M.Action,203.00003,10,7
71,LINK,287,218,app1,1.00001,M.Action,203.00003,10,8
74,LINK,141,6,app1,1.00001,M.Action,203.00003,10,9
41,LINK,60,218,app1,1.00001,M.Action,203.00003,10,10
42,LINK,61,65,app1,1.00001,M.Action,203.00003,10,11
45,LINK,317,72,app1,1.00001,M.Action,203.00003,10,12
47,LINK,51,72,app1,1.00001,M.Action,203.00003,10,13
48,LINK,103,198,app1,1.00001,M.Action,203.00003,10,14
49,LINK,42,51,app1,1.00001,M.Action,203.00003,10,15
50,LINK,206,96,app1,1.00001,M.Action,203.00003,10,16
53,LINK,103,198,app1,1.00001,M.Action,203.00003,10,17
55,LINK,89,72,app1,1.00001,M.Action,203.00003,10,18
56,LINK,218,0,app1,1.00001,M.Action,203.00003,10,19
57,LINK,270,240,app1,1.00001,M.Action,203.00003,10,20
58,LINK,6,114,app1,1.00001,M.Action,203.00003,10,21
59,LINK,85,89,app1,1.00001,M.Action,203.00003,10,22
60,LINK,170,51,app1,1.00001,M.Action,203.00003,10,23
61,LINK,347,30,app1,1.00001,M.Action,203.00003,10,24
62,LINK,114,308,app1,1.00001,M.Action,203.00003,10,25
63,LINK,56,71,app1,1.00001,M.Action,203.00003,10,26
65,LINK,96,336,app1,1.00001,M.Action,203.00003,10,27
66,LINK,140,172,app1,1.00001,M.Action,203.00003,10,28
72,LINK,176,78,app1,1.00001,M.Action,203.00003,10,29
73,LINK,132,9,app1,1.00001,M.Action,203.00003,10,30
75,LINK,336,4,app1,1.00001,M.Action,203.00003,10,31
77,LINK,105,24,app1,1.00001,M.Action,203.00003,10,32
78,LINK,168,72,app1,1.00001,M.Action,203.00003,10,33
80,LINK,338,9,app1,1.00001,M.Action,203.00003,10,34
79,LINK,83,60,app1,1.00001,M.Action,204.00004,10,4
54,LINK,206,96,app1,1.00001,M.Action,204.00004,10,5
67,LINK,347,30,app1,1.00001,M.Action,204.00004,10,6
69,LINK,71,103,app1,1.00001,M.Action,204.00004,10,7
70,LINK,96,336,app1,1.00001,M.Action,204.00004,10,8
52,LINK,60,218,app1,1.00001,M.Action,204.00004,10,9
68,LINK,103,198,app1,1.00001,M.Action,204.00004,10,10
71,LINK,218,0,app1,1.00001,M.Action,204.00004,10,11
74,LINK,6,114,app1,1.00001,M.Action,204.00004,10,12
41,LINK,218,0,app1,1.00001,M.Action,204.00004,10,13
42,LINK,65,93,app1,1.00001,M.Action,204.00004,10,14
48,LINK,198,72,app1,1.00001,M.Action,204.00004,10,15
49,LINK,51,72,app1,1.00001,M.Action,204.00004,10,16
56,LINK,0,72,app1,1.00001,M.Action,204.00004,10,17
57,LINK,240,171,app1,1.00001,M.Action,204.00004,10,18
58,LINK,114,308,app1,1.00001,M.Action,204.00004,10,19
59,LINK,89,72,app1,1.00001,M.Action,204.00004,10,20
60,LINK,51,72,app1,1.00001,M.Action,204.00004,10,21
61,LINK,30,257,app1,1.00001,M.Action,204.00004,10,22
62,LINK,308,317,app1,1.00001,M.Action,204.00004,10,23
65,LINK,336,4,app1,1.00001,M.Action,204.00004,10,24
66,LINK,172,64,app1,1.00001,M.Action,204.00004,10,25
72,LINK,78,42,app1,1.00001,M.Action,204.00004,10,26
73,LINK,9,105,app1,1.00001,M.Action,204.00004,10,27
75,LINK,4,24,app1,1.00001,M.Action,204.00004,10,28
77,LINK,24,168,app1,1.00001,M.Action,204.00004,10,29
80,LINK,9,105,app1,1.00001,M.Action,204.00004,10,30
51,LINK,83,60,app1,1.00001,M.Action,205.00005000000002,10,5
50,LINK,96,336,app1,1.00001,M.Action,205.00005000000002,10,6
53,LINK,198,72,app1,1.00001,M.Action,205.00005000000002,10,7
63,LINK,71,103,app1,1.00001,M.Action,205.00005000000002,10,8
79,LINK,60,218,app1,1.00001,M.Action,205.00005000000002,10,9
67,LINK,30,257,app1,1.00001,M.Action,205.00005000000002,10,10
69,LINK,103,198,app1,1.00001,M.Action,205.00005000000002,10,11
70,LINK,336,4,app1,1.00001,M.Action,205.00005000000002,10,12
52,LINK,218,0,app1,1.00001,M.Action,205.00005000000002,10,13
71,LINK,0,72,app1,1.00001,M.Action,205.00005000000002,10,14
74,LINK,114,308,app1,1.00001,M.Action,205.00005000000002,10,15
42,LINK,93,317,app1,1.00001,M.Action,205.00005000000002,10,16
57,LINK,171,128,app1,1.00001,M.Action,205.00005000000002,10,17
58,LINK,308,317,app1,1.00001,M.Action,205.00005000000002,10,18
61,LINK,257,44,app1,1.00001,M.Action,205.00005000000002,10,19
62,LINK,317,72,app1,1.00001,M.Action,205.00005000000002,10,20
65,LINK,4,85,app1,1.00001,M.Action,205.00005000000002,10,21
66,LINK,64,61,app1,1.00001,M.Action,205.00005000000002,10,22
72,LINK,42,51,app1,1.00001,M.Action,205.00005000000002,10,23
73,LINK,105,24,app1,1.00001,M.Action,205.00005000000002,10,24
75,LINK,24,168,app1,1.00001,M.Action,205.00005000000002,10,25
77,LINK,168,72,app1,1.00001,M.Action,205.00005000000002,10,26
54,LINK,96,336,app1,1.00001,M.Action,206.00006000000002,10,2
68,LINK,198,72,app1,1.00001,M.Action,206.00006000000002,10,3
41,LINK,0,72,app1,1.00001,M.Action,206.00006000000002,10,4
80,LINK,105,24,app1,1.00001,M.Action,206.00006000000002,10,5
51,LINK,60,218,app1,1.00001,M.Action,206.00006000000002,10,6
50,LINK,336,4,app1,1.00001,M.Action,206.00006000000002,10,7
63,LINK,103,198,app1,1.00001,M.Action,206.00006000000002,10,8
79,LINK,218,0,app1,1.00001,M.Action,206.00006000000002,10,9
67,LINK,257,44,app1,1.00001,M.Action,206.00006000000002,10,10
70,LINK,4,85,app1,1.00001,M.Action,206.00006000000002,10,11
74,LINK,308,317,app1,1.00001,M.Action,206.00006000000002,10,12
42,LINK,317,72,app1,1.00001,M.Action,206.00006000000002,10,13
57,LINK,128,72,app1,1.00001,M.Action,206.00006000000002,10,14
58,LINK,317,72,app1,1.00001,M.Action,206.00006000000002,10,15
61,LINK,44,168,app1,1.00001,M.Action,206.00006000000002,10,16
65,LINK,85,89,app1,1.00001,M.Action,206.00006000000002,10,17
66,LINK,61,65,app1,1.00001,M.Action,206.00006000000002,10,18
72,LINK,51,72,app1,1.00001,M.Action,206.00006000000002,10,19
73,LINK,24,168,app1,1.00001,M.Action,206.00006000000002,10,20
75,LINK,168,72,app1,1.00001,M.Action,206.00006000000002,10,21
69,LINK,198,72,app1,1.00001,M.Action,207.00007000000002,10,3
52,LINK,0,72,app1,1.00001,M.Action,207.00007000000002,10,4
54,LINK,336,4,app1,1.00001,M.Action,207.00007000000002,10,5
80,LINK,24,168,app1,1.00001,M.Action,207.00007000000002,10,6
51,LINK,218,0,app1,1.00001,M.Action,207.00007000000002,10,7
50,LINK,4,85,app1,1.00001,M.Action,207.00007000000002,10,8
67,LINK,44,168,app1,1.00001,M.Action,207.00007000000002,10,9
70,LINK,85,89,app1,1.00001,M.Action,207.00007000000002,10,10
74,LINK,317,72,app1,1.00001,M.Action,207.00007000000002,10,11
61,LINK,168,72,app1,1.00001,M.Action,207.00007000000002,10,12
65,LINK,89,72,app1,1.00001,M.Action,207.00007000000002,10,13
66,LINK,65,93,app1,1.00001,M.Action,207.00007000000002,10,14
73,LINK,168,72,app1,1.00001,M.Action,207.00007000000002,10,15
63,LINK,198,72,app1,1.00001,M.Action,208.00008000000003,10,3
79,LINK,0,72,app1,1.00001,M.Action,208.00008000000003,10,4
54,LINK,4,24,app1,1.00001,M.Action,208.00008000000003,10,5
80,LINK,168,72,app1,1.00001,M.Action,208.00008000000003,10,6
50,LINK,85,89,app1,1.00001,M.Action,208.00008000000003,10,7
67,LINK,168,72,app1,1.00001,M.Action,208.00008000000003,10,8
70,LINK,89,72,app1,1.00001,M.Action,208.00008000000003,10,9
66,LINK,93,317,app1,1.00001,M.Action,208.00008000000003,10,10
51,LINK,0,72,app1,1.00001,M.Action,209.00009000000003,10,2
54,LINK,24,168,app1,1.00001,M.Action,209.00009000000003,10,3
50,LINK,89,72,app1,1.00001,M.Action,209.00009000000003,10,4
66,LINK,317,72,app1,1.00001,M.Action,209.00009000000003,10,5
54,LINK,168,72,app1,1.00001,M.Action,210.00010000000003,10,1
81,LINK,68,2,app1,1.00001,M.Action,300,10,0
82,LINK,291,73,app1,1.00001,M.Action,300,10,1
83,LINK,391,317,app1,1.00001,M.Action,300,10,2
84,LINK,32,42,app1,1.00001,M.Action,300,10,3
85,LINK,130,114,app1,1.00001,M.Action,300,10,4
86,LINK,60,218,app1,1.00001,M.Action,300,10,5
87,LINK,253,78,app1,1.00001,M.Action,300,10,6
88,LINK,389,56,app1,1.00001,M.Action,300,10,7
89,LINK,230,176,app1,1.00001,M.Action,300,10,8
90,LINK,241,91,app1,1.00001,M.Action,300,10,9
91,LINK,333,68,app1,1.00001,M.Action,300,10,10
92,LINK,194,2,app1,1.00001,M.Action,300,10,11
93,LINK,107,138,app1,1.00001,M.Action,300,10,12
94,LINK,48,143,app1,1.00001,M.Action,300,10,13
95,LINK,249,4,app1,1.00001,M.Action,300,10,14
96,LINK,14,28,app1,1.00001,M.Action,300,10,15
97,LINK,199,301,app1,1.00001,M.Action,300,10,16
98,LINK,221,19,app1,1.00001,M.Action,300,10,17
99,LINK,311,49,app1,1.00001,M.Action,300,10,18
100,LINK,390,157,app1,1.00001,M.Action,300,10,19
101,LINK,392,178,app1,1.00001,M.Action,300,10,20
102,LINK,1,8,app1,1.00001,M.Action,300,10,21
103,LINK,356,23,app1,1.00001,M.Action,300,10,22
104,LINK,228,72,app1,1.00001,M.Action,300,10,23
105,LINK,136,104,app1,1.00001,M.Action,300,10,24
106,LINK,369,41,app1,1.00001,M.Action,300,10,25
107,LINK,117,59,app1,1.00001,M.Action,300,10,26
108,LINK,302,56,app1,1.00001,M.Action,300,10,27
109,LINK,52,57,app1,1.00001,M.Action,300,10,28
110,LINK,162,259,app1,1.00001,M.Action,300,10,29
111,LINK,15,28,app1,1.00001,M.Action,300,10,30
112,LINK,11,3,app1,1.00001,M.Action,300,10,31
113,LINK,13,69,app1,1.00001,M.Action,300,10,32
114,LINK,332,19,app1,1.00001,M.Action,300,10,33
115,LINK,277,206,app1,1.00001,M.Action,300,10,34
116,LINK,4,85,app1,1.00001,M.Action,300,10,35
117,LINK,195,296,app1,1.00001,M.Action,300,10,36
118,LINK,351,105,app1,1.00001,M.Action,300,10,37
119,LINK,110,2,app1,1.00001,M.Action,300,10,38
120,LINK,216,62,app1,1.00001,M.Action,300,10,39
81,LINK,2,83,app1,1.00001,M.Action,301.00001,10,0
82,LINK,73,64,app1,1.00001,M.Action,301.00001,10,1
83,LINK,317,72,app1,1.00001,M.Action,301.00001,10,2
84,LINK,42,51,app1,1.00001,M.Action,301.00001,10,3
85,LINK,114,308,app1,1.00001,M.Action,301.00001,10,4
86,LINK,218,0,app1,1.00001,M.Action,301.00001,10,5
87,LINK,78,42,app1,1.00001,M.Action,301.00001,10,6
88,LINK,56,71,app1,1.00001,M.Action,301.00001,10,7
89,LINK,176,78,app1,1.00001,M.Action,301.00001,10,8
90,LINK,91,104,app1,1.00001,M.Action,301.00001,10,9
91,LINK,68,2,app1,1.00001,M.Action,301.00001,10,10
92,LINK,2,83,app1,1.00001,M.Action,301.00001,10,11
93,LINK,138,18,app1,1.00001,M.Action,301.00001,10,12
94,LINK,143,104,app1,1.00001,M.Action,301.00001,10,13
95,LINK,4,85,app1,1.00001,M.Action,301.00001,10,14
96,LINK,28,287,app1,1.00001,M.Action,301.00001,10,15
97,LINK,301,275,app1,1.00001,M.Action,301.00001,10,16
98,LINK,19,141,app1,1.00001,M.Action,301.00001,10,17
99,LINK,49,190,app1,1.00001,M.Action,301.00001,10,18
100,LINK,157,349,app1,1.00001,M.Action,301.00001,10,19
101,LINK,178,82,app1,1.00001,M.Action,301.00001,10,20
102,LINK,8,6,app1,1.00001,M.Action,301.00001,10,21
103,LINK,23,57,app1,1.00001,M.Action,301.00001,10,22
105,LINK,104,206,app1,1.00001,M.Action,301.00001,10,23
106,LINK,41,29,app1,1.00001,M.Action,301.00001,10,24
107,LINK,59,82,app1,1.00001,M.Action,301.00001,10,25
108,LINK,56,71,app1,1.00001,M.Action,301.00001,10,26
109,LINK,57,56,app1,1.00001,M.Action,301.00001,10,27
110,LINK,259,206,app1,1.00001,M.Action,301.00001,10,28
111,LINK,28,287,app1,1.00001,M.Action,301.00001,10,29
112,LINK,3,248,app1,1.00001,M.Action,301.00001,10,30
113,LINK,69,197,app1,1.00001,M.Action,301.00001,10,31
114,LINK,19,141,app1,1.00001,M.Action,301.00001,10,32
115,LINK,206,96,app1,1.00001,M.Action,301.00001,10,33
116,LINK,85,89,app1,1.00001,M.Action,301.00001,10,34
117,LINK,296,9,app1,1.00001,M.Action,301.00001,10,35
118,LINK,105,24,app1,1.00001,M.Action,301.00001,10,36
119,LINK,2,83,app1,1.00001,M.Action,301.00001,10,37
120,LINK,62,81,app1,1.00001,M.Action,301.00001,10,38
81,LINK,83,60,app1,1.00001,M.Action,302.00001999999995,10,5
82,LINK,64,61,app1,1.00001,M.Action,302.00001999999995,10,6
84,LINK,51,72,app1,1.00001,M.Action,302.00001999999995,10,7
85,LINK,308,317,app1,1.00001,M.Action,302.00001999999995,10,8
86,LINK,0,72,app1,1.00001,M.Action,302.00001999999995,10,9
87,LINK,42,51,app1,1.00001,M.Action,302.00001999999995,10,10
88,LINK,71,103,app1,1.00001,M.Action,302.00001999999995,10,11
89,LINK,78,42,app1,1.00001,M.Action,302.00001999999995,10,12
90,LINK,104,206,app1,1.00001,M.Action,302.00001999999995,10,13
91,LINK,2,83,app1,1.00001,M.Action,302.00001999999995,10,14
93,LINK,18,103,app1,1.00001,M.Action,302.00001999999995,10,15
94,LINK,104,206,app1,1.00001,M.Action,302.00001999999995,10,16
95,LINK,85,89,app1,1.00001,M.Action,302.00001999999995,10,17
96,LINK,287,218,app1,1.00001,M.Action,302.00001999999995,10,18
97,LINK,275,270,app1,1.00001,M.Action,302.00001999999995,10,19
98,LINK,141,6,app1,1.00001,M.Action,302.00001999999995,10,20
99,LINK,190,85,app1,1.00001,M.Action,302.00001999999995,10,21
100,LINK,349,170,app1,1.00001,M.Action,302.00001999999995,10,22
101,LINK,82,347,app1,1.00001,M.Action,302.00001999999995,10,23
102,LINK,6,114,app1,1.00001,M.Action,302.00001999999995,10,24
103,LINK,57,56,app1,1.00001,M.Action,302.00001999999995,10,25
105,LINK,206,96,app1,1.00001,M.Action,302.00001999999995,10,26
106,LINK,29,140,app1,1.00001,M.Action,302.00001999999995,10,27
107,LINK,82,347,app1,1.00001,M.Action,302.00001999999995,10,28
109,LINK,56,71,app1,1.00001,M.Action,302.00001999999995,10,29
110,LINK,206,96,app1,1.00001,M.Action,302.00001999999995,10,30
112,LINK,248,176,app1,1.00001,M.Action,302.00001999999995,10,31
113,LINK,197,132,app1,1.00001,M.Action,302.00001999999995,10,32
115,LINK,96,336,app1,1.00001,M.Action,302.00001999999995,10,33
116,LINK,89,72,app1,1.00001,M.Action,302.00001999999995,10,34
117,LINK,9,105,app1,1.00001,M.Action,302.00001999999995,10,35
118,LINK,24,168,app1,1.00001,M.Action,302.00001999999995,10,36
120,LINK,81,338,app1,1.00001,M.Action,302.00001999999995,10,37
92,LINK,83,60,app1,1.00001,M.Action,303.0000299999999,10,6
108,LINK,71,103,app1,1.00001,M.Action,303.0000299999999,10,7
111,LINK,287,218,app1,1.00001,M.Action,303.0000299999999,10,8
114,LINK,141,6,app1,1.00001,M.Action,303.0000299999999,10,9
81,LINK,60,218,app1,1.00001,M.Action,303.0000299999999,10,10
82,LINK,61,65,app1,1.00001,M.Action,303.0000299999999,10,11
85,LINK,317,72,app1,1.00001,M.Action,303.0000299999999,10,12
87,LINK,51,72,app1,1.00001,M.Action,303.0000299999999,10,13
88,LINK,103,198,app1,1.00001,M.Action,303.0000299999999,10,14
89,LINK,42,51,app1,1.00001,M.Action,303.0000299999999,10,15
90,LINK,206,96,app1,1.00001,M.Action,303.0000299999999,10,16
93,LINK,103,198,app1,1.00001,M.Action,303.0000299999999,10,17
95,LINK,89,72,app1,1.00001,M.Action,303.0000299999999,10,18
96,LINK,218,0,app1,1.00001,M.Action,303.0000299999999,10,19
97,LINK,270,240,app1,1.00001,M.Action,303.0000299999999,10,20
98,LINK,6,114,app1,1.00001,M.Action,303.0000299999999,10,21
99,LINK,85,89,app1,1.00001,M.Action,303.0000299999999,10,22
100,LINK,170,51,app1,1.00001,M.Action,303.0000299999999,10,23
101,LINK,347,30,app1,1.00001,M.Action,303.0000299999999,10,24
102,LINK,114,308,app1,1.00001,M.Action,303.0000299999999,10,25
103,LINK,56,71,app1,1.00001,M.Action,303.0000299999999,10,26
105,LINK,96,336,app1,1.00001,M.Action,303.0000299999999,10,27
106,LINK,140,172,app1,1.00001,M.Action,303.0000299999999,10,28
112,LINK,176,78,app1,1.00001,M.Action,303.0000299999999,10,29
113,LINK,132,9,app1,1.00001,M.Action,303.0000299999999,10,30
115,LINK,336,4,app1,1.00001,M.Action,303.0000299999999,10,31
117,LINK,105,24,app1,1.00001,M.Action,303.0000299999999,10,32
118,LINK,168,72,app1,1.00001,M.Action,303.0000299999999,10,33
120,LINK,338,9,app1,1.00001,M.Action,303.0000299999999,10,34
119,LINK,83,60,app1,1.00001,M.Action,304.0000399999999,10,4
94,LINK,206,96,app1,1.00001,M.Action,304.0000399999999,10,5
107,LINK,347,30,app1,1.00001,M.Action,304.0000399999999,10,6
109,LINK,71,103,app1,1.00001,M.Action,304.0000399999999,10,7
110,LINK,96,336,app1,1.00001,M.Action,304.0000399999999,10,8
92,LINK,60,218,app1,1.00001,M.Action,304.0000399999999,10,9
108,LINK,103,198,app1,1.00001,M.Action,304.0000399999999,10,10
111,LINK,218,0,app1,1.00001,M.Action,304.0000399999999,10,11
114,LINK,6,114,app1,1.00001,M.Action,304.0000399999999,10,12
81,LINK,218,0,app1,1.00001,M.Action,304.0000399999999,10,13
82,LINK,65,93,app1,1.00001,M.Action,304.0000399999999,10,14
88,LINK,198,72,app1,1.00001,M.Action,304.0000399999999,10,15
89,LINK,51,72,app1,1.00001,M.Action,304.0000399999999,10,16
96,LINK,0,72,app1,1.00001,M.Action,304.0000399999999,10,17
97,LINK,240,171,app1,1.00001,M.Action,304.0000399999999,10,18
98,LINK,114,308,app1,1.00001,M.Action,304.0000399999999,10,19
99,LINK,89,72,app1,1.00001,M.Action,304.0000399999999,10,20
100,LINK,51,72,app1,1.00001,M.Action,304.0000399999999,10,21
101,LINK,30,257,app1,1.00001,M.Action,304.0000399999999,10,22
102,LINK,308,317,app1,1.00001,M.Action,304.0000399999999,10,23
105,LINK,336,4,app1,1.00001,M.Action,304.0000399999999,10,24
106,LINK,172,64,app1,1.00001,M.Action,304.0000399999999,10,25
112,LINK,78,42,app1,1.00001,M.Action,304.0000399999999,10,26
113,LINK,9,105,app1,1.00001,M.Action,304.0000399999999,10,27
115,LINK,4,24,app1,1.00001,M.Action,304.0000399999999,10,28
117,LINK,24,168,app1,1.00001,M.Action,304.0000399999999,10,29
120,LINK,9,105,app1,1.00001,M.Action,304.0000399999999,10,30
91,LINK,83,60,app1,1.00001,M.Action,305.0000499999999,10,5
90,LINK,96,336,app1,1.00001,M.Action,305.0000499999999,10,6
93,LINK,198,72,app1,1.00001,M.Action,305.0000499999999,10,7
103,LINK,71,103,app1,1.00001,M.Action,305.0000499999999,10,8
119,LINK,60,218,app1,1.00001,M.Action,305.0000499999999,10,9
107,LINK,30,257,app1,1.00001,M.Action,305.0000499999999,10,10
109,LINK,103,198,app1,1.00001,M.Action,305.0000499999999,10,11
110,LINK,336,4,app1,1.00001,M.Action,305.0000499999999,10,12
92,LINK,218,0,app1,1.00001,M.Action,305.0000499999999,10,13
111,LINK,0,72,app1,1.00001,M.Action,305.0000499999999,10,14
114,LINK,114,308,app1,1.00001,M.Action,305.0000499999999,10,15
82,LINK,93,317,app1,1.00001,M.Action,305.0000499999999,10,16
97,LINK,171,128,app1,1.00001,M.Action,305.0000499999999,10,17
98,LINK,308,317,app1,1.00001,M.Action,305.0000499999999,10,18
101,LINK,257,44,app1,1.00001,M.Action,305.0000499999999,10,19
102,LINK,317,72,app1,1.00001,M.Action,305.0000499999999,10,20
105,LINK,4,85,app1,1.00001,M.Action,305.0000499999999,10,21
106,LINK,64,61,app1,1.00001,M.Action,305.0000499999999,10,22
112,LINK,42,51,app1,1.00001,M.Action,305.0000499999999,10,23
113,LINK,105,24,app1,1.00001,M.Action,305.0000499999999,10,24
115,LINK,24,168,app1,1.00001,M.Action,305.0000499999999,10,25
117,LINK,168,72,app1,1.00001,M.Action,305.0000499999999,10,26
94,LINK,96,336,app1,1.00001,M.Action,306.00005999999985,10,2
108,LINK,198,72,app1,1.00001,M.Action,306.00005999999985,10,3
81,LINK,0,72,app1,1.00001,M.Action,306.00005999999985,10,4
120,LINK,105,24,app1,1.00001,M.Action,306.00005999999985,10,5
91,LINK,60,218,app1,1.00001,M.Action,306.00005999999985,10,6
90,LINK,336,4,app1,1.00001,M.Action,306.00005999999985,10,7
103,LINK,103,198,app1,1.00001,M.Action,306.00005999999985,10,8
119,LINK,218,0,app1,1.00001,M.Action,306.00005999999985,10,9
107,LINK,257,44,app1,1.00001,M.Action,306.00005999999985,10,10
110,LINK,4,85,app1,1.00001,M.Action,306.00005999999985,10,11
114,LINK,308,317,app1,1.00001,M.Action,306.00005999999985,10,12
82,LINK,317,72,app1,1.00001,M.Action,306.00005999999985,10,13
97,LINK,128,72,app1,1.00001,M.Action,306.00005999999985,10,14
98,LINK,317,72,app1,1.00001,M.Action,306.00005999999985,10,15
101,LINK,44,168,app1,1.00001,M.Action,306.00005999999985,10,16
105,LINK,85,89,app1,1.00001,M.Action,306.00005999999985,10,17
106,LINK,61,65,app1,1.00001,M.Action,306.00005999999985,10,18
112,LINK,51,72,app1,1.00001,M.Action,306.00005999999985,10,19
113,LINK,24,168,app1,1.00001,M.Action,306.00005999999985,10,20
115,LINK,168,72,app1,1.00001,M.Action,306.00005999999985,10,21
109,LINK,198,72,app1,1.00001,M.Action,307.0000699999998,10,3
92,LINK,0,72,app1,1.00001,M.Action,307.0000699999998,10,4
94,LINK,336,4,app1,1.00001,M.Action,307.0000699999998,10,5
120,LINK,24,168,app1,1.00001,M.Action,307.0000699999998,10,6
91,LINK,218,0,app1,1.00001,M.Action,307.0000699999998,10,7
90,LINK,4,85,app1,1.00001,M.Action,307.0000699999998,10,8
107,LINK,44,168,app1,1.00001,M.Action,307.0000699999998,10,9
110,LINK,85,89,app1,1.00001,M.Action,307.0000699999998,10,10
114,LINK,317,72,app1,1.00001,M.Action,307.0000699999998,10,11
101,LINK,168,72,app1,1.00001,M.Action,307.0000699999998,10,12
105,LINK,89,72,app1,1.00001,M.Action,307.0000699999998,10,13
106,LINK,65,93,app1,1.00001,M.Action,307.0000699999998,10,14
113,LINK,168,72,app1,1.00001,M.Action,307.0000699999998,10,15
103,LINK,198,72,app1,1.00001,M.Action,308.0000799999998,10,3
119,LINK,0,72,app1,1.00001,M.Action,308.0000799999998,10,4
94,LINK,4,24,app1,1.00001,M.Action,308.0000799999998,10,5
120,LINK,168,72,app1,1.00001,M.Action,308.0000799999998,10,6
90,LINK,85,89,app1,1.00001,M.Action,308.0000799999998,10,7
107,LINK,168,72,app1,1.00001,M.Action,308.0000799999998,10,8
110,LINK,89,72,app1,1.00001,M.Action,308.0000799999998,10,9
106,LINK,93,317,app1,1.00001,M.Action,308.0000799999998,10,10
91,LINK,0,72,app1,1.00001,M.Action,309.0000899999998,10,2
94,LINK,24,168,app1,1.00001,M.Action,309.0000899999998,10,3
90,LINK,89,72,app1,1.00001,M.Action,309.0000899999998,10,4
106,LINK,317,72,app1,1.00001,M.Action,309.0000899999998,10,5
94,LINK,168,72,app1,1.00001,M.Action,310.00009999999975,10,1
121,LINK,68,2,app1,1.00001,M.Action,400,10,0
122,LINK,291,73,app1,1.00001,M.Action,400,10,1
123,LINK,391,317,app1,1.00001,M.Action,400,10,2
124,LINK,32,42,app1,1.00001,M.Action,400,10,3
125,LINK,130,114,app1,1.00001,M.Action,400,10,4
126,LINK,60,218,app1,1.00001,M.Action,400,10,5
127,LINK,253,78,app1,1.00001,M.Action,400,10,6
128,LINK,389,56,app1,1.00001,M.Action,400,10,7
129,LINK,230,176,app1,1.00001,M.Action,400,10,8
130,LINK,241,91,app1,1.00001,M.Action,400,10,9
131,LINK,333,68,app1,1.00001,M.Action,400,10,10
132,LINK,194,2,app1,1.00001,M.Action,400,10,11
133,LINK,107,138,app1,1.00001,M.Action,400,10,12
134,LINK,48,143,app1,1.00001,M.Action,400,10,13
135,LINK,249,4,app1,1.00001,M.Action,400,10,14
136,LINK,14,28,app1,1.00001,M.Action,400,10,15
137,LINK,199,301,app1,1.00001,M.Action,400,10,16
138,LINK,221,19,app1,1.00001,M.Action,400,10,17
139,LINK,311,49,app1,1.00001,M.Action,400,10,18
140,LINK,390,157,app1,1.00001,M.Action,400,10,19
141,LINK,392,178,app1,1.00001,M.Action,400,10,20
142,LINK,1,8,app1,1.00001,M.Action,400,10,21
143,LINK,356,23,app1,1.00001,M.Action,400,10,22
144,LINK,228,72,app1,1.00001,M.Action,400,10,23
145,LINK,136,104,app1,1.00001,M.Action,400,10,24
146,LINK,369,41,app1,1.00001,M.Action,400,10,25
147,LINK,117,59,app1,1.00001,M.Action,400,10,26
148,LINK,302,56,app1,1.00001,M.Action,400,10,27
149,LINK,52,57,app1,1.00001,M.Action,400,10,28
150,LINK,162,259,app1,1.00001,M.Action,400,10,29
151,LINK,15,28,app1,1.00001,M.Action,400,10,30
152,LINK,11,3,app1,1.00001,M.Action,400,10,31
153,LINK,13,69,app1,1.00001,M.Action,400,10,32
154,LINK,332,19,app1,1.00001,M.Action,400,10,33
155,LINK,277,206,app1,1.00001,M.Action,400,10,34
156,LINK,4,85,app1,1.00001,M.Action,400,10,35
157,LINK,195,296,app1,1.00001,M.Action,400,10,36
158,LINK,351,105,app1,1.00001,M.Action,400,10,37
159,LINK,110,2,app1,1.00001,M.Action,400,10,38
160,LINK,216,62,app1,1.00001,M.Action,400,10,39
121,LINK,2,83,app1,1.00001,M.Action,401.00001,10,0
122,LINK,73,64,app1,1.00001,M.Action,401.00001,10,1
123,LINK,317,72,app1,1.00001,M.Action,401.00001,10,2
124,LINK,42,51,app1,1.00001,M.Action,401.00001,10,3
125,LINK,114,308,app1,1.00001,M.Action,401.00001,10,4
126,LINK,218,0,app1,1.00001,M.Action,401.00001,10,5
127,LINK,78,42,app1,1.00001,M.Action,401.00001,10,6
128,LINK,56,71,app1,1.00001,M.Action,401.00001,10,7
129,LINK,176,78,app1,1.00001,M.Action,401.00001,10,8
130,LINK,91,104,app1,1.00001,M.Action,401.00001,10,9
131,LINK,68,2,app1,1.00001,M.Action,401.00001,10,10
132,LINK,2,83,app1,1.00001,M.Action,401.00001,10,11
133,LINK,138,18,app1,1.00001,M.Action,401.00001,10,12
134,LINK,143,104,app1,1.00001,M.Action,401.00001,10,13
135,LINK,4,85,app1,1.00001,M.Action,401.00001,10,14
136,LINK,28,287,app1,1.00001,M.Action,401.00001,10,15
137,LINK,301,275,app1,1.00001,M.Action,401.00001,10,16
138,LINK,19,141,app1,1.00001,M.Action,401.00001,10,17
139,LINK,49,190,app1,1.00001,M.Action,401.00001,10,18
140,LINK,157,349,app1,1.00001,M.Action,401.00001,10,19
141,LINK,178,82,app1,1.00001,M.Action,401.00001,10,20
142,LINK,8,6,app1,1.00001,M.Action,401.00001,10,21
143,LINK,23,57,app1,1.00001,M.Action,401.00001,10,22
145,LINK,104,206,app1,1.00001,M.Action,401.00001,10,23
146,LINK,41,29,app1,1.00001,M.Action,401.00001,10,24
147,LINK,59,82,app1,1.00001,M.Action,401.00001,10,25
148,LINK,56,71,app1,1.00001,M.Action,401.00001,10,26
149,LINK,57,56,app1,1.00001,M.Action,401.00001,10,27
150,LINK,259,206,app1,1.00001,M.Action,401.00001,10,28
151,LINK,28,287,app1,1.00001,M.Action,401.00001,10,29
152,LINK,3,248,app1,1.00001,M.Action,401.00001,10,30
153,LINK,69,197,app1,1.00001,M.Action,401.00001,10,31
154,LINK,19,141,app1,1.00001,M.Action,401.00001,10,32
155,LINK,206,96,app1,1.00001,M.Action,401.00001,10,33
156,LINK,85,89,app1,1.00001,M.Action,401.00001,10,34
157,LINK,296,9,app1,1.00001,M.Action,401.00001,10,35
158,LINK,105,24,app1,1.00001,M.Action,401.00001,10,36
159,LINK,2,83,app1,1.00001,M.Action,401.00001,10,37
160,LINK,62,81,app1,1.00001,M.Action,401.00001,10,38
121,LINK,83,60,app1,1.00001,M.Action,402.00001999999995,10,5
122,LINK,64,61,app1,1.00001,M.Action,402.00001999999995,10,6
124,LINK,51,72,app1,1.00001,M.Action,402.00001999999995,10,7
125,LINK,308,317,app1,1.00001,M.Action,402.00001999999995,10,8
126,LINK,0,72,app1,1.00001,M.Action,402.00001999999995,10,9
127,LINK,42,51,app1,1.00001,M.Action,402.00001999999995,10,10
128,LINK,71,103,app1,1.00001,M.Action,402.00001999999995,10,11
129,LINK,78,42,app1,1.00001,M.Action,402.00001999999995,10,12
130,LINK,104,206,app1,1.00001,M.Action,402.00001999999995,10,13
131,LINK,2,83,app1,1.00001,M.Action,402.00001999999995,10,14
133,LINK,18,103,app1,1.00001,M.Action,402.00001999999995,10,15
134,LINK,104,206,app1,1.00001,M.Action,402.00001999999995,10,16
135,LINK,85,89,app1,1.00001,M.Action,402.00001999999995,10,17
136,LINK,287,218,app1,1.00001,M.Action,402.00001999999995,10,18
137,LINK,275,270,app1,1.00001,M.Action,402.00001999999995,10,19
138,LINK,141,6,app1,1.00001,M.Action,402.00001999999995,10,20
139,LINK,190,85,app1,1.00001,M.Action,402.00001999999995,10,21
140,LINK,349,170,app1,1.00001,M.Action,402.00001999999995,10,22
141,LINK,82,347,app1,1.00001,M.Action,402.00001999999995,10,23
142,LINK,6,114,app1,1.00001,M.Action,402.00001999999995,10,24
143,LINK,57,56,app1,1.00001,M.Action,402.00001999999995,10,25
145,LINK,206,96,app1,1.00001,M.Action,402.00001999999995,10,26
146,LINK,29,140,app1,1.00001,M.Action,402.00001999999995,10,27
147,LINK,82,347,app1,1.00001,M.Action,402.00001999999995,10,28
149,LINK,56,71,app1,1.00001,M.Action,402.00001999999995,10,29
150,LINK,206,96,app1,1.00001,M.Action,402.00001999999995,10,30
152,LINK,248,176,app1,1.00001,M.Action,402.00001999999995,10,31
153,LINK,197,132,app1,1.00001,M.Action,402.00001999999995,10,32
155,LINK,96,336,app1,1.00001,M.Action,402.00001999999995,10,33
156,LINK,89,72,app1,1.00001,M.Action,402.00001999999995,10,34
157,LINK,9,105,app1,1.00001,M.Action,402.00001999999995,10,35
158,LINK,24,168,app1,1.00001,M.Action,402.00001999999995,10,36
160,LINK,81,338,app1,1.00001,M.Action,402.00001999999995,10,37
132,LINK,83,60,app1,1.00001,M.Action,403.0000299999999,10,6
148,LINK,71,103,app1,1.00001,M.Action,403.0000299999999,10,7
151,LINK,287,218,app1,1.00001,M.Action,403.0000299999999,10,8
154,LINK,141,6,app1,1.00001,M.Action,403.0000299999999,10,9
121,LINK,60,218,app1,1.00001,M.Action,403.0000299999999,10,10
122,LINK,61,65,app1,1.00001,M.Action,403.0000299999999,10,11
125,LINK,317,72,app1,1.00001,M.Action,403.0000299999999,10,12
127,LINK,51,72,app1,1.00001,M.Action,403.0000299999999,10,13
128,LINK,103,198,app1,1.00001,M.Action,403.0000299999999,10,14
129,LINK,42,51,app1,1.00001,M.Action,403.0000299999999,10,15
130,LINK,206,96,app1,1.00001,M.Action,403.0000299999999,10,16
133,LINK,103,198,app1,1.00001,M.Action,403.0000299999999,10,17
135,LINK,89,72,app1,1.00001,M.Action,403.0000299999999,10,18
136,LINK,218,0,app1,1.00001,M.Action,403.0000299999999,10,19
137,LINK,270,240,app1,1.00001,M.Action,403.0000299999999,10,20
138,LINK,6,114,app1,1.00001,M.Action,403.0000299999999,10,21
139,LINK,85,89,app1,1.00001,M.Action,403.0000299999999,10,22
140,LINK,170,51,app1,1.00001,M.Action,403.0000299999999,10,23
141,LINK,347,30,app1,1.00001,M.Action,403.0000299999999,10,24
142,LINK,114,308,app1,1.00001,M.Action,403.0000299999999,10,25
143,LINK,56,71,app1,1.00001,M.Action,403.0000299999999,10,26
145,LINK,96,336,app1,1.00001,M.Action,403.0000299999999,10,27
146,LINK,140,172,app1,1.00001,M.Action,403.0000299999999,10,28
152,LINK,176,78,app1,1.00001,M.Action,403.0000299999999,10,29
153,LINK,132,9,app1,1.00001,M.Action,403.0000299999999,10,30
155,LINK,336,4,app1,1.00001,M.Action,403.0000299999999,10,31
157,LINK,105,24,app1,1.00001,M.Action,403.0000299999999,10,32
158,LINK,168,72,app1,1.00001,M.Action,403.0000299999999,10,33
160,LINK,338,9,app1,1.00001,M.Action,403.0000299999999,10,34
159,LINK,83,60,app1,1.00001,M.Action,404.0000399999999,10,4
134,LINK,206,96,app1,1.00001,M.Action,404.0000399999999,10,5
147,LINK,347,30,app1,1.00001,M.Action,404.0000399999999,10,6
149,LINK,71,103,app1,1.00001,M.Action,404.0000399999999,10,7
150,LINK,96,336,app1,1.00001,M.Action,404.0000399999999,10,8
132,LINK,60,218,app1,1.00001,M.Action,404.0000399999999,10,9
148,LINK,103,198,app1,1.00001,M.Action,404.0000399999999,10,10
151,LINK,218,0,app1,1.00001,M.Action,404.0000399999999,10,11
154,LINK,6,114,app1,1.00001,M.Action,404.0000399999999,10,12
121,LINK,218,0,app1,1.00001,M.Action,404.0000399999999,10,13
122,LINK,65,93,app1,1.00001,M.Action,404.0000399999999,10,14
128,LINK,198,72,app1,1.00001,M.Action,404.0000399999999,10,15
129,LINK,51,72,app1,1.00001,M.Action,404.0000399999999,10,16
136,LINK,0,72,app1,1.00001,M.Action,404.0000399999999,10,17
137,LINK,240,171,app1,1.00001,M.Action,404.0000399999999,10,18
138,LINK,114,308,app1,1.00001,M.Action,404.0000399999999,10,19
139,LINK,89,72,app1,1.00001,M.Action,404.0000399999999,10,20
140,LINK,51,72,app1,1.00001,M.Action,404.0000399999999,10,21
141,LINK,30,257,app1,1.00001,M.Action,404.0000399999999,10,22
142,LINK,308,317,app1,1.00001,M.Action,404.0000399999999,10,23
145,LINK,336,4,app1,1.00001,M.Action,404.0000399999999,10,24
146,LINK,172,64,app1,1.00001,M.Action,404.0000399999999,10,25
152,LINK,78,42,app1,1.00001,M.Action,404.0000399999999,10,26
153,LINK,9,105,app1,1.00001,M.Action,404.0000399999999,10,27
155,LINK,4,24,app1,1.00001,M.Action,404.0000399999999,10,28
157,LINK,24,168,app1,1.00001,M.Action,404.0000399999999,10,29
160,LINK,9,105,app1,1.00001,M.Action,404.0000399999999,10,30
131,LINK,83,60,app1,1.00001,M.Action,405.0000499999999,10,5
130,LINK,96,336,app1,1.00001,M.Action,405.0000499999999,10,6
133,LINK,198,72,app1,1.00001,M.Action,405.0000499999999,10,7
143,LINK,71,103,app1,1.00001,M.Action,405.0000499999999,10,8
159,LINK,60,218,app1,1.00001,M.Action,405.0000499999999,10,9
147,LINK,30,257,app1,1.00001,M.Action,405.0000499999999,10,10
149,LINK,103,198,app1,1.00001,M.Action,405.0000499999999,10,11
150,LINK,336,4,app1,1.00001,M.Action,405.0000499999999,10,12
132,LINK,218,0,app1,1.00001,M.Action,405.0000499999999,10,13
151,LINK,0,72,app1,1.00001,M.Action,405.0000499999999,10,14
154,LINK,114,308,app1,1.00001,M.Action,405.0000499999999,10,15
122,LINK,93,317,app1,1.00001,M.Action,405.0000499999999,10,16
137,LINK,171,128,app1,1.00001,M.Action,405.0000499999999,10,17
138,LINK,308,317,app1,1.00001,M.Action,405.0000499999999,10,18
141,LINK,257,44,app1,1.00001,M.Action,405.0000499999999,10,19
142,LINK,317,72,app1,1.00001,M.Action,405.0000499999999,10,20
145,LINK,4,85,app1,1.00001,M.Action,405.0000499999999,10,21
146,LINK,64,61,app1,1.00001,M.Action,405.0000499999999,10,22
152,LINK,42,51,app1,1.00001,M.Action,405.0000499999999,10,23
153,LINK,105,24,app1,1.00001,M.Action,405.0000499999999,10,24
155,LINK,24,168,app1,1.00001,M.Action,405.0000499999999,10,25
157,LINK,168,72,app1,1.00001,M.Action,405.0000499999999,10,26
134,LINK,96,336,app1,1.00001,M.Action,406.00005999999985,10,2
148,LINK,198,72,app1,1.00001,M.Action,406.00005999999985,10,3
121,LINK,0,72,app1,1.00001,M.Action,406.00005999999985,10,4
160,LINK,105,24,app1,1.00001,M.Action,406.00005999999985,10,5
131,LINK,60,218,app1,1.00001,M.Action,406.00005999999985,10,6
130,LINK,336,4,app1,1.00001,M.Action,406.00005999999985,10,7
143,LINK,103,198,app1,1.00001,M.Action,406.00005999999985,10,8
159,LINK,218,0,app1,1.00001,M.Action,406.00005999999985,10,9
147,LINK,257,44,app1,1.00001,M.Action,406.00005999999985,10,10
150,LINK,4,85,app1,1.00001,M.Action,406.00005999999985,10,11
154,LINK,308,317,app1,1.00001,M.Action,406.00005999999985,10,12
122,LINK,317,72,app1,1.00001,M.Action,406.00005999999985,10,13
137,LINK,128,72,app1,1.00001,M.Action,406.00005999999985,10,14
138,LINK,317,72,app1,1.00001,M.Action,406.00005999999985,10,15
141,LINK,44,168,app1,1.00001,M.Action,406.00005999999985,10,16
145,LINK,85,89,app1,1.00001,M.Action,406.00005999999985,10,17
146,LINK,61,65,app1,1.00001,M.Action,406.00005999999985,10,18
152,LINK,51,72,app1,1.00001,M.Action,406.00005999999985,10,19
153,LINK,24,168,app1,1.00001,M.Action,406.00005999999985,10,20
155,LINK,168,72,app1,1.00001,M.Action,406.00005999999985,10,21
149,LINK,198,72,app1,1.00001,M.Action,407.0000699999998,10,3
132,LINK,0,72,app1,1.00001,M.Action,407.0000699999998,10,4
134,LINK,336,4,app1,1.00001,M.Action,407.0000699999998,10,5
160,LINK,24,168,app1,1.00001,M.Action,407.0000699999998,10,6
131,LINK,218,0,app1,1.00001,M.Action,407.0000699999998,10,7
130,LINK,4,85,app1,1.00001,M.Action,407.0000699999998,10,8
147,LINK,44,168,app1,1.00001,M.Action,407.0000699999998,10,9
150,LINK,85,89,app1,1.00001,M.Action,407.0000699999998,10,10
154,LINK,317,72,app1,1.00001,M.Action,407.0000699999998,10,11
141,LINK,168,72,app1,1.00001,M.Action,407.0000699999998,10,12
145,LINK,89,72,app1,1.00001,M.Action,407.0000699999998,10,13
146,LINK,65,93,app1,1.00001,M.Action,407.0000699999998,10,14
153,LINK,168,72,app1,1.00001,M.Action,407.0000699999998,10,15
143,LINK,198,72,app1,1.00001,M.Action,408.0000799999998,10,3
159,LINK,0,72,app1,1.00001,M.Action,408.0000799999998,10,4
134,LINK,4,24,app1,1.00001,M.Action,408.0000799999998,10,5
160,LINK,168,72,app1,1.00001,M.Action,408.0000799999998,10,6
130,LINK,85,89,app1,1.00001,M.Action,408.0000799999998,10,7
147,LINK,168,72,app1,1.00001,M.Action,408.0000799999998,10,8
150,LINK,89,72,app1,1.00001,M.Action,408.0000799999998,10,9
146,LINK,93,317,app1,1.00001,M.Action,408.0000799999998,10,10
131,LINK,0,72,app1,1.00001,M.Action,409.0000899999998,10,2
134,LINK,24,168,app1,1.00001,M.Action,409.0000899999998,10,3
130,LINK,89,72,app1,1.00001,M.Action,409.0000899999998,10,4
146,LINK,317,72,app1,1.00001,M.Action,409.0000899999998,10,5
134,LINK,168,72,app1,1.00001,M.Action,410.00009999999975,10,1
161,LINK,2,83,app1,1.00001,M.Action,500,10,0
162,LINK,73,64,app1,1.00001,M.Action,500,10,1
163,LINK,317,72,app1,1.00001,M.Action,500,10,2
164,LINK,42,51,app1,1.00001,M.Action,500,10,3
165,LINK,114,308,app1,1.00001,M.Action,500,10,4
166,LINK,218,0,app1,1.00001,M.Action,500,10,5
167,LINK,78,42,app1,1.00001,M.Action,500,10,6
168,LINK,56,71,app1,1.00001,M.Action,500,10,7
169,LINK,176,78,app1,1.00001,M.Action,500,10,8
170,LINK,91,104,app1,1.00001,M.Action,500,10,9
171,LINK,68,2,app1,1.00001,M.Action,500,10,10
172,LINK,2,83,app1,1.00001,M.Action,500,10,11
173,LINK,138,18,app1,1.00001,M.Action,500,10,12
174,LINK,143,104,app1,1.00001,M.Action,500,10,13
175,LINK,4,85,app1,1.00001,M.Action,500,10,14
176,LINK,28,287,app1,1.00001,M.Action,500,10,15
177,LINK,301,275,app1,1.00001,M.Action,500,10,16
178,LINK,19,141,app1,1.00001,M.Action,500,10,17
179,LINK,49,190,app1,1.00001,M.Action,500,10,18
180,LINK,157,349,app1,1.00001,M.Action,500,10,19
181,LINK,178,82,app1,1.00001,M.Action,500,10,20
182,LINK,8,6,app1,1.00001,M.Action,500,10,21
183,LINK,23,57,app1,1.00001,M.Action,500,10,22
184,LINK,228,72,app1,1.00001,M.Action,500,10,23
185,LINK,104,206,app1,1.00001,M.Action,500,10,24
186,LINK,41,29,app1,1.00001,M.Action,500,10,25
187,LINK,59,197,app1,1.00001,M.Action,500,10,26
188,LINK,56,71,app1,1.00001,M.Action,500,10,27
189,LINK,57,56,app1,1.00001,M.Action,500,10,28
190,LINK,259,206,app1,1.00001,M.Action,500,10,29
191,LINK,28,287,app1,1.00001,M.Action,500,10,30
192,LINK,3,248,app1,1.00001,M.Action,500,10,31
193,LINK,69,82,app1,1.00001,M.Action,500,10,32
194,LINK,19,141,app1,1.00001,M.Action,500,10,33
195,LINK,206,96,app1,1.00001,M.Action,500,10,34
196,LINK,85,89,app1,1.00001,M.Action,500,10,35
197,LINK,296,9,app1,1.00001,M.Action,500,10,36
198,LINK,105,24,app1,1.00001,M.Action,500,10,37
199,LINK,2,83,app1,1.00001,M.Action,500,10,38
200,LINK,62,52,app1,1.00001,M.Action,500,10,39
161,LINK,83,60,app1,1.00001,M.Action,501.00001,10,5
162,LINK,64,61,app1,1.00001,M.Action,501.00001,10,6
164,LINK,51,72,app1,1.00001,M.Action,501.00001,10,7
165,LINK,308,317,app1,1.00001,M.Action,501.00001,10,8
166,LINK,0,72,app1,1.00001,M.Action,501.00001,10,9
167,LINK,42,51,app1,1.00001,M.Action,501.00001,10,10
168,LINK,71,103,app1,1.00001,M.Action,501.00001,10,11
169,LINK,78,42,app1,1.00001,M.Action,501.00001,10,12
170,LINK,104,206,app1,1.00001,M.Action,501.00001,10,13
171,LINK,2,83,app1,1.00001,M.Action,501.00001,10,14
173,LINK,18,103,app1,1.00001,M.Action,501.00001,10,15
174,LINK,104,206,app1,1.00001,M.Action,501.00001,10,16
175,LINK,85,89,app1,1.00001,M.Action,501.00001,10,17
176,LINK,287,218,app1,1.00001,M.Action,501.00001,10,18
177,LINK,275,270,app1,1.00001,M.Action,501.00001,10,19
178,LINK,141,6,app1,1.00001,M.Action,501.00001,10,20
179,LINK,190,85,app1,1.00001,M.Action,501.00001,10,21
180,LINK,349,383,app1,1.00001,M.Action,501.00001,10,22
181,LINK,82,347,app1,1.00001,M.Action,501.00001,10,23
182,LINK,6,114,app1,1.00001,M.Action,501.00001,10,24
183,LINK,57,56,app1,1.00001,M.Action,501.00001,10,25
185,LINK,206,96,app1,1.00001,M.Action,501.00001,10,26
186,LINK,29,140,app1,1.00001,M.Action,501.00001,10,27
187,LINK,197,132,app1,1.00001,M.Action,501.00001,10,28
189,LINK,56,71,app1,1.00001,M.Action,501.00001,10,29
190,LINK,206,96,app1,1.00001,M.Action,501.00001,10,30
192,LINK,248,176,app1,1.00001,M.Action,501.00001,10,31
193,LINK,82,347,app1,1.00001,M.Action,501.00001,10,32
195,LINK,96,336,app1,1.00001,M.Action,501.00001,10,33
196,LINK,89,72,app1,1.00001,M.Action,501.00001,10,34
197,LINK,9,105,app1,1.00001,M.Action,501.00001,10,35
198,LINK,24,168,app1,1.00001,M.Action,501.00001,10,36
200,LINK,52,57,app1,1.00001,M.Action,501.00001,10,37
172,LINK,83,60,app1,1.00001,M.Action,502.00001999999995,10,6
188,LINK,71,103,app1,1.00001,M.Action,502.00001999999995,10,7
191,LINK,287,218,app1,1.00001,M.Action,502.00001999999995,10,8
194,LINK,141,6,app1,1.00001,M.Action,502.00001999999995,10,9
161,LINK,60,218,app1,1.00001,M.Action,502.00001999999995,10,10
162,LINK,61,65,app1,1.00001,M.Action,502.00001999999995,10,11
165,LINK,317,72,app1,1.00001,M.Action,502.00001999999995,10,12
167,LINK,51,72,app1,1.00001,M.Action,502.00001999999995,10,13
168,LINK,103,198,app1,1.00001,M.Action,502.00001999999995,10,14
169,LINK,42,51,app1,1.00001,M.Action,502.00001999999995,10,15
170,LINK,206,96,app1,1.00001,M.Action,502.00001999999995,10,16
173,LINK,103,198,app1,1.00001,M.Action,502.00001999999995,10,17
175,LINK,89,72,app1,1.00001,M.Action,502.00001999999995,10,18
176,LINK,218,0,app1,1.00001,M.Action,502.00001999999995,10,19
177,LINK,270,114,app1,1.00001,M.Action,502.00001999999995,10,20
178,LINK,6,114,app1,1.00001,M.Action,502.00001999999995,10,21
179,LINK,85,89,app1,1.00001,M.Action,502.00001999999995,10,22
180,LINK,383,0,app1,1.00001,M.Action,502.00001999999995,10,23
181,LINK,347,30,app1,1.00001,M.Action,502.00001999999995,10,24
182,LINK,114,308,app1,1.00001,M.Action,502.00001999999995,10,25
183,LINK,56,71,app1,1.00001,M.Action,502.00001999999995,10,26
185,LINK,96,336,app1,1.00001,M.Action,502.00001999999995,10,27
186,LINK,140,172,app1,1.00001,M.Action,502.00001999999995,10,28
187,LINK,132,9,app1,1.00001,M.Action,502.00001999999995,10,29
192,LINK,176,78,app1,1.00001,M.Action,502.00001999999995,10,30
195,LINK,336,4,app1,1.00001,M.Action,502.00001999999995,10,31
197,LINK,105,24,app1,1.00001,M.Action,502.00001999999995,10,32
198,LINK,168,72,app1,1.00001,M.Action,502.00001999999995,10,33
200,LINK,57,56,app1,1.00001,M.Action,502.00001999999995,10,34
199,LINK,83,60,app1,1.00001,M.Action,503.0000299999999,10,4
174,LINK,206,96,app1,1.00001,M.Action,503.0000299999999,10,5
189,LINK,71,103,app1,1.00001,M.Action,503.0000299999999,10,6
190,LINK,96,336,app1,1.00001,M.Action,503.0000299999999,10,7
193,LINK,347,30,app1,1.00001,M.Action,503.0000299999999,10,8
172,LINK,60,218,app1,1.00001,M.Action,503.0000299999999,10,9
188,LINK,103,198,app1,1.00001,M.Action,503.0000299999999,10,10
191,LINK,218,0,app1,1.00001,M.Action,503.0000299999999,10,11
194,LINK,6,114,app1,1.00001,M.Action,503.0000299999999,10,12
161,LINK,218,0,app1,1.00001,M.Action,503.0000299999999,10,13
162,LINK,65,93,app1,1.00001,M.Action,503.0000299999999,10,14
168,LINK,198,72,app1,1.00001,M.Action,503.0000299999999,10,15
169,LINK,51,72,app1,1.00001,M.Action,503.0000299999999,10,16
176,LINK,0,72,app1,1.00001,M.Action,503.0000299999999,10,17
177,LINK,114,308,app1,1.00001,M.Action,503.0000299999999,10,18
178,LINK,114,308,app1,1.00001,M.Action,503.0000299999999,10,19
179,LINK,89,72,app1,1.00001,M.Action,503.0000299999999,10,20
180,LINK,0,72,app1,1.00001,M.Action,503.0000299999999,10,21
181,LINK,30,257,app1,1.00001,M.Action,503.0000299999999,10,22
182,LINK,308,317,app1,1.00001,M.Action,503.0000299999999,10,23
185,LINK,336,4,app1,1.00001,M.Action,503.0000299999999,10,24
186,LINK,172,64,app1,1.00001,M.Action,503.0000299999999,10,25
187,LINK,9,105,app1,1.00001,M.Action,503.0000299999999,10,26
192,LINK,78,42,app1,1.00001,M.Action,503.0000299999999,10,27
195,LINK,4,85,app1,1.00001,M.Action,503.0000299999999,10,28
197,LINK,24,168,app1,1.00001,M.Action,503.0000299999999,10,29
200,LINK,56,71,app1,1.00001,M.Action,503.0000299999999,10,30
171,LINK,83,60,app1,1.00001,M.Action,504.0000399999999,10,6
170,LINK,96,336,app1,1.00001,M.Action,504.0000399999999,10,7
173,LINK,198,72,app1,1.00001,M.Action,504.0000399999999,10,8
183,LINK,71,103,app1,1.00001,M.Action,504.0000399999999,10,9
199,LINK,60,218,app1,1.00001,M.Action,504.0000399999999,10,10
189,LINK,103,198,app1,1.00001,M.Action,504.0000399999999,10,11
190,LINK,336,4,app1,1.00001,M.Action,504.0000399999999,10,12
193,LINK,30,257,app1,1.00001,M.Action,504.0000399999999,10,13
172,LINK,218,0,app1,1.00001,M.Action,504.0000399999999,10,14
191,LINK,0,72,app1,1.00001,M.Action,504.0000399999999,10,15
194,LINK,114,308,app1,1.00001,M.Action,504.0000399999999,10,16
162,LINK,93,317,app1,1.00001,M.Action,504.0000399999999,10,17
177,LINK,308,317,app1,1.00001,M.Action,504.0000399999999,10,18
181,LINK,257,44,app1,1.00001,M.Action,504.0000399999999,10,19
182,LINK,317,72,app1,1.00001,M.Action,504.0000399999999,10,20
185,LINK,4,24,app1,1.00001,M.Action,504.0000399999999,10,21
186,LINK,64,61,app1,1.00001,M.Action,504.0000399999999,10,22
187,LINK,105,24,app1,1.00001,M.Action,504.0000399999999,10,23
192,LINK,42,51,app1,1.00001,M.Action,504.0000399999999,10,24
195,LINK,85,89,app1,1.00001,M.Action,504.0000399999999,10,25
197,LINK,168,72,app1,1.00001,M.Action,504.0000399999999,10,26
174,LINK,96,336,app1,1.00001,M.Action,505.0000499999999,10,4
188,LINK,198,72,app1,1.00001,M.Action,505.0000499999999,10,5
161,LINK,0,72,app1,1.00001,M.Action,505.0000499999999,10,6
178,LINK,308,317,app1,1.00001,M.Action,505.0000499999999,10,7
200,LINK,71,103,app1,1.00001,M.Action,505.0000499999999,10,8
171,LINK,60,218,app1,1.00001,M.Action,505.0000499999999,10,9
170,LINK,336,4,app1,1.00001,M.Action,505.0000499999999,10,10
183,LINK,103,198,app1,1.00001,M.Action,505.0000499999999,10,11
199,LINK,218,0,app1,1.00001,M.Action,505.0000499999999,10,12
190,LINK,4,85,app1,1.00001,M.Action,505.0000499999999,10,13
193,LINK,257,44,app1,1.00001,M.Action,505.0000499999999,10,14
162,LINK,317,72,app1,1.00001,M.Action,505.0000499999999,10,15
177,LINK,317,72,app1,1.00001,M.Action,505.0000499999999,10,16
181,LINK,44,168,app1,1.00001,M.Action,505.0000499999999,10,17
185,LINK,24,168,app1,1.00001,M.Action,505.0000499999999,10,18
186,LINK,61,65,app1,1.00001,M.Action,505.0000499999999,10,19
187,LINK,24,168,app1,1.00001,M.Action,505.0000499999999,10,20
192,LINK,51,72,app1,1.00001,M.Action,505.0000499999999,10,21
195,LINK,89,72,app1,1.00001,M.Action,505.0000499999999,10,22
189,LINK,198,72,app1,1.00001,M.Action,506.00005999999985,10,5
172,LINK,0,72,app1,1.00001,M.Action,506.00005999999985,10,6
194,LINK,308,317,app1,1.00001,M.Action,506.00005999999985,10,7
174,LINK,336,4,app1,1.00001,M.Action,506.00005999999985,10,8
178,LINK,317,72,app1,1.00001,M.Action,506.00005999999985,10,9
200,LINK,103,198,app1,1.00001,M.Action,506.00005999999985,10,10
171,LINK,218,0,app1,1.00001,M.Action,506.00005999999985,10,11
170,LINK,4,85,app1,1.00001,M.Action,506.00005999999985,10,12
190,LINK,85,89,app1,1.00001,M.Action,506.00005999999985,10,13
193,LINK,44,168,app1,1.00001,M.Action,506.00005999999985,10,14
181,LINK,168,72,app1,1.00001,M.Action,506.00005999999985,10,15
185,LINK,168,72,app1,1.00001,M.Action,506.00005999999985,10,16
186,LINK,65,93,app1,1.00001,M.Action,506.00005999999985,10,17
183,LINK,198,72,app1,1.00001,M.Action,507.0000699999998,10,5
199,LINK,0,72,app1,1.00001,M.Action,507.0000699999998,10,6
187,LINK,168,72,app1,1.00001,M.Action,507.0000699999998,10,7
194,LINK,317,72,app1,1.00001,M.Action,507.0000699999998,10,8
174,LINK,4,85,app1,1.00001,M.Action,507.0000699999998,10,9
170,LINK,85,89,app1,1.00001,M.Action,507.0000699999998,10,10
190,LINK,89,72,app1,1.00001,M.Action,507.0000699999998,10,11
193,LINK,168,72,app1,1.00001,M.Action,507.0000699999998,10,12
186,LINK,93,317,app1,1.00001,M.Action,507.0000699999998,10,13
200,LINK,198,72,app1,1.00001,M.Action,508.0000799999998,10,4
171,LINK,0,72,app1,1.00001,M.Action,508.0000799999998,10,5
174,LINK,85,89,app1,1.00001,M.Action,508.0000799999998,10,6
170,LINK,89,72,app1,1.00001,M.Action,508.0000799999998,10,7
186,LINK,317,72,app1,1.00001,M.Action,508.0000799999998,10,8
174,LINK,89,72,app1,1.00001,M.Action,509.0000899999998,10,3
201,LINK,2,83,app1,1.00001,M.Action,600,10,0
202,LINK,73,64,app1,1.00001,M.Action,600,10,1
203,LINK,317,72,app1,1.00001,M.Action,600,10,2
204,LINK,42,51,app1,1.00001,M.Action,600,10,3
205,LINK,114,308,app1,1.00001,M.Action,600,10,4
206,LINK,218,0,app1,1.00001,M.Action,600,10,5
207,LINK,78,42,app1,1.00001,M.Action,600,10,6
208,LINK,56,71,app1,1.00001,M.Action,600,10,7
209,LINK,176,78,app1,1.00001,M.Action,600,10,8
210,LINK,91,104,app1,1.00001,M.Action,600,10,9
211,LINK,68,2,app1,1.00001,M.Action,600,10,10
212,LINK,2,83,app1,1.00001,M.Action,600,10,11
213,LINK,138,18,app1,1.00001,M.Action,600,10,12
214,LINK,143,104,app1,1.00001,M.Action,600,10,13
215,LINK,4,85,app1,1.00001,M.Action,600,10,14
216,LINK,28,287,app1,1.00001,M.Action,600,10,15
217,LINK,301,275,app1,1.00001,M.Action,600,10,16
218,LINK,19,141,app1,1.00001,M.Action,600,10,17
219,LINK,49,190,app1,1.00001,M.Action,600,10,18
220,LINK,157,349,app1,1.00001,M.Action,600,10,19
221,LINK,178,82,app1,1.00001,M.Action,600,10,20
222,LINK,8,6,app1,1.00001,M.Action,600,10,21
223,LINK,23,57,app1,1.00001,M.Action,600,10,22
224,LINK,228,72,app1,1.00001,M.Action,600,10,23
225,LINK,104,206,app1,1.00001,M.Action,600,10,24
226,LINK,41,29,app1,1.00001,M.Action,600,10,25
227,LINK,59,197,app1,1.00001,M.Action,600,10,26
228,LINK,56,71,app1,1.00001,M.Action,600,10,27
229,LINK,57,56,app1,1.00001,M.Action,600,10,28
230,LINK,259,206,app1,1.00001,M.Action,600,10,29
231,LINK,28,287,app1,1.00001,M.Action,600,10,30
232,LINK,3,248,app1,1.00001,M.Action,600,10,31
233,LINK,69,82,app1,1.00001,M.Action,600,10,32
234,LINK,19,141,app1,1.00001,M.Action,600,10,33
235,LINK,206,96,app1,1.00001,M.Action,600,10,34
236,LINK,85,89,app1,1.00001,M.Action,600,10,35
237,LINK,296,9,app1,1.00001,M.Action,600,10,36
238,LINK,105,24,app1,1.00001,M.Action,600,10,37
239,LINK,2,83,app1,1.00001,M.Action,600,10,38
240,LINK,62,52,app1,1.00001,M.Action,600,10,39
201,LINK,83,60,app1,1.00001,M.Action,601.00001,10,5
202,LINK,64,61,app1,1.00001,M.Action,601.00001,10,6
204,LINK,51,72,app1,1.00001,M.Action,601.00001,10,7
205,LINK,308,317,app1,1.00001,M.Action,601.00001,10,8
206,LINK,0,72,app1,1.00001,M.Action,601.00001,10,9
207,LINK,42,51,app1,1.00001,M.Action,601.00001,10,10
208,LINK,71,103,app1,1.00001,M.Action,601.00001,10,11
209,LINK,78,42,app1,1.00001,M.Action,601.00001,10,12
210,LINK,104,206,app1,1.00001,M.Action,601.00001,10,13
211,LINK,2,83,app1,1.00001,M.Action,601.00001,10,14
213,LINK,18,103,app1,1.00001,M.Action,601.00001,10,15
214,LINK,104,206,app1,1.00001,M.Action,601.00001,10,16
215,LINK,85,89,app1,1.00001,M.Action,601.00001,10,17
216,LINK,287,218,app1,1.00001,M.Action,601.00001,10,18
217,LINK,275,270,app1,1.00001,M.Action,601.00001,10,19
218,LINK,141,6,app1,1.00001,M.Action,601.00001,10,20
219,LINK,190,85,app1,1.00001,M.Action,601.00001,10,21
220,LINK,349,383,app1,1.00001,M.Action,601.00001,10,22
221,LINK,82,347,app1,1.00001,M.Action,601.00001,10,23
222,LINK,6,114,app1,1.00001,M.Action,601.00001,10,24
223,LINK,57,56,app1,1.00001,M.Action,601.00001,10,25
225,LINK,206,96,app1,1.00001,M.Action,601.00001,10,26
226,LINK,29,140,app1,1.00001,M.Action,601.00001,10,27
227,LINK,197,132,app1,1.00001,M.Action,601.00001,10,28
229,LINK,56,71,app1,1.00001,M.Action,601.00001,10,29
230,LINK,206,96,app1,1.00001,M.Action,601.00001,10,30
232,LINK,248,176,app1,1.00001,M.Action,601.00001,10,31
233,LINK,82,347,app1,1.00001,M.Action,601.00001,10,32
235,LINK,96,336,app1,1.00001,M.Action,601.00001,10,33
236,LINK,89,72,app1,1.00001,M.Action,601.00001,10,34
237,LINK,9,105,app1,1.00001,M.Action,601.00001,10,35
238,LINK,24,168,app1,1.00001,M.Action,601.00001,10,36
240,LINK,52,57,app1,1.00001,M.Action,601.00001,10,37
212,LINK,83,60,app1,1.00001,M.Action,602.00002,10,6
228,LINK,71,103,app1,1.00001,M.Action,602.00002,10,7
231,LINK,287,218,app1,1.00001,M.Action,602.00002,10,8
234,LINK,141,6,app1,1.00001,M.Action,602.00002,10,9
201,LINK,60,218,app1,1.00001,M.Action,602.00002,10,10
202,LINK,61,65,app1,1.00001,M.Action,602.00002,10,11
205,LINK,317,72,app1,1.00001,M.Action,602.00002,10,12
207,LINK,51,72,app1,1.00001,M.Action,602.00002,10,13
208,LINK,103,198,app1,1.00001,M.Action,602.00002,10,14
209,LINK,42,51,app1,1.00001,M.Action,602.00002,10,15
210,LINK,206,96,app1,1.00001,M.Action,602.00002,10,16
213,LINK,103,198,app1,1.00001,M.Action,602.00002,10,17
215,LINK,89,72,app1,1.00001,M.Action,602.00002,10,18
216,LINK,218,0,app1,1.00001,M.Action,602.00002,10,19
217,LINK,270,114,app1,1.00001,M.Action,602.00002,10,20
218,LINK,6,114,app1,1.00001,M.Action,602.00002,10,21
219,LINK,85,89,app1,1.00001,M.Action,602.00002,10,22
220,LINK,383,0,app1,1.00001,M.Action,602.00002,10,23
221,LINK,347,30,app1,1.00001,M.Action,602.00002,10,24
222,LINK,114,308,app1,1.00001,M.Action,602.00002,10,25
223,LINK,56,71,app1,1.00001,M.Action,602.00002,10,26
225,LINK,96,336,app1,1.00001,M.Action,602.00002,10,27
226,LINK,140,172,app1,1.00001,M.Action,602.00002,10,28
227,LINK,132,9,app1,1.00001,M.Action,602.00002,10,29
232,LINK,176,78,app1,1.00001,M.Action,602.00002,10,30
235,LINK,336,4,app1,1.00001,M.Action,602.00002,10,31
237,LINK,105,24,app1,1.00001,M.Action,602.00002,10,32
238,LINK,168,72,app1,1.00001,M.Action,602.00002,10,33
240,LINK,57,56,app1,1.00001,M.Action,602.00002,10,34
239,LINK,83,60,app1,1.00001,M.Action,603.0000299999999,10,4
214,LINK,206,96,app1,1.00001,M.Action,603.0000299999999,10,5
229,LINK,71,103,app1,1.00001,M.Action,603.0000299999999,10,6
230,LINK,96,336,app1,1.00001,M.Action,603.0000299999999,10,7
233,LINK,347,30,app1,1.00001,M.Action,603.0000299999999,10,8
212,LINK,60,218,app1,1.00001,M.Action,603.0000299999999,10,9
228,LINK,103,198,app1,1.00001,M.Action,603.0000299999999,10,10
231,LINK,218,0,app1,1.00001,M.Action,603.0000299999999,10,11
234,LINK,6,114,app1,1.00001,M.Action,603.0000299999999,10,12
201,LINK,218,0,app1,1.00001,M.Action,603.0000299999999,10,13
202,LINK,65,93,app1,1.00001,M.Action,603.0000299999999,10,14
208,LINK,198,72,app1,1.00001,M.Action,603.0000299999999,10,15
209,LINK,51,72,app1,1.00001,M.Action,603.0000299999999,10,16
216,LINK,0,72,app1,1.00001,M.Action,603.0000299999999,10,17
217,LINK,114,308,app1,1.00001,M.Action,603.0000299999999,10,18
218,LINK,114,308,app1,1.00001,M.Action,603.0000299999999,10,19
219,LINK,89,72,app1,1.00001,M.Action,603.0000299999999,10,20
220,LINK,0,72,app1,1.00001,M.Action,603.0000299999999,10,21
221,LINK,30,257,app1,1.00001,M.Action,603.0000299999999,10,22
222,LINK,308,317,app1,1.00001,M.Action,603.0000299999999,10,23
225,LINK,336,4,app1,1.00001,M.Action,603.0000299999999,10,24
226,LINK,172,64,app1,1.00001,M.Action,603.0000299999999,10,25
227,LINK,9,105,app1,1.00001,M.Action,603.0000299999999,10,26
232,LINK,78,42,app1,1.00001,M.Action,603.0000299999999,10,27
235,LINK,4,85,app1,1.00001,M.Action,603.0000299999999,10,28
237,LINK,24,168,app1,1.00001,M.Action,603.0000299999999,10,29
240,LINK,56,71,app1,1.00001,M.Action,603.0000299999999,10,30
211,LINK,83,60,app1,1.00001,M.Action,604.0000399999999,10,6
210,LINK,96,336,app1,1.00001,M.Action,604.0000399999999,10,7
213,LINK,198,72,app1,1.00001,M.Action,604.0000399999999,10,8
223,LINK,71,103,app1,1.00001,M.Action,604.0000399999999,10,9
239,LINK,60,218,app1,1.00001,M.Action,604.0000399999999,10,10
229,LINK,103,198,app1,1.00001,M.Action,604.0000399999999,10,11
230,LINK,336,4,app1,1.00001,M.Action,604.0000399999999,10,12
233,LINK,30,257,app1,1.00001,M.Action,604.0000399999999,10,13
212,LINK,218,0,app1,1.00001,M.Action,604.0000399999999,10,14
231,LINK,0,72,app1,1.00001,M.Action,604.0000399999999,10,15
234,LINK,114,308,app1,1.00001,M.Action,604.0000399999999,10,16
202,LINK,93,317,app1,1.00001,M.Action,604.0000399999999,10,17
217,LINK,308,317,app1,1.00001,M.Action,604.0000399999999,10,18
221,LINK,257,44,app1,1.00001,M.Action,604.0000399999999,10,19
222,LINK,317,72,app1,1.00001,M.Action,604.0000399999999,10,20
225,LINK,4,24,app1,1.00001,M.Action,604.0000399999999,10,21
226,LINK,64,61,app1,1.00001,M.Action,604.0000399999999,10,22
227,LINK,105,24,app1,1.00001,M.Action,604.0000399999999,10,23
232,LINK,42,51,app1,1.00001,M.Action,604.0000399999999,10,24
235,LINK,85,89,app1,1.00001,M.Action,604.0000399999999,10,25
237,LINK,168,72,app1,1.00001,M.Action,604.0000399999999,10,26
214,LINK,96,336,app1,1.00001,M.Action,605.0000499999999,10,4
228,LINK,198,72,app1,1.00001,M.Action,605.0000499999999,10,5
201,LINK,0,72,app1,1.00001,M.Action,605.0000499999999,10,6
218,LINK,308,317,app1,1.00001,M.Action,605.0000499999999,10,7
240,LINK,71,103,app1,1.00001,M.Action,605.0000499999999,10,8
211,LINK,60,218,app1,1.00001,M.Action,605.0000499999999,10,9
210,LINK,336,4,app1,1.00001,M.Action,605.0000499999999,10,10
223,LINK,103,198,app1,1.00001,M.Action,605.0000499999999,10,11
239,LINK,218,0,app1,1.00001,M.Action,605.0000499999999,10,12
230,LINK,4,85,app1,1.00001,M.Action,605.0000499999999,10,13
233,LINK,257,44,app1,1.00001,M.Action,605.0000499999999,10,14
202,LINK,317,72,app1,1.00001,M.Action,605.0000499999999,10,15
217,LINK,317,72,app1,1.00001,M.Action,605.0000499999999,10,16
221,LINK,44,168,app1,1.00001,M.Action,605.0000499999999,10,17
225,LINK,24,168,app1,1.00001,M.Action,605.0000499999999,10,18
226,LINK,61,65,app1,1.00001,M.Action,605.0000499999999,10,19
227,LINK,24,168,app1,1.00001,M.Action,605.0000499999999,10,20
232,LINK,51,72,app1,1.00001,M.Action,605.0000499999999,10,21
235,LINK,89,72,app1,1.00001,M.Action,605.0000499999999,10,22
229,LINK,198,72,app1,1.00001,M.Action,606.0000599999998,10,5
212,LINK,0,72,app1,1.00001,M.Action,606.0000599999998,10,6
234,LINK,308,317,app1,1.00001,M.Action,606.0000599999998,10,7
214,LINK,336,4,app1,1.00001,M.Action,606.0000599999998,10,8
218,LINK,317,72,app1,1.00001,M.Action,606.0000599999998,10,9
240,LINK,103,198,app1,1.00001,M.Action,606.0000599999998,10,10
211,LINK,218,0,app1,1.00001,M.Action,606.0000599999998,10,11
210,LINK,4,85,app1,1.00001,M.Action,606.0000599999998,10,12
230,LINK,85,89,app1,1.00001,M.Action,606.0000599999998,10,13
233,LINK,44,168,app1,1.00001,M.Action,606.0000599999998,10,14
221,LINK,168,72,app1,1.00001,M.Action,606.0000599999998,10,15
225,LINK,168,72,app1,1.00001,M.Action,606.0000599999998,10,16
226,LINK,65,93,app1,1.00001,M.Action,606.0000599999998,10,17
223,LINK,198,72,app1,1.00001,M.Action,607.0000699999998,10,5
239,LINK,0,72,app1,1.00001,M.Action,607.0000699999998,10,6
227,LINK,168,72,app1,1.00001,M.Action,607.0000699999998,10,7
234,LINK,317,72,app1,1.00001,M.Action,607.0000699999998,10,8
214,LINK,4,85,app1,1.00001,M.Action,607.0000699999998,10,9
210,LINK,85,89,app1,1.00001,M.Action,607.0000699999998,10,10
230,LINK,89,72,app1,1.00001,M.Action,607.0000699999998,10,11
233,LINK,168,72,app1,1.00001,M.Action,607.0000699999998,10,12
226,LINK,93,317,app1,1.00001,M.Action,607.0000699999998,10,13
240,LINK,198,72,app1,1.00001,M.Action,608.0000799999998,10,4
211,LINK,0,72,app1,1.00001,M.Action,608.0000799999998,10,5
214,LINK,85,89,app1,1.00001,M.Action,608.0000799999998,10,6
210,LINK,89,72,app1,1.00001,M.Action,608.0000799999998,10,7
226,LINK,317,72,app1,1.00001,M.Action,608.0000799999998,10,8
214,LINK,89,72,app1,1.00001,M.Action,609.0000899999998,10,3
241,LINK,2,83,app1,1.00001,M.Action,700,10,0
242,LINK,73,64,app1,1.00001,M.Action,700,10,1
243,LINK,317,72,app1,1.00001,M.Action,700,10,2
244,LINK,42,51,app1,1.00001,M.Action,700,10,3
245,LINK,114,308,app1,1.00001,M.Action,700,10,4
246,LINK,218,0,app1,1.00001,M.Action,700,10,5
247,LINK,78,42,app1,1.00001,M.Action,700,10,6
248,LINK,56,71,app1,1.00001,M.Action,700,10,7
249,LINK,176,78,app1,1.00001,M.Action,700,10,8
250,LINK,91,104,app1,1.00001,M.Action,700,10,9
251,LINK,68,2,app1,1.00001,M.Action,700,10,10
252,LINK,2,83,app1,1.00001,M.Action,700,10,11
253,LINK,138,18,app1,1.00001,M.Action,700,10,12
254,LINK,143,104,app1,1.00001,M.Action,700,10,13
255,LINK,4,85,app1,1.00001,M.Action,700,10,14
256,LINK,28,287,app1,1.00001,M.Action,700,10,15
257,LINK,301,275,app1,1.00001,M.Action,700,10,16
258,LINK,19,141,app1,1.00001,M.Action,700,10,17
259,LINK,49,190,app1,1.00001,M.Action,700,10,18
260,LINK,157,349,app1,1.00001,M.Action,700,10,19
261,LINK,178,82,app1,1.00001,M.Action,700,10,20
262,LINK,8,6,app1,1.00001,M.Action,700,10,21
263,LINK,23,57,app1,1.00001,M.Action,700,10,22
264,LINK,228,72,app1,1.00001,M.Action,700,10,23
265,LINK,104,206,app1,1.00001,M.Action,700,10,24
266,LINK,41,29,app1,1.00001,M.Action,700,10,25
267,LINK,59,197,app1,1.00001,M.Action,700,10,26
268,LINK,56,71,app1,1.00001,M.Action,700,10,27
269,LINK,57,56,app1,1.00001,M.Action,700,10,28
270,LINK,259,206,app1,1.00001,M.Action,700,10,29
271,LINK,28,287,app1,1.00001,M.Action,700,10,30
272,LINK,3,248,app1,1.00001,M.Action,700,10,31
273,LINK,69,82,app1,1.00001,M.Action,700,10,32
274,LINK,19,141,app1,1.00001,M.Action,700,10,33
275,LINK,206,96,app1,1.00001,M.Action,700,10,34
276,LINK,85,89,app1,1.00001,M.Action,700,10,35
277,LINK,296,9,app1,1.00001,M.Action,700,10,36
278,LINK,105,24,app1,1.00001,M.Action,700,10,37
279,LINK,2,83,app1,1.00001,M.Action,700,10,38
280,LINK,62,52,app1,1.00001,M.Action,700,10,39
241,LINK,83,60,app1,1.00001,M.Action,701.00001,10,5
242,LINK,64,61,app1,1.00001,M.Action,701.00001,10,6
244,LINK,51,72,app1,1.00001,M.Action,701.00001,10,7
245,LINK,308,317,app1,1.00001,M.Action,701.00001,10,8
246,LINK,0,72,app1,1.00001,M.Action,701.00001,10,9
247,LINK,42,51,app1,1.00001,M.Action,701.00001,10,10
248,LINK,71,103,app1,1.00001,M.Action,701.00001,10,11
249,LINK,78,42,app1,1.00001,M.Action,701.00001,10,12
250,LINK,104,206,app1,1.00001,M.Action,701.00001,10,13
251,LINK,2,83,app1,1.00001,M.Action,701.00001,10,14
253,LINK,18,103,app1,1.00001,M.Action,701.00001,10,15
254,LINK,104,206,app1,1.00001,M.Action,701.00001,10,16
255,LINK,85,89,app1,1.00001,M.Action,701.00001,10,17
256,LINK,287,218,app1,1.00001,M.Action,701.00001,10,18
257,LINK,275,270,app1,1.00001,M.Action,701.00001,10,19
258,LINK,141,6,app1,1.00001,M.Action,701.00001,10,20
259,LINK,190,85,app1,1.00001,M.Action,701.00001,10,21
260,LINK,349,383,app1,1.00001,M.Action,701.00001,10,22
261,LINK,82,347,app1,1.00001,M.Action,701.00001,10,23
262,LINK,6,114,app1,1.00001,M.Action,701.00001,10,24
263,LINK,57,56,app1,1.00001,M.Action,701.00001,10,25
265,LINK,206,96,app1,1.00001,M.Action,701.00001,10,26
266,LINK,29,140,app1,1.00001,M.Action,701.00001,10,27
267,LINK,197,132,app1,1.00001,M.Action,701.00001,10,28
269,LINK,56,71,app1,1.00001,M.Action,701.00001,10,29
270,LINK,206,96,app1,1.00001,M.Action,701.00001,10,30
272,LINK,248,176,app1,1.00001,M.Action,701.00001,10,31
273,LINK,82,347,app1,1.00001,M.Action,701.00001,10,32
275,LINK,96,336,app1,1.00001,M.Action,701.00001,10,33
276,LINK,89,72,app1,1.00001,M.Action,701.00001,10,34
277,LINK,9,105,app1,1.00001,M.Action,701.00001,10,35
278,LINK,24,168,app1,1.00001,M.Action,701.00001,10,36
280,LINK,52,57,app1,1.00001,M.Action,701.00001,10,37
252,LINK,83,60,app1,1.00001,M.Action,702.00002,10,6
268,LINK,71,103,app1,1.00001,M.Action,702.00002,10,7
271,LINK,287,218,app1,1.00001,M.Action,702.00002,10,8
274,LINK,141,6,app1,1.00001,M.Action,702.00002,10,9
241,LINK,60,218,app1,1.00001,M.Action,702.00002,10,10
242,LINK,61,65,app1,1.00001,M.Action,702.00002,10,11
245,LINK,317,72,app1,1.00001,M.Action,702.00002,10,12
247,LINK,51,72,app1,1.00001,M.Action,702.00002,10,13
248,LINK,103,198,app1,1.00001,M.Action,702.00002,10,14
249,LINK,42,51,app1,1.00001,M.Action,702.00002,10,15
250,LINK,206,96,app1,1.00001,M.Action,702.00002,10,16
253,LINK,103,198,app1,1.00001,M.Action,702.00002,10,17
255,LINK,89,72,app1,1.00001,M.Action,702.00002,10,18
256,LINK,218,0,app1,1.00001,M.Action,702.00002,10,19
257,LINK,270,114,app1,1.00001,M.Action,702.00002,10,20
258,LINK,6,114,app1,1.00001,M.Action,702.00002,10,21
259,LINK,85,89,app1,1.00001,M.Action,702.00002,10,22
260,LINK,383,0,app1,1.00001,M.Action,702.00002,10,23
261,LINK,347,30,app1,1.00001,M.Action,702.00002,10,24
262,LINK,114,308,app1,1.00001,M.Action,702.00002,10,25
263,LINK,56,71,app1,1.00001,M.Action,702.00002,10,26
265,LINK,96,336,app1,1.00001,M.Action,702.00002,10,27
266,LINK,140,172,app1,1.00001,M.Action,702.00002,10,28
267,LINK,132,9,app1,1.00001,M.Action,702.00002,10,29
272,LINK,176,78,app1,1.00001,M.Action,702.00002,10,30
275,LINK,336,4,app1,1.00001,M.Action,702.00002,10,31
277,LINK,105,24,app1,1.00001,M.Action,702.00002,10,32
278,LINK,168,72,app1,1.00001,M.Action,702.00002,10,33
280,LINK,57,56,app1,1.00001,M.Action,702.00002,10,34
279,LINK,83,60,app1,1.00001,M.Action,703.0000299999999,10,4
254,LINK,206,96,app1,1.00001,M.Action,703.0000299999999,10,5
269,LINK,71,103,app1,1.00001,M.Action,703.0000299999999,10,6
270,LINK,96,336,app1,1.00001,M.Action,703.0000299999999,10,7
273,LINK,347,30,app1,1.00001,M.Action,703.0000299999999,10,8
252,LINK,60,218,app1,1.00001,M.Action,703.0000299999999,10,9
268,LINK,103,198,app1,1.00001,M.Action,703.0000299999999,10,10
271,LINK,218,0,app1,1.00001,M.Action,703.0000299999999,10,11
274,LINK,6,114,app1,1.00001,M.Action,703.0000299999999,10,12
241,LINK,218,0,app1,1.00001,M.Action,703.0000299999999,10,13
242,LINK,65,93,app1,1.00001,M.Action,703.0000299999999,10,14
248,LINK,198,72,app1,1.00001,M.Action,703.0000299999999,10,15
249,LINK,51,72,app1,1.00001,M.Action,703.0000299999999,10,16
256,LINK,0,72,app1,1.00001,M.Action,703.0000299999999,10,17
257,LINK,114,308,app1,1.00001,M.Action,703.0000299999999,10,18
258,LINK,114,308,app1,1.00001,M.Action,703.0000299999999,10,19
259,LINK,89,72,app1,1.00001,M.Action,703.0000299999999,10,20
260,LINK,0,72,app1,1.00001,M.Action,703.0000299999999,10,21
261,LINK,30,257,app1,1.00001,M.Action,703.0000299999999,10,22
262,LINK,308,317,app1,1.00001,M.Action,703.0000299999999,10,23
265,LINK,336,4,app1,1.00001,M.Action,703.0000299999999,10,24
266,LINK,172,64,app1,1.00001,M.Action,703.0000299999999,10,25
267,LINK,9,105,app1,1.00001,M.Action,703.0000299999999,10,26
272,LINK,78,42,app1,1.00001,M.Action,703.0000299999999,10,27
275,LINK,4,85,app1,1.00001,M.Action,703.0000299999999,10,28
277,LINK,24,168,app1,1.00001,M.Action,703.0000299999999,10,29
280,LINK,56,71,app1,1.00001,M.Action,703.0000299999999,10,30
251,LINK,83,60,app1,1.00001,M.Action,704.0000399999999,10,6
250,LINK,96,336,app1,1.00001,M.Action,704.0000399999999,10,7
253,LINK,198,72,app1,1.00001,M.Action,704.0000399999999,10,8
263,LINK,71,103,app1,1.00001,M.Action,704.0000399999999,10,9
279,LINK,60,218,app1,1.00001,M.Action,704.0000399999999,10,10
269,LINK,103,198,app1,1.00001,M.Action,704.0000399999999,10,11
270,LINK,336,4,app1,1.00001,M.Action,704.0000399999999,10,12
273,LINK,30,257,app1,1.00001,M.Action,704.0000399999999,10,13
252,LINK,218,0,app1,1.00001,M.Action,704.0000399999999,10,14
271,LINK,0,72,app1,1.00001,M.Action,704.0000399999999,10,15
274,LINK,114,308,app1,1.00001,M.Action,704.0000399999999,10,16
242,LINK,93,317,app1,1.00001,M.Action,704.0000399999999,10,17
257,LINK,308,317,app1,1.00001,M.Action,704.0000399999999,10,18
261,LINK,257,44,app1,1.00001,M.Action,704.0000399999999,10,19
262,LINK,317,72,app1,1.00001,M.Action,704.0000399999999,10,20
265,LINK,4,24,app1,1.00001,M.Action,704.0000399999999,10,21
266,LINK,64,61,app1,1.00001,M.Action,704.0000399999999,10,22
267,LINK,105,24,app1,1.00001,M.Action,704.0000399999999,10,23
272,LINK,42,51,app1,1.00001,M.Action,704.0000399999999,10,24
275,LINK,85,89,app1,1.00001,M.Action,704.0000399999999,10,25
277,LINK,168,72,app1,1.00001,M.Action,704.0000399999999,10,26
254,LINK,96,336,app1,1.00001,M.Action,705.0000499999999,10,4
268,LINK,198,72,app1,1.00001,M.Action,705.0000499999999,10,5
241,LINK,0,72,app1,1.00001,M.Action,705.0000499999999,10,6
258,LINK,308,317,app1,1.00001,M.Action,705.0000499999999,10,7
280,LINK,71,103,app1,1.00001,M.Action,705.0000499999999,10,8
251,LINK,60,218,app1,1.00001,M.Action,705.0000499999999,10,9
250,LINK,336,4,app1,1.00001,M.Action,705.0000499999999,10,10
263,LINK,103,198,app1,1.00001,M.Action,705.0000499999999,10,11
279,LINK,218,0,app1,1.00001,M.Action,705.0000499999999,10,12
270,LINK,4,85,app1,1.00001,M.Action,705.0000499999999,10,13
273,LINK,257,44,app1,1.00001,M.Action,705.0000499999999,10,14
242,LINK,317,72,app1,1.00001,M.Action,705.0000499999999,10,15
257,LINK,317,72,app1,1.00001,M.Action,705.0000499999999,10,16
261,LINK,44,168,app1,1.00001,M.Action,705.0000499999999,10,17
265,LINK,24,168,app1,1.00001,M.Action,705.0000499999999,10,18
266,LINK,61,65,app1,1.00001,M.Action,705.0000499999999,10,19
267,LINK,24,168,app1,1.00001,M.Action,705.0000499999999,10,20
272,LINK,51,72,app1,1.00001,M.Action,705.0000499999999,10,21
275,LINK,89,72,app1,1.00001,M.Action,705.0000499999999,10,22
269,LINK,198,72,app1,1.00001,M.Action,706.0000599999998,10,5
252,LINK,0,72,app1,1.00001,M.Action,706.0000599999998,10,6
274,LINK,308,317,app1,1.00001,M.Action,706.0000599999998,10,7
254,LINK,336,4,app1,1.00001,M.Action,706.0000599999998,10,8
258,LINK,317,72,app1,1.00001,M.Action,706.0000599999998,10,9
280,LINK,103,198,app1,1.00001,M.Action,706.0000599999998,10,10
251,LINK,218,0,app1,1.00001,M.Action,706.0000599999998,10,11
250,LINK,4,85,app1,1.00001,M.Action,706.0000599999998,10,12
270,LINK,85,89,app1,1.00001,M.Action,706.0000599999998,10,13
273,LINK,44,168,app1,1.00001,M.Action,706.0000599999998,10,14
261,LINK,168,72,app1,1.00001,M.Action,706.0000599999998,10,15
265,LINK,168,72,app1,1.00001,M.Action,706.0000599999998,10,16
266,LINK,65,93,app1,1.00001,M.Action,706.0000599999998,10,17
263,LINK,198,72,app1,1.00001,M.Action,707.0000699999998,10,5
279,LINK,0,72,app1,1.00001,M.Action,707.0000699999998,10,6
267,LINK,168,72,app1,1.00001,M.Action,707.0000699999998,10,7
274,LINK,317,72,app1,1.00001,M.Action,707.0000699999998,10,8
254,LINK,4,85,app1,1.00001,M.Action,707.0000699999998,10,9
250,LINK,85,89,app1,1.00001,M.Action,707.0000699999998,10,10
270,LINK,89,72,app1,1.00001,M.Action,707.0000699999998,10,11
273,LINK,168,72,app1,1.00001,M.Action,707.0000699999998,10,12
266,LINK,93,317,app1,1.00001,M.Action,707.0000699999998,10,13
280,LINK,198,72,app1,1.00001,M.Action,708.0000799999998,10,4
251,LINK,0,72,app1,1.00001,M.Action,708.0000799999998,10,5
254,LINK,85,89,app1,1.00001,M.Action,708.0000799999998,10,6
250,LINK,89,72,app1,1.00001,M.Action,708.0000799999998,10,7
266,LINK,317,72,app1,1.00001,M.Action,708.0000799999998,10,8
254,LINK,89,72,app1,1.00001,M.Action,709.0000899999998,10,3
281,LINK,2,83,app1,1.00001,M.Action,800,10,0
282,LINK,73,64,app1,1.00001,M.Action,800,10,1
283,LINK,317,72,app1,1.00001,M.Action,800,10,2
284,LINK,42,51,app1,1.00001,M.Action,800,10,3
285,LINK,114,308,app1,1.00001,M.Action,800,10,4
286,LINK,218,0,app1,1.00001,M.Action,800,10,5
287,LINK,78,42,app1,1.00001,M.Action,800,10,6
288,LINK,56,71,app1,1.00001,M.Action,800,10,7
289,LINK,176,78,app1,1.00001,M.Action,800,10,8
290,LINK,91,104,app1,1.00001,M.Action,800,10,9
291,LINK,68,2,app1,1.00001,M.Action,800,10,10
292,LINK,2,83,app1,1.00001,M.Action,800,10,11
293,LINK,138,18,app1,1.00001,M.Action,800,10,12
294,LINK,143,104,app1,1.00001,M.Action,800,10,13
295,LINK,4,85,app1,1.00001,M.Action,800,10,14
296,LINK,28,287,app1,1.00001,M.Action,800,10,15
297,LINK,301,275,app1,1.00001,M.Action,800,10,16
298,LINK,19,141,app1,1.00001,M.Action,800,10,17
299,LINK,49,190,app1,1.00001,M.Action,800,10,18
300,LINK,157,349,app1,1.00001,M.Action,800,10,19
301,LINK,178,82,app1,1.00001,M.Action,800,10,20
302,LINK,8,6,app1,1.00001,M.Action,800,10,21
303,LINK,23,57,app1,1.00001,M.Action,800,10,22
304,LINK,228,72,app1,1.00001,M.Action,800,10,23
305,LINK,104,206,app1,1.00001,M.Action,800,10,24
306,LINK,41,29,app1,1.00001,M.Action,800,10,25
307,LINK,59,197,app1,1.00001,M.Action,800,10,26
308,LINK,56,71,app1,1.00001,M.Action,800,10,27
309,LINK,57,56,app1,1.00001,M.Action,800,10,28
310,LINK,259,206,app1,1.00001,M.Action,800,10,29
311,LINK,28,287,app1,1.00001,M.Action,800,10,30
312,LINK,3,248,app1,1.00001,M.Action,800,10,31
313,LINK,69,82,app1,1.00001,M.Action,800,10,32
314,LINK,19,141,app1,1.00001,M.Action,800,10,33
315,LINK,206,96,app1,1.00001,M.Action,800,10,34
316,LINK,85,89,app1,1.00001,M.Action,800,10,35
317,LINK,296,9,app1,1.00001,M.Action,800,10,36
318,LINK,105,24,app1,1.00001,M.Action,800,10,37
319,LINK,2,83,app1,1.00001,M.Action,800,10,38
320,LINK,62,52,app1,1.00001,M.Action,800,10,39
281,LINK,83,60,app1,1.00001,M.Action,801.00001,10,5
282,LINK,64,61,app1,1.00001,M.Action,801.00001,10,6
284,LINK,51,72,app1,1.00001,M.Action,801.00001,10,7
285,LINK,308,317,app1,1.00001,M.Action,801.00001,10,8
286,LINK,0,72,app1,1.00001,M.Action,801.00001,10,9
287,LINK,42,51,app1,1.00001,M.Action,801.00001,10,10
288,LINK,71,103,app1,1.00001,M.Action,801.00001,10,11
289,LINK,78,42,app1,1.00001,M.Action,801.00001,10,12
290,LINK,104,206,app1,1.00001,M.Action,801.00001,10,13
291,LINK,2,83,app1,1.00001,M.Action,801.00001,10,14
293,LINK,18,103,app1,1.00001,M.Action,801.00001,10,15
294,LINK,104,206,app1,1.00001,M.Action,801.00001,10,16
295,LINK,85,89,app1,1.00001,M.Action,801.00001,10,17
296,LINK,287,218,app1,1.00001,M.Action,801.00001,10,18
297,LINK,275,270,app1,1.00001,M.Action,801.00001,10,19
298,LINK,141,6,app1,1.00001,M.Action,801.00001,10,20
299,LINK,190,85,app1,1.00001,M.Action,801.00001,10,21
300,LINK,349,383,app1,1.00001,M.Action,801.00001,10,22
301,LINK,82,347,app1,1.00001,M.Action,801.00001,10,23
302,LINK,6,114,app1,1.00001,M.Action,801.00001,10,24
303,LINK,57,56,app1,1.00001,M.Action,801.00001,10,25
305,LINK,206,96,app1,1.00001,M.Action,801.00001,10,26
306,LINK,29,140,app1,1.00001,M.Action,801.00001,10,27
307,LINK,197,132,app1,1.00001,M.Action,801.00001,10,28
309,LINK,56,71,app1,1.00001,M.Action,801.00001,10,29
310,LINK,206,96,app1,1.00001,M.Action,801.00001,10,30
312,LINK,248,176,app1,1.00001,M.Action,801.00001,10,31
313,LINK,82,347,app1,1.00001,M.Action,801.00001,10,32
315,LINK,96,336,app1,1.00001,M.Action,801.00001,10,33
316,LINK,89,72,app1,1.00001,M.Action,801.00001,10,34
317,LINK,9,105,app1,1.00001,M.Action,801.00001,10,35
318,LINK,24,168,app1,1.00001,M.Action,801.00001,10,36
320,LINK,52,57,app1,1.00001,M.Action,801.00001,10,37
292,LINK,83,60,app1,1.00001,M.Action,802.00002,10,6
308,LINK,71,103,app1,1.00001,M.Action,802.00002,10,7
311,LINK,287,218,app1,1.00001,M.Action,802.00002,10,8
314,LINK,141,6,app1,1.00001,M.Action,802.00002,10,9
281,LINK,60,218,app1,1.00001,M.Action,802.00002,10,10
282,LINK,61,65,app1,1.00001,M.Action,802.00002,10,11
285,LINK,317,72,app1,1.00001,M.Action,802.00002,10,12
287,LINK,51,72,app1,1.00001,M.Action,802.00002,10,13
288,LINK,103,198,app1,1.00001,M.Action,802.00002,10,14
289,LINK,42,51,app1,1.00001,M.Action,802.00002,10,15
290,LINK,206,96,app1,1.00001,M.Action,802.00002,10,16
293,LINK,103,198,app1,1.00001,M.Action,802.00002,10,17
295,LINK,89,72,app1,1.00001,M.Action,802.00002,10,18
296,LINK,218,0,app1,1.00001,M.Action,802.00002,10,19
297,LINK,270,114,app1,1.00001,M.Action,802.00002,10,20
298,LINK,6,114,app1,1.00001,M.Action,802.00002,10,21
299,LINK,85,89,app1,1.00001,M.Action,802.00002,10,22
300,LINK,383,0,app1,1.00001,M.Action,802.00002,10,23
301,LINK,347,30,app1,1.00001,M.Action,802.00002,10,24
302,LINK,114,308,app1,1.00001,M.Action,802.00002,10,25
303,LINK,56,71,app1,1.00001,M.Action,802.00002,10,26
305,LINK,96,336,app1,1.00001,M.Action,802.00002,10,27
306,LINK,140,172,app1,1.00001,M.Action,802.00002,10,28
307,LINK,132,9,app1,1.00001,M.Action,802.00002,10,29
312,LINK,176,78,app1,1.00001,M.Action,802.00002,10,30
315,LINK,336,4,app1,1.00001,M.Action,802.00002,10,31
317,LINK,105,24,app1,1.00001,M.Action,802.00002,10,32
318,LINK,168,72,app1,1.00001,M.Action,802.00002,10,33
320,LINK,57,56,app1,1.00001,M.Action,802.00002,10,34
319,LINK,83,60,app1,1.00001,M.Action,803.0000299999999,10,4
294,LINK,206,96,app1,1.00001,M.Action,803.0000299999999,10,5
309,LINK,71,103,app1,1.00001,M.Action,803.0000299999999,10,6
310,LINK,96,336,app1,1.00001,M.Action,803.0000299999999,10,7
313,LINK,347,30,app1,1.00001,M.Action,803.0000299999999,10,8
292,LINK,60,218,app1,1.00001,M.Action,803.0000299999999,10,9
308,LINK,103,198,app1,1.00001,M.Action,803.0000299999999,10,10
311,LINK,218,0,app1,1.00001,M.Action,803.0000299999999,10,11
314,LINK,6,114,app1,1.00001,M.Action,803.0000299999999,10,12
281,LINK,218,0,app1,1.00001,M.Action,803.0000299999999,10,13
282,LINK,65,93,app1,1.00001,M.Action,803.0000299999999,10,14
288,LINK,198,72,app1,1.00001,M.Action,803.0000299999999,10,15
289,LINK,51,72,app1,1.00001,M.Action,803.0000299999999,10,16
296,LINK,0,72,app1,1.00001,M.Action,803.0000299999999,10,17
297,LINK,114,308,app1,1.00001,M.Action,803.0000299999999,10,18
298,LINK,114,308,app1,1.00001,M.Action,803.0000299999999,10,19
299,LINK,89,72,app1,1.00001,M.Action,803.0000299999999,10,20
300,LINK,0,72,app1,1.00001,M.Action,803.0000299999999,10,21
301,LINK,30,257,app1,1.00001,M.Action,803.0000299999999,10,22
302,LINK,308,317,app1,1.00001,M.Action,803.0000299999999,10,23
305,LINK,336,4,app1,1.00001,M.Action,803.0000299999999,10,24
306,LINK,172,64,app1,1.00001,M.Action,803.0000299999999,10,25
307,LINK,9,105,app1,1.00001,M.Action,803.0000299999999,10,26
312,LINK,78,42,app1,1.00001,M.Action,803.0000299999999,10,27
315,LINK,4,85,app1,1.00001,M.Action,803.0000299999999,10,28
317,LINK,24,168,app1,1.00001,M.Action,803.0000299999999,10,29
320,LINK,56,71,app1,1.00001,M.Action,803.0000299999999,10,30
291,LINK,83,60,app1,1.00001,M.Action,804.0000399999999,10,6
290,LINK,96,336,app1,1.00001,M.Action,804.0000399999999,10,7
293,LINK,198,72,app1,1.00001,M.Action,804.0000399999999,10,8
303,LINK,71,103,app1,1.00001,M.Action,804.0000399999999,10,9
319,LINK,60,218,app1,1.00001,M.Action,804.0000399999999,10,10
309,LINK,103,198,app1,1.00001,M.Action,804.0000399999999,10,11
310,LINK,336,4,app1,1.00001,M.Action,804.0000399999999,10,12
313,LINK,30,257,app1,1.00001,M.Action,804.0000399999999,10,13
292,LINK,218,0,app1,1.00001,M.Action,804.0000399999999,10,14
311,LINK,0,72,app1,1.00001,M.Action,804.0000399999999,10,15
314,LINK,114,308,app1,1.00001,M.Action,804.0000399999999,10,16
282,LINK,93,317,app1,1.00001,M.Action,804.0000399999999,10,17
297,LINK,308,317,app1,1.00001,M.Action,804.0000399999999,10,18
301,LINK,257,44,app1,1.00001,M.Action,804.0000399999999,10,19
302,LINK,317,72,app1,1.00001,M.Action,804.0000399999999,10,20
305,LINK,4,24,app1,1.00001,M.Action,804.0000399999999,10,21
306,LINK,64,61,app1,1.00001,M.Action,804.0000399999999,10,22
307,LINK,105,24,app1,1.00001,M.Action,804.0000399999999,10,23
312,LINK,42,51,app1,1.00001,M.Action,804.0000399999999,10,24
315,LINK,85,89,app1,1.00001,M.Action,804.0000399999999,10,25
317,LINK,168,72,app1,1.00001,M.Action,804.0000399999999,10,26
294,LINK,96,336,app1,1.00001,M.Action,805.0000499999999,10,4
308,LINK,198,72,app1,1.00001,M.Action,805.0000499999999,10,5
281,LINK,0,72,app1,1.00001,M.Action,805.0000499999999,10,6
298,LINK,308,317,app1,1.00001,M.Action,805.0000499999999,10,7
320,LINK,71,103,app1,1.00001,M.Action,805.0000499999999,10,8
291,LINK,60,218,app1,1.00001,M.Action,805.0000499999999,10,9
290,LINK,336,4,app1,1.00001,M.Action,805.0000499999999,10,10
303,LINK,103,198,app1,1.00001,M.Action,805.0000499999999,10,11
319,LINK,218,0,app1,1.00001,M.Action,805.0000499999999,10,12
310,LINK,4,85,app1,1.00001,M.Action,805.0000499999999,10,13
313,LINK,257,44,app1,1.00001,M.Action,805.0000499999999,10,14
282,LINK,317,72,app1,1.00001,M.Action,805.0000499999999,10,15
297,LINK,317,72,app1,1.00001,M.Action,805.0000499999999,10,16
301,LINK,44,168,app1,1.00001,M.Action,805.0000499999999,10,17
305,LINK,24,168,app1,1.00001,M.Action,805.0000499999999,10,18
306,LINK,61,65,app1,1.00001,M.Action,805.0000499999999,10,19
307,LINK,24,168,app1,1.00001,M.Action,805.0000499999999,10,20
312,LINK,51,72,app1,1.00001,M.Action,805.0000499999999,10,21
315,LINK,89,72,app1,1.00001,M.Action,805.0000499999999,10,22
309,LINK,198,72,app1,1.00001,M.Action,806.0000599999998,10,5
292,LINK,0,72,app1,1.00001,M.Action,806.0000599999998,10,6
314,LINK,308,317,app1,1.00001,M.Action,806.0000599999998,10,7
294,LINK,336,4,app1,1.00001,M.Action,806.0000599999998,10,8
298,LINK,317,72,app1,1.00001,M.Action,806.0000599999998,10,9
320,LINK,103,198,app1,1.00001,M.Action,806.0000599999998,10,10
291,LINK,218,0,app1,1.00001,M.Action,806.0000599999998,10,11
290,LINK,4,85,app1,1.00001,M.Action,806.0000599999998,10,12
310,LINK,85,89,app1,1.00001,M.Action,806.0000599999998,10,13
313,LINK,44,168,app1,1.00001,M.Action,806.0000599999998,10,14
301,LINK,168,72,app1,1.00001,M.Action,806.0000599999998,10,15
305,LINK,168,72,app1,1.00001,M.Action,806.0000599999998,10,16
306,LINK,65,93,app1,1.00001,M.Action,806.0000599999998,10,17
303,LINK,198,72,app1,1.00001,M.Action,807.0000699999998,10,5
319,LINK,0,72,app1,1.00001,M.Action,807.0000699999998,10,6
307,LINK,168,72,app1,1.00001,M.Action,807.0000699999998,10,7
314,LINK,317,72,app1,1.00001,M.Action,807.0000699999998,10,8
294,LINK,4,85,app1,1.00001,M.Action,807.0000699999998,10,9
290,LINK,85,89,app1,1.00001,M.Action,807.0000699999998,10,10
310,LINK,89,72,app1,1.00001,M.Action,807.0000699999998,10,11
313,LINK,168,72,app1,1.00001,M.Action,807.0000699999998,10,12
306,LINK,93,317,app1,1.00001,M.Action,807.0000699999998,10,13
320,LINK,198,72,app1,1.00001,M.Action,808.0000799999998,10,4
291,LINK,0,72,app1,1.00001,M.Action,808.0000799999998,10,5
294,LINK,85,89,app1,1.00001,M.Action,808.0000799999998,10,6
290,LINK,89,72,app1,1.00001,M.Action,808.0000799999998,10,7
306,LINK,317,72,app1,1.00001,M.Action,808.0000799999998,10,8
294,LINK,89,72,app1,1.00001,M.Action,809.0000899999998,10,3
321,LINK,83,60,app1,1.00001,M.Action,900,10,0
322,LINK,64,61,app1,1.00001,M.Action,900,10,1
323,LINK,317,72,app1,1.00001,M.Action,900,10,2
324,LINK,51,72,app1,1.00001,M.Action,900,10,3
325,LINK,308,317,app1,1.00001,M.Action,900,10,4
326,LINK,0,72,app1,1.00001,M.Action,900,10,5
327,LINK,42,51,app1,1.00001,M.Action,900,10,6
328,LINK,71,103,app1,1.00001,M.Action,900,10,7
329,LINK,78,42,app1,1.00001,M.Action,900,10,8
330,LINK,104,206,app1,1.00001,M.Action,900,10,9
331,LINK,2,83,app1,1.00001,M.Action,900,10,10
332,LINK,83,60,app1,1.00001,M.Action,900,10,11
333,LINK,18,103,app1,1.00001,M.Action,900,10,12
334,LINK,104,206,app1,1.00001,M.Action,900,10,13
335,LINK,85,89,app1,1.00001,M.Action,900,10,14
336,LINK,287,218,app1,1.00001,M.Action,900,10,15
337,LINK,275,270,app1,1.00001,M.Action,900,10,16
338,LINK,141,6,app1,1.00001,M.Action,900,10,17
339,LINK,190,85,app1,1.00001,M.Action,900,10,18
340,LINK,349,170,app1,1.00001,M.Action,900,10,19
341,LINK,82,347,app1,1.00001,M.Action,900,10,20
342,LINK,6,114,app1,1.00001,M.Action,900,10,21
343,LINK,57,56,app1,1.00001,M.Action,900,10,22
344,LINK,228,72,app1,1.00001,M.Action,900,10,23
345,LINK,206,96,app1,1.00001,M.Action,900,10,24
346,LINK,29,140,app1,1.00001,M.Action,900,10,25
347,LINK,197,132,app1,1.00001,M.Action,900,10,26
348,LINK,71,103,app1,1.00001,M.Action,900,10,27
349,LINK,56,71,app1,1.00001,M.Action,900,10,28
350,LINK,206,96,app1,1.00001,M.Action,900,10,29
351,LINK,287,218,app1,1.00001,M.Action,900,10,30
352,LINK,248,176,app1,1.00001,M.Action,900,10,31
353,LINK,82,347,app1,1.00001,M.Action,900,10,32
354,LINK,141,6,app1,1.00001,M.Action,900,10,33
355,LINK,96,336,app1,1.00001,M.Action,900,10,34
356,LINK,89,72,app1,1.00001,M.Action,900,10,35
357,LINK,9,105,app1,1.00001,M.Action,900,10,36
358,LINK,24,168,app1,1.00001,M.Action,900,10,37
359,LINK,83,60,app1,1.00001,M.Action,900,10,38
360,LINK,52,57,app1,1.00001,M.Action,900,10,39
321,LINK,60,218,app1,1.00001,M.Action,901.00001,10,8
322,LINK,61,65,app1,1.00001,M.Action,901.00001,10,9
325,LINK,317,72,app1,1.00001,M.Action,901.00001,10,10
327,LINK,51,72,app1,1.00001,M.Action,901.00001,10,11
328,LINK,103,198,app1,1.00001,M.Action,901.00001,10,12
329,LINK,42,51,app1,1.00001,M.Action,901.00001,10,13
330,LINK,206,96,app1,1.00001,M.Action,901.00001,10,14
331,LINK,83,60,app1,1.00001,M.Action,901.00001,10,15
333,LINK,103,198,app1,1.00001,M.Action,901.00001,10,16
335,LINK,89,72,app1,1.00001,M.Action,901.00001,10,17
336,LINK,218,0,app1,1.00001,M.Action,901.00001,10,18
337,LINK,270,114,app1,1.00001,M.Action,901.00001,10,19
338,LINK,6,114,app1,1.00001,M.Action,901.00001,10,20
339,LINK,85,89,app1,1.00001,M.Action,901.00001,10,21
340,LINK,170,51,app1,1.00001,M.Action,901.00001,10,22
341,LINK,347,30,app1,1.00001,M.Action,901.00001,10,23
342,LINK,114,308,app1,1.00001,M.Action,901.00001,10,24
343,LINK,56,71,app1,1.00001,M.Action,901.00001,10,25
345,LINK,96,336,app1,1.00001,M.Action,901.00001,10,26
346,LINK,140,172,app1,1.00001,M.Action,901.00001,10,27
347,LINK,132,9,app1,1.00001,M.Action,901.00001,10,28
349,LINK,71,103,app1,1.00001,M.Action,901.00001,10,29
352,LINK,176,78,app1,1.00001,M.Action,901.00001,10,30
355,LINK,336,4,app1,1.00001,M.Action,901.00001,10,31
357,LINK,105,24,app1,1.00001,M.Action,901.00001,10,32
358,LINK,168,72,app1,1.00001,M.Action,901.00001,10,33
360,LINK,57,56,app1,1.00001,M.Action,901.00001,10,34
332,LINK,60,218,app1,1.00001,M.Action,902.00002,10,5
334,LINK,206,96,app1,1.00001,M.Action,902.00002,10,6
348,LINK,103,198,app1,1.00001,M.Action,902.00002,10,7
350,LINK,96,336,app1,1.00001,M.Action,902.00002,10,8
351,LINK,218,0,app1,1.00001,M.Action,902.00002,10,9
353,LINK,347,30,app1,1.00001,M.Action,902.00002,10,10
354,LINK,6,114,app1,1.00001,M.Action,902.00002,10,11
321,LINK,218,0,app1,1.00001,M.Action,902.00002,10,12
322,LINK,65,93,app1,1.00001,M.Action,902.00002,10,13
328,LINK,198,72,app1,1.00001,M.Action,902.00002,10,14
329,LINK,51,72,app1,1.00001,M.Action,902.00002,10,15
336,LINK,0,72,app1,1.00001,M.Action,902.00002,10,16
337,LINK,114,308,app1,1.00001,M.Action,902.00002,10,17
338,LINK,114,308,app1,1.00001,M.Action,902.00002,10,18
339,LINK,89,72,app1,1.00001,M.Action,902.00002,10,19
340,LINK,51,72,app1,1.00001,M.Action,902.00002,10,20
341,LINK,30,257,app1,1.00001,M.Action,902.00002,10,21
342,LINK,308,317,app1,1.00001,M.Action,902.00002,10,22
343,LINK,71,103,app1,1.00001,M.Action,902.00002,10,23
345,LINK,336,4,app1,1.00001,M.Action,902.00002,10,24
346,LINK,172,64,app1,1.00001,M.Action,902.00002,10,25
347,LINK,9,105,app1,1.00001,M.Action,902.00002,10,26
352,LINK,78,42,app1,1.00001,M.Action,902.00002,10,27
355,LINK,4,24,app1,1.00001,M.Action,902.00002,10,28
357,LINK,24,168,app1,1.00001,M.Action,902.00002,10,29
360,LINK,56,71,app1,1.00001,M.Action,902.00002,10,30
359,LINK,60,218,app1,1.00001,M.Action,903.0000299999999,10,7
330,LINK,96,336,app1,1.00001,M.Action,903.0000299999999,10,8
333,LINK,198,72,app1,1.00001,M.Action,903.0000299999999,10,9
349,LINK,103,198,app1,1.00001,M.Action,903.0000299999999,10,10
332,LINK,218,0,app1,1.00001,M.Action,903.0000299999999,10,11
350,LINK,336,4,app1,1.00001,M.Action,903.0000299999999,10,12
351,LINK,0,72,app1,1.00001,M.Action,903.0000299999999,10,13
353,LINK,30,257,app1,1.00001,M.Action,903.0000299999999,10,14
354,LINK,114,308,app1,1.00001,M.Action,903.0000299999999,10,15
322,LINK,93,317,app1,1.00001,M.Action,903.0000299999999,10,16
337,LINK,308,317,app1,1.00001,M.Action,903.0000299999999,10,17
341,LINK,257,44,app1,1.00001,M.Action,903.0000299999999,10,18
342,LINK,317,72,app1,1.00001,M.Action,903.0000299999999,10,19
345,LINK,4,85,app1,1.00001,M.Action,903.0000299999999,10,20
346,LINK,64,61,app1,1.00001,M.Action,903.0000299999999,10,21
347,LINK,105,24,app1,1.00001,M.Action,903.0000299999999,10,22
352,LINK,42,51,app1,1.00001,M.Action,903.0000299999999,10,23
355,LINK,24,168,app1,1.00001,M.Action,903.0000299999999,10,24
357,LINK,168,72,app1,1.00001,M.Action,903.0000299999999,10,25
360,LINK,71,103,app1,1.00001,M.Action,903.0000299999999,10,26
331,LINK,60,218,app1,1.00001,M.Action,904.0000399999999,10,4
334,LINK,96,336,app1,1.00001,M.Action,904.0000399999999,10,5
348,LINK,198,72,app1,1.00001,M.Action,904.0000399999999,10,6
321,LINK,0,72,app1,1.00001,M.Action,904.0000399999999,10,7
338,LINK,308,317,app1,1.00001,M.Action,904.0000399999999,10,8
343,LINK,103,198,app1,1.00001,M.Action,904.0000399999999,10,9
359,LINK,218,0,app1,1.00001,M.Action,904.0000399999999,10,10
330,LINK,336,4,app1,1.00001,M.Action,904.0000399999999,10,11
350,LINK,4,85,app1,1.00001,M.Action,904.0000399999999,10,12
353,LINK,257,44,app1,1.00001,M.Action,904.0000399999999,10,13
322,LINK,317,72,app1,1.00001,M.Action,904.0000399999999,10,14
337,LINK,317,72,app1,1.00001,M.Action,904.0000399999999,10,15
341,LINK,44,168,app1,1.00001,M.Action,904.0000399999999,10,16
345,LINK,85,89,app1,1.00001,M.Action,904.0000399999999,10,17
346,LINK,61,65,app1,1.00001,M.Action,904.0000399999999,10,18
347,LINK,24,168,app1,1.00001,M.Action,904.0000399999999,10,19
352,LINK,51,72,app1,1.00001,M.Action,904.0000399999999,10,20
355,LINK,168,72,app1,1.00001,M.Action,904.0000399999999,10,21
349,LINK,198,72,app1,1.00001,M.Action,905.0000499999999,10,3
332,LINK,0,72,app1,1.00001,M.Action,905.0000499999999,10,4
354,LINK,308,317,app1,1.00001,M.Action,905.0000499999999,10,5
360,LINK,103,198,app1,1.00001,M.Action,905.0000499999999,10,6
331,LINK,218,0,app1,1.00001,M.Action,905.0000499999999,10,7
334,LINK,336,4,app1,1.00001,M.Action,905.0000499999999,10,8
338,LINK,317,72,app1,1.00001,M.Action,905.0000499999999,10,9
330,LINK,4,24,app1,1.00001,M.Action,905.0000499999999,10,10
350,LINK,85,89,app1,1.00001,M.Action,905.0000499999999,10,11
353,LINK,44,168,app1,1.00001,M.Action,905.0000499999999,10,12
341,LINK,168,72,app1,1.00001,M.Action,905.0000499999999,10,13
345,LINK,89,72,app1,1.00001,M.Action,905.0000499999999,10,14
346,LINK,65,93,app1,1.00001,M.Action,905.0000499999999,10,15
347,LINK,168,72,app1,1.00001,M.Action,905.0000499999999,10,16
343,LINK,198,72,app1,1.00001,M.Action,906.0000599999998,10,4
359,LINK,0,72,app1,1.00001,M.Action,906.0000599999998,10,5
354,LINK,317,72,app1,1.00001,M.Action,906.0000599999998,10,6
334,LINK,4,24,app1,1.00001,M.Action,906.0000599999998,10,7
330,LINK,24,168,app1,1.00001,M.Action,906.0000599999998,10,8
350,LINK,89,72,app1,1.00001,M.Action,906.0000599999998,10,9
353,LINK,168,72,app1,1.00001,M.Action,906.0000599999998,10,10
346,LINK,93,317,app1,1.00001,M.Action,906.0000599999998,10,11
360,LINK,198,72,app1,1.00001,M.Action,907.0000699999998,10,2
331,LINK,0,72,app1,1.00001,M.Action,907.0000699999998,10,3
334,LINK,24,168,app1,1.00001,M.Action,907.0000699999998,10,4
330,LINK,168,72,app1,1.00001,M.Action,907.0000699999998,10,5
346,LINK,317,72,app1,1.00001,M.Action,907.0000699999998,10,6
334,LINK,168,72,app1,1.00001,M.Action,908.0000799999998,10,2
361,LINK,83,60,app1,1.00001,M.Action,1000,10,0
362,LINK,64,61,app1,1.00001,M.Action,1000,10,1
363,LINK,317,72,app1,1.00001,M.Action,1000,10,2
364,LINK,51,72,app1,1.00001,M.Action,1000,10,3
365,LINK,308,317,app1,1.00001,M.Action,1000,10,4
366,LINK,0,72,app1,1.00001,M.Action,1000,10,5
367,LINK,42,51,app1,1.00001,M.Action,1000,10,6
368,LINK,71,103,app1,1.00001,M.Action,1000,10,7
369,LINK,78,42,app1,1.00001,M.Action,1000,10,8
370,LINK,104,206,app1,1.00001,M.Action,1000,10,9
371,LINK,2,83,app1,1.00001,M.Action,1000,10,10
372,LINK,83,60,app1,1.00001,M.Action,1000,10,11
373,LINK,18,103,app1,1.00001,M.Action,1000,10,12
374,LINK,104,206,app1,1.00001,M.Action,1000,10,13
375,LINK,85,89,app1,1.00001,M.Action,1000,10,14
376,LINK,287,218,app1,1.00001,M.Action,1000,10,15
377,LINK,275,270,app1,1.00001,M.Action,1000,10,16
378,LINK,141,6,app1,1.00001,M.Action,1000,10,17
379,LINK,190,85,app1,1.00001,M.Action,1000,10,18
380,LINK,349,170,app1,1.00001,M.Action,1000,10,19
381,LINK,82,347,app1,1.00001,M.Action,1000,10,20
382,LINK,6,114,app1,1.00001,M.Action,1000,10,21
383,LINK,57,56,app1,1.00001,M.Action,1000,10,22
384,LINK,228,72,app1,1.00001,M.Action,1000,10,23
385,LINK,206,96,app1,1.00001,M.Action,1000,10,24
386,LINK,29,140,app1,1.00001,M.Action,1000,10,25
387,LINK,197,132,app1,1.00001,M.Action,1000,10,26
388,LINK,71,103,app1,1.00001,M.Action,1000,10,27
389,LINK,56,71,app1,1.00001,M.Action,1000,10,28
390,LINK,206,96,app1,1.00001,M.Action,1000,10,29
391,LINK,287,218,app1,1.00001,M.Action,1000,10,30
392,LINK,248,176,app1,1.00001,M.Action,1000,10,31
393,LINK,82,347,app1,1.00001,M.Action,1000,10,32
394,LINK,141,6,app1,1.00001,M.Action,1000,10,33
395,LINK,96,336,app1,1.00001,M.Action,1000,10,34
396,LINK,89,72,app1,1.00001,M.Action,1000,10,35
397,LINK,9,105,app1,1.00001,M.Action,1000,10,36
398,LINK,24,168,app1,1.00001,M.Action,1000,10,37
399,LINK,83,60,app1,1.00001,M.Action,1000,10,38
400,LINK,52,57,app1,1.00001,M.Action,1000,10,39
361,LINK,60,218,app1,1.00001,M.Action,1001.00001,10,8
362,LINK,61,65,app1,1.00001,M.Action,1001.00001,10,9
365,LINK,317,72,app1,1.00001,M.Action,1001.00001,10,10
367,LINK,51,72,app1,1.00001,M.Action,1001.00001,10,11
368,LINK,103,198,app1,1.00001,M.Action,1001.00001,10,12
369,LINK,42,51,app1,1.00001,M.Action,1001.00001,10,13
370,LINK,206,96,app1,1.00001,M.Action,1001.00001,10,14
371,LINK,83,60,app1,1.00001,M.Action,1001.00001,10,15
373,LINK,103,198,app1,1.00001,M.Action,1001.00001,10,16
375,LINK,89,72,app1,1.00001,M.Action,1001.00001,10,17
376,LINK,218,0,app1,1.00001,M.Action,1001.00001,10,18
377,LINK,270,114,app1,1.00001,M.Action,1001.00001,10,19
378,LINK,6,114,app1,1.00001,M.Action,1001.00001,10,20
379,LINK,85,89,app1,1.00001,M.Action,1001.00001,10,21
380,LINK,170,51,app1,1.00001,M.Action,1001.00001,10,22
381,LINK,347,30,app1,1.00001,M.Action,1001.00001,10,23
382,LINK,114,308,app1,1.00001,M.Action,1001.00001,10,24
383,LINK,56,71,app1,1.00001,M.Action,1001.00001,10,25
385,LINK,96,336,app1,1.00001,M.Action,1001.00001,10,26
386,LINK,140,172,app1,1.00001,M.Action,1001.00001,10,27
387,LINK,132,9,app1,1.00001,M.Action,1001.00001,10,28
389,LINK,71,103,app1,1.00001,M.Action,1001.00001,10,29
392,LINK,176,78,app1,1.00001,M.Action,1001.00001,10,30
395,LINK,336,4,app1,1.00001,M.Action,1001.00001,10,31
397,LINK,105,24,app1,1.00001,M.Action,1001.00001,10,32
398,LINK,168,72,app1,1.00001,M.Action,1001.00001,10,33
400,LINK,57,56,app1,1.00001,M.Action,1001.00001,10,34
372,LINK,60,218,app1,1.00001,M.Action,1002.00002,10,5
374,LINK,206,96,app1,1.00001,M.Action,1002.00002,10,6
388,LINK,103,198,app1,1.00001,M.Action,1002.00002,10,7
390,LINK,96,336,app1,1.00001,M.Action,1002.00002,10,8
391,LINK,218,0,app1,1.00001,M.Action,1002.00002,10,9
393,LINK,347,30,app1,1.00001,M.Action,1002.00002,10,10
394,LINK,6,114,app1,1.00001,M.Action,1002.00002,10,11
361,LINK,218,0,app1,1.00001,M.Action,1002.00002,10,12
362,LINK,65,93,app1,1.00001,M.Action,1002.00002,10,13
368,LINK,198,72,app1,1.00001,M.Action,1002.00002,10,14
369,LINK,51,72,app1,1.00001,M.Action,1002.00002,10,15
376,LINK,0,72,app1,1.00001,M.Action,1002.00002,10,16
377,LINK,114,308,app1,1.00001,M.Action,1002.00002,10,17
378,LINK,114,308,app1,1.00001,M.Action,1002.00002,10,18
379,LINK,89,72,app1,1.00001,M.Action,1002.00002,10,19
380,LINK,51,72,app1,1.00001,M.Action,1002.00002,10,20
381,LINK,30,257,app1,1.00001,M.Action,1002.00002,10,21
382,LINK,308,317,app1,1.00001,M.Action,1002.00002,10,22
383,LINK,71,103,app1,1.00001,M.Action,1002.00002,10,23
385,LINK,336,4,app1,1.00001,M.Action,1002.00002,10,24
386,LINK,172,64,app1,1.00001,M.Action,1002.00002,10,25
387,LINK,9,105,app1,1.00001,M.Action,1002.00002,10,26
392,LINK,78,42,app1,1.00001,M.Action,1002.00002,10,27
395,LINK,4,24,app1,1.00001,M.Action,1002.00002,10,28
397,LINK,24,168,app1,1.00001,M.Action,1002.00002,10,29
400,LINK,56,71,app1,1.00001,M.Action,1002.00002,10,30
399,LINK,60,218,app1,1.00001,M.Action,1003.0000299999999,10,7
370,LINK,96,336,app1,1.00001,M.Action,1003.0000299999999,10,8
373,LINK,198,72,app1,1.00001,M.Action,1003.0000299999999,10,9
389,LINK,103,198,app1,1.00001,M.Action,1003.0000299999999,10,10
372,LINK,218,0,app1,1.00001,M.Action,1003.0000299999999,10,11
390,LINK,336,4,app1,1.00001,M.Action,1003.0000299999999,10,12
391,LINK,0,72,app1,1.00001,M.Action,1003.0000299999999,10,13
393,LINK,30,257,app1,1.00001,M.Action,1003.0000299999999,10,14
394,LINK,114,308,app1,1.00001,M.Action,1003.0000299999999,10,15
362,LINK,93,317,app1,1.00001,M.Action,1003.0000299999999,10,16
377,LINK,308,317,app1,1.00001,M.Action,1003.0000299999999,10,17
381,LINK,257,44,app1,1.00001,M.Action,1003.0000299999999,10,18
382,LINK,317,72,app1,1.00001,M.Action,1003.0000299999999,10,19
385,LINK,4,85,app1,1.00001,M.Action,1003.0000299999999,10,20
386,LINK,64,61,app1,1.00001,M.Action,1003.0000299999999,10,21
387,LINK,105,24,app1,1.00001,M.Action,1003.0000299999999,10,22
392,LINK,42,51,app1,1.00001,M.Action,1003.0000299999999,10,23
395,LINK,24,168,app1,1.00001,M.Action,1003.0000299999999,10,24
397,LINK,168,72,app1,1.00001,M.Action,1003.0000299999999,10,25
400,LINK,71,103,app1,1.00001,M.Action,1003.0000299999999,10,26
371,LINK,60,218,app1,1.00001,M.Action,1004.0000399999999,10,4
374,LINK,96,336,app1,1.00001,M.Action,1004.0000399999999,10,5
388,LINK,198,72,app1,1.00001,M.Action,1004.0000399999999,10,6
361,LINK,0,72,app1,1.00001,M.Action,1004.0000399999999,10,7
378,LINK,308,317,app1,1.00001,M.Action,1004.0000399999999,10,8
383,LINK,103,198,app1,1.00001,M.Action,1004.0000399999999,10,9
399,LINK,218,0,app1,1.00001,M.Action,1004.0000399999999,10,10
370,LINK,336,4,app1,1.00001,M.Action,1004.0000399999999,10,11
390,LINK,4,85,app1,1.00001,M.Action,1004.0000399999999,10,12
393,LINK,257,44,app1,1.00001,M.Action,1004.0000399999999,10,13
362,LINK,317,72,app1,1.00001,M.Action,1004.0000399999999,10,14
377,LINK,317,72,app1,1.00001,M.Action,1004.0000399999999,10,15
381,LINK,44,168,app1,1.00001,M.Action,1004.0000399999999,10,16
385,LINK,85,89,app1,1.00001,M.Action,1004.0000399999999,10,17
386,LINK,61,65,app1,1.00001,M.Action,1004.0000399999999,10,18
387,LINK,24,168,app1,1.00001,M.Action,1004.0000399999999,10,19
392,LINK,51,72,app1,1.00001,M.Action,1004.0000399999999,10,20
395,LINK,168,72,app1,1.00001,M.Action,1004.0000399999999,10,21
389,LINK,198,72,app1,1.00001,M.Action,1005.0000499999999,10,3
372,LINK,0,72,app1,1.00001,M.Action,1005.0000499999999,10,4
394,LINK,308,317,app1,1.00001,M.Action,1005.0000499999999,10,5
400,LINK,103,198,app1,1.00001,M.Action,1005.0000499999999,10,6
371,LINK,218,0,app1,1.00001,M.Action,1005.0000499999999,10,7
374,LINK,336,4,app1,1.00001,M.Action,1005.0000499999999,10,8
378,LINK,317,72,app1,1.00001,M.Action,1005.0000499999999,10,9
370,LINK,4,24,app1,1.00001,M.Action,1005.0000499999999,10,10
390,LINK,85,89,app1,1.00001,M.Action,1005.0000499999999,10,11
393,LINK,44,168,app1,1.00001,M.Action,1005.0000499999999,10,12
381,LINK,168,72,app1,1.00001,M.Action,1005.0000499999999,10,13
385,LINK,89,72,app1,1.00001,M.Action,1005.0000499999999,10,14
386,LINK,65,93,app1,1.00001,M.Action,1005.0000499999999,10,15
387,LINK,168,72,app1,1.00001,M.Action,1005.0000499999999,10,16
383,LINK,198,72,app1,1.00001,M.Action,1006.0000599999998,10,4
399,LINK,0,72,app1,1.00001,M.Action,1006.0000599999998,10,5
394,LINK,317,72,app1,1.00001,M.Action,1006.0000599999998,10,6
374,LINK,4,24,app1,1.00001,M.Action,1006.0000599999998,10,7
370,LINK,24,168,app1,1.00001,M.Action,1006.0000599999998,10,8
390,LINK,89,72,app1,1.00001,M.Action,1006.0000599999998,10,9
393,LINK,168,72,app1,1.00001,M.Action,1006.0000599999998,10,10
386,LINK,93,317,app1,1.00001,M.Action,1006.0000599999998,10,11
400,LINK,198,72,app1,1.00001,M.Action,1007.0000699999998,10,2
371,LINK,0,72,app1,1.00001,M.Action,1007.0000699999998,10,3
374,LINK,24,168,app1,1.00001,M.Action,1007.0000699999998,10,4
370,LINK,168,72,app1,1.00001,M.Action,1007.0000699999998,10,5
386,LINK,317,72,app1,1.00001,M.Action,1007.0000699999998,10,6
374,LINK,168,72,app1,1.00001,M.Action,1008.0000799999998,10,2
401,LINK,83,60,app1,1.00001,M.Action,1100,10,0
402,LINK,64,61,app1,1.00001,M.Action,1100,10,1
403,LINK,317,72,app1,1.00001,M.Action,1100,10,2
404,LINK,51,72,app1,1.00001,M.Action,1100,10,3
405,LINK,308,317,app1,1.00001,M.Action,1100,10,4
406,LINK,0,72,app1,1.00001,M.Action,1100,10,5
407,LINK,42,51,app1,1.00001,M.Action,1100,10,6
408,LINK,71,103,app1,1.00001,M.Action,1100,10,7
409,LINK,78,42,app1,1.00001,M.Action,1100,10,8
410,LINK,104,206,app1,1.00001,M.Action,1100,10,9
411,LINK,2,83,app1,1.00001,M.Action,1100,10,10
412,LINK,83,60,app1,1.00001,M.Action,1100,10,11
413,LINK,18,103,app1,1.00001,M.Action,1100,10,12
414,LINK,104,206,app1,1.00001,M.Action,1100,10,13
415,LINK,85,89,app1,1.00001,M.Action,1100,10,14
416,LINK,287,218,app1,1.00001,M.Action,1100,10,15
417,LINK,275,270,app1,1.00001,M.Action,1100,10,16
418,LINK,141,6,app1,1.00001,M.Action,1100,10,17
419,LINK,190,85,app1,1.00001,M.Action,1100,10,18
420,LINK,349,170,app1,1.00001,M.Action,1100,10,19
421,LINK,82,347,app1,1.00001,M.Action,1100,10,20
422,LINK,6,114,app1,1.00001,M.Action,1100,10,21
423,LINK,57,56,app1,1.00001,M.Action,1100,10,22
424,LINK,228,72,app1,1.00001,M.Action,1100,10,23
425,LINK,206,96,app1,1.00001,M.Action,1100,10,24
426,LINK,29,140,app1,1.00001,M.Action,1100,10,25
427,LINK,197,132,app1,1.00001,M.Action,1100,10,26
428,LINK,71,103,app1,1.00001,M.Action,1100,10,27
429,LINK,56,71,app1,1.00001,M.Action,1100,10,28
430,LINK,206,96,app1,1.00001,M.Action,1100,10,29
431,LINK,287,218,app1,1.00001,M.Action,1100,10,30
432,LINK,248,176,app1,1.00001,M.Action,1100,10,31
433,LINK,82,347,app1,1.00001,M.Action,1100,10,32
434,LINK,141,6,app1,1.00001,M.Action,1100,10,33
435,LINK,96,336,app1,1.00001,M.Action,1100,10,34
436,LINK,89,72,app1,1.00001,M.Action,1100,10,35
437,LINK,9,105,app1,1.00001,M.Action,1100,10,36
438,LINK,24,168,app1,1.00001,M.Action,1100,10,37
439,LINK,83,60,app1,1.00001,M.Action,1100,10,38
440,LINK,52,57,app1,1.00001,M.Action,1100,10,39
401,LINK,60,218,app1,1.00001,M.Action,1101.00001,10,8
402,LINK,61,65,app1,1.00001,M.Action,1101.00001,10,9
405,LINK,317,72,app1,1.00001,M.Action,1101.00001,10,10
407,LINK,51,72,app1,1.00001,M.Action,1101.00001,10,11
408,LINK,103,198,app1,1.00001,M.Action,1101.00001,10,12
409,LINK,42,51,app1,1.00001,M.Action,1101.00001,10,13
410,LINK,206,96,app1,1.00001,M.Action,1101.00001,10,14
411,LINK,83,60,app1,1.00001,M.Action,1101.00001,10,15
413,LINK,103,198,app1,1.00001,M.Action,1101.00001,10,16
415,LINK,89,72,app1,1.00001,M.Action,1101.00001,10,17
416,LINK,218,0,app1,1.00001,M.Action,1101.00001,10,18
417,LINK,270,114,app1,1.00001,M.Action,1101.00001,10,19
418,LINK,6,114,app1,1.00001,M.Action,1101.00001,10,20
419,LINK,85,89,app1,1.00001,M.Action,1101.00001,10,21
420,LINK,170,51,app1,1.00001,M.Action,1101.00001,10,22
421,LINK,347,30,app1,1.00001,M.Action,1101.00001,10,23
422,LINK,114,308,app1,1.00001,M.Action,1101.00001,10,24
423,LINK,56,71,app1,1.00001,M.Action,1101.00001,10,25
425,LINK,96,336,app1,1.00001,M.Action,1101.00001,10,26
426,LINK,140,172,app1,1.00001,M.Action,1101.00001,10,27
427,LINK,132,9,app1,1.00001,M.Action,1101.00001,10,28
429,LINK,71,103,app1,1.00001,M.Action,1101.00001,10,29
432,LINK,176,78,app1,1.00001,M.Action,1101.00001,10,30
435,LINK,336,4,app1,1.00001,M.Action,1101.00001,10,31
437,LINK,105,24,app1,1.00001,M.Action,1101.00001,10,32
438,LINK,168,72,app1,1.00001,M.Action,1101.00001,10,33
440,LINK,57,56,app1,1.00001,M.Action,1101.00001,10,34
412,LINK,60,218,app1,1.00001,M.Action,1102.00002,10,5
414,LINK,206,96,app1,1.00001,M.Action,1102.00002,10,6
428,LINK,103,198,app1,1.00001,M.Action,1102.00002,10,7
430,LINK,96,336,app1,1.00001,M.Action,1102.00002,10,8
431,LINK,218,0,app1,1.00001,M.Action,1102.00002,10,9
433,LINK,347,30,app1,1.00001,M.Action,1102.00002,10,10
434,LINK,6,114,app1,1.00001,M.Action,1102.00002,10,11
401,LINK,218,0,app1,1.00001,M.Action,1102.00002,10,12
402,LINK,65,93,app1,1.00001,M.Action,1102.00002,10,13
408,LINK,198,72,app1,1.00001,M.Action,1102.00002,10,14
409,LINK,51,72,app1,1.00001,M.Action,1102.00002,10,15
416,LINK,0,72,app1,1.00001,M.Action,1102.00002,10,16
417,LINK,114,308,app1,1.00001,M.Action,1102.00002,10,17
418,LINK,114,308,app1,1.00001,M.Action,1102.00002,10,18
419,LINK,89,72,app1,1.00001,M.Action,1102.00002,10,19
420,LINK,51,72,app1,1.00001,M.Action,1102.00002,10,20
421,LINK,30,257,app1,1.00001,M.Action,1102.00002,10,21
422,LINK,308,317,app1,1.00001,M.Action,1102.00002,10,22
423,LINK,71,103,app1,1.00001,M.Action,1102.00002,10,23
425,LINK,336,4,app1,1.00001,M.Action,1102.00002,10,24
426,LINK,172,64,app1,1.00001,M.Action,1102.00002,10,25
427,LINK,9,105,app1,1.00001,M.Action,1102.00002,10,26
432,LINK,78,42,app1,1.00001,M.Action,1102.00002,10,27
435,LINK,4,24,app1,1.00001,M.Action,1102.00002,10,28
437,LINK,24,168,app1,1.00001,M.Action,1102.00002,10,29
440,LINK,56,71,app1,1.00001,M.Action,1102.00002,10,30
439,LINK,60,218,app1,1.00001,M.Action,1103.00003,10,7
410,LINK,96,336,app1,1.00001,M.Action,1103.00003,10,8
413,LINK,198,72,app1,1.00001,M.Action,1103.00003,10,9
429,LINK,103,198,app1,1.00001,M.Action,1103.00003,10,10
412,LINK,218,0,app1,1.00001,M.Action,1103.00003,10,11
430,LINK,336,4,app1,1.00001,M.Action,1103.00003,10,12
431,LINK,0,72,app1,1.00001,M.Action,1103.00003,10,13
433,LINK,30,257,app1,1.00001,M.Action,1103.00003,10,14
434,LINK,114,308,app1,1.00001,M.Action,1103.00003,10,15
402,LINK,93,317,app1,1.00001,M.Action,1103.00003,10,16
417,LINK,308,317,app1,1.00001,M.Action,1103.00003,10,17
421,LINK,257,44,app1,1.00001,M.Action,1103.00003,10,18
422,LINK,317,72,app1,1.00001,M.Action,1103.00003,10,19
425,LINK,4,85,app1,1.00001,M.Action,1103.00003,10,20
426,LINK,64,61,app1,1.00001,M.Action,1103.00003,10,21
427,LINK,105,24,app1,1.00001,M.Action,1103.00003,10,22
432,LINK,42,51,app1,1.00001,M.Action,1103.00003,10,23
435,LINK,24,168,app1,1.00001,M.Action,1103.00003,10,24
437,LINK,168,72,app1,1.00001,M.Action,1103.00003,10,25
440,LINK,71,103,app1,1.00001,M.Action,1103.00003,10,26
411,LINK,60,218,app1,1.00001,M.Action,1104.00004,10,4
414,LINK,96,336,app1,1.00001,M.Action,1104.00004,10,5
428,LINK,198,72,app1,1.00001,M.Action,1104.00004,10,6
401,LINK,0,72,app1,1.00001,M.Action,1104.00004,10,7
418,LINK,308,317,app1,1.00001,M.Action,1104.00004,10,8
423,LINK,103,198,app1,1.00001,M.Action,1104.00004,10,9
439,LINK,218,0,app1,1.00001,M.Action,1104.00004,10,10
410,LINK,336,4,app1,1.00001,M.Action,1104.00004,10,11
430,LINK,4,85,app1,1.00001,M.Action,1104.00004,10,12
433,LINK,257,44,app1,1.00001,M.Action,1104.00004,10,13
402,LINK,317,72,app1,1.00001,M.Action,1104.00004,10,14
417,LINK,317,72,app1,1.00001,M.Action,1104.00004,10,15
421,LINK,44,168,app1,1.00001,M.Action,1104.00004,10,16
425,LINK,85,89,app1,1.00001,M.Action,1104.00004,10,17
426,LINK,61,65,app1,1.00001,M.Action,1104.00004,10,18
427,LINK,24,168,app1,1.00001,M.Action,1104.00004,10,19
432,LINK,51,72,app1,1.00001,M.Action,1104.00004,10,20
435,LINK,168,72,app1,1.00001,M.Action,1104.00004,10,21
429,LINK,198,72,app1,1.00001,M.Action,1105.0000499999999,10,3
412,LINK,0,72,app1,1.00001,M.Action,1105.0000499999999,10,4
434,LINK,308,317,app1,1.00001,M.Action,1105.0000499999999,10,5
440,LINK,103,198,app1,1.00001,M.Action,1105.0000499999999,10,6
411,LINK,218,0,app1,1.00001,M.Action,1105.0000499999999,10,7
414,LINK,336,4,app1,1.00001,M.Action,1105.0000499999999,10,8
418,LINK,317,72,app1,1.00001,M.Action,1105.0000499999999,10,9
410,LINK,4,24,app1,1.00001,M.Action,1105.0000499999999,10,10
430,LINK,85,89,app1,1.00001,M.Action,1105.0000499999999,10,11
433,LINK,44,168,app1,1.00001,M.Action,1105.0000499999999,10,12
421,LINK,168,72,app1,1.00001,M.Action,1105.0000499999999,10,13
425,LINK,89,72,app1,1.00001,M.Action,1105.0000499999999,10,14
426,LINK,65,93,app1,1.00001,M.Action,1105.0000499999999,10,15
427,LINK,168,72,app1,1.00001,M.Action,1105.0000499999999,10,16
423,LINK,198,72,app1,1.00001,M.Action,1106.0000599999998,10,4
439,LINK,0,72,app1,1.00001,M.Action,1106.0000599999998,10,5
434,LINK,317,72,app1,1.00001,M.Action,1106.0000599999998,10,6
414,LINK,4,24,app1,1.00001,M.Action,1106.0000599999998,10,7
410,LINK,24,168,app1,1.00001,M.Action,1106.0000599999998,10,8
430,LINK,89,72,app1,1.00001,M.Action,1106.0000599999998,10,9
433,LINK,168,72,app1,1.00001,M.Action,1106.0000599999998,10,10
426,LINK,93,317,app1,1.00001,M.Action,1106.0000599999998,10,11
440,LINK,198,72,app1,1.00001,M.Action,1107.0000699999998,10,2
411,LINK,0,72,app1,1.00001,M.Action,1107.0000699999998,10,3
414,LINK,24,168,app1,1.00001,M.Action,1107.0000699999998,10,4
410,LINK,168,72,app1,1.00001,M.Action,1107.0000699999998,10,5
426,LINK,317,72,app1,1.00001,M.Action,1107.0000699999998,10,6
414,LINK,168,72,app1,1.00001,M.Action,1108.0000799999998,10,2
441,LINK,83,60,app1,1.00001,M.Action,1200,10,0
442,LINK,64,61,app1,1.00001,M.Action,1200,10,1
443,LINK,317,72,app1,1.00001,M.Action,1200,10,2
444,LINK,51,72,app1,1.00001,M.Action,1200,10,3
445,LINK,308,317,app1,1.00001,M.Action,1200,10,4
446,LINK,0,72,app1,1.00001,M.Action,1200,10,5
447,LINK,42,51,app1,1.00001,M.Action,1200,10,6
448,LINK,71,103,app1,1.00001,M.Action,1200,10,7
449,LINK,78,42,app1,1.00001,M.Action,1200,10,8
450,LINK,104,206,app1,1.00001,M.Action,1200,10,9
451,LINK,2,83,app1,1.00001,M.Action,1200,10,10
452,LINK,83,60,app1,1.00001,M.Action,1200,10,11
453,LINK,18,103,app1,1.00001,M.Action,1200,10,12
454,LINK,104,206,app1,1.00001,M.Action,1200,10,13
455,LINK,85,89,app1,1.00001,M.Action,1200,10,14
456,LINK,287,218,app1,1.00001,M.Action,1200,10,15
457,LINK,275,270,app1,1.00001,M.Action,1200,10,16
458,LINK,141,6,app1,1.00001,M.Action,1200,10,17
459,LINK,190,85,app1,1.00001,M.Action,1200,10,18
460,LINK,349,170,app1,1.00001,M.Action,1200,10,19
461,LINK,82,347,app1,1.00001,M.Action,1200,10,20
462,LINK,6,114,app1,1.00001,M.Action,1200,10,21
463,LINK,57,56,app1,1.00001,M.Action,1200,10,22
464,LINK,228,72,app1,1.00001,M.Action,1200,10,23
465,LINK,206,96,app1,1.00001,M.Action,1200,10,24
466,LINK,29,140,app1,1.00001,M.Action,1200,10,25
467,LINK,197,132,app1,1.00001,M.Action,1200,10,26
468,LINK,71,103,app1,1.00001,M.Action,1200,10,27
469,LINK,56,71,app1,1.00001,M.Action,1200,10,28
470,LINK,206,96,app1,1.00001,M.Action,1200,10,29
471,LINK,287,218,app1,1.00001,M.Action,1200,10,30
472,LINK,248,176,app1,1.00001,M.Action,1200,10,31
473,LINK,82,347,app1,1.00001,M.Action,1200,10,32
474,LINK,141,6,app1,1.00001,M.Action,1200,10,33
475,LINK,96,336,app1,1.00001,M.Action,1200,10,34
476,LINK,89,72,app1,1.00001,M.Action,1200,10,35
477,LINK,9,105,app1,1.00001,M.Action,1200,10,36
478,LINK,24,168,app1,1.00001,M.Action,1200,10,37
479,LINK,83,60,app1,1.00001,M.Action,1200,10,38
480,LINK,52,57,app1,1.00001,M.Action,1200,10,39
441,LINK,60,218,app1,1.00001,M.Action,1201.00001,10,8
442,LINK,61,65,app1,1.00001,M.Action,1201.00001,10,9
445,LINK,317,72,app1,1.00001,M.Action,1201.00001,10,10
447,LINK,51,72,app1,1.00001,M.Action,1201.00001,10,11
448,LINK,103,198,app1,1.00001,M.Action,1201.00001,10,12
449,LINK,42,51,app1,1.00001,M.Action,1201.00001,10,13
450,LINK,206,96,app1,1.00001,M.Action,1201.00001,10,14
451,LINK,83,60,app1,1.00001,M.Action,1201.00001,10,15
453,LINK,103,198,app1,1.00001,M.Action,1201.00001,10,16
455,LINK,89,72,app1,1.00001,M.Action,1201.00001,10,17
456,LINK,218,0,app1,1.00001,M.Action,1201.00001,10,18
457,LINK,270,114,app1,1.00001,M.Action,1201.00001,10,19
458,LINK,6,114,app1,1.00001,M.Action,1201.00001,10,20
459,LINK,85,89,app1,1.00001,M.Action,1201.00001,10,21
460,LINK,170,51,app1,1.00001,M.Action,1201.00001,10,22
461,LINK,347,30,app1,1.00001,M.Action,1201.00001,10,23
462,LINK,114,308,app1,1.00001,M.Action,1201.00001,10,24
463,LINK,56,71,app1,1.00001,M.Action,1201.00001,10,25
465,LINK,96,336,app1,1.00001,M.Action,1201.00001,10,26
466,LINK,140,172,app1,1.00001,M.Action,1201.00001,10,27
467,LINK,132,9,app1,1.00001,M.Action,1201.00001,10,28
469,LINK,71,103,app1,1.00001,M.Action,1201.00001,10,29
472,LINK,176,78,app1,1.00001,M.Action,1201.00001,10,30
475,LINK,336,4,app1,1.00001,M.Action,1201.00001,10,31
477,LINK,105,24,app1,1.00001,M.Action,1201.00001,10,32
478,LINK,168,72,app1,1.00001,M.Action,1201.00001,10,33
480,LINK,57,56,app1,1.00001,M.Action,1201.00001,10,34
452,LINK,60,218,app1,1.00001,M.Action,1202.00002,10,5
454,LINK,206,96,app1,1.00001,M.Action,1202.00002,10,6
468,LINK,103,198,app1,1.00001,M.Action,1202.00002,10,7
470,LINK,96,336,app1,1.00001,M.Action,1202.00002,10,8
471,LINK,218,0,app1,1.00001,M.Action,1202.00002,10,9
473,LINK,347,30,app1,1.00001,M.Action,1202.00002,10,10
474,LINK,6,114,app1,1.00001,M.Action,1202.00002,10,11
441,LINK,218,0,app1,1.00001,M.Action,1202.00002,10,12
442,LINK,65,93,app1,1.00001,M.Action,1202.00002,10,13
448,LINK,198,72,app1,1.00001,M.Action,1202.00002,10,14
449,LINK,51,72,app1,1.00001,M.Action,1202.00002,10,15
456,LINK,0,72,app1,1.00001,M.Action,1202.00002,10,16
457,LINK,114,308,app1,1.00001,M.Action,1202.00002,10,17
458,LINK,114,308,app1,1.00001,M.Action,1202.00002,10,18
459,LINK,89,72,app1,1.00001,M.Action,1202.00002,10,19
460,LINK,51,72,app1,1.00001,M.Action,1202.00002,10,20
461,LINK,30,257,app1,1.00001,M.Action,1202.00002,10,21
462,LINK,308,317,app1,1.00001,M.Action,1202.00002,10,22
463,LINK,71,103,app1,1.00001,M.Action,1202.00002,10,23
465,LINK,336,4,app1,1.00001,M.Action,1202.00002,10,24
466,LINK,172,64,app1,1.00001,M.Action,1202.00002,10,25
467,LINK,9,105,app1,1.00001,M.Action,1202.00002,10,26
472,LINK,78,42,app1,1.00001,M.Action,1202.00002,10,27
475,LINK,4,24,app1,1.00001,M.Action,1202.00002,10,28
477,LINK,24,168,app1,1.00001,M.Action,1202.00002,10,29
480,LINK,56,71,app1,1.00001,M.Action,1202.00002,10,30
479,LINK,60,218,app1,1.00001,M.Action,1203.00003,10,7
450,LINK,96,336,app1,1.00001,M.Action,1203.00003,10,8
453,LINK,198,72,app1,1.00001,M.Action,1203.00003,10,9
469,LINK,103,198,app1,1.00001,M.Action,1203.00003,10,10
452,LINK,218,0,app1,1.00001,M.Action,1203.00003,10,11
470,LINK,336,4,app1,1.00001,M.Action,1203.00003,10,12
471,LINK,0,72,app1,1.00001,M.Action,1203.00003,10,13
473,LINK,30,257,app1,1.00001,M.Action,1203.00003,10,14
474,LINK,114,308,app1,1.00001,M.Action,1203.00003,10,15
442,LINK,93,317,app1,1.00001,M.Action,1203.00003,10,16
457,LINK,308,317,app1,1.00001,M.Action,1203.00003,10,17
461,LINK,257,44,app1,1.00001,M.Action,1203.00003,10,18
462,LINK,317,72,app1,1.00001,M.Action,1203.00003,10,19
465,LINK,4,85,app1,1.00001,M.Action,1203.00003,10,20
466,LINK,64,61,app1,1.00001,M.Action,1203.00003,10,21
467,LINK,105,24,app1,1.00001,M.Action,1203.00003,10,22
472,LINK,42,51,app1,1.00001,M.Action,1203.00003,10,23
475,LINK,24,168,app1,1.00001,M.Action,1203.00003,10,24
477,LINK,168,72,app1,1.00001,M.Action,1203.00003,10,25
480,LINK,71,103,app1,1.00001,M.Action,1203.00003,10,26
451,LINK,60,218,app1,1.00001,M.Action,1204.00004,10,4
454,LINK,96,336,app1,1.00001,M.Action,1204.00004,10,5
468,LINK,198,72,app1,1.00001,M.Action,1204.00004,10,6
441,LINK,0,72,app1,1.00001,M.Action,1204.00004,10,7
458,LINK,308,317,app1,1.00001,M.Action,1204.00004,10,8
463,LINK,103,198,app1,1.00001,M.Action,1204.00004,10,9
479,LINK,218,0,app1,1.00001,M.Action,1204.00004,10,10
450,LINK,336,4,app1,1.00001,M.Action,1204.00004,10,11
470,LINK,4,85,app1,1.00001,M.Action,1204.00004,10,12
473,LINK,257,44,app1,1.00001,M.Action,1204.00004,10,13
442,LINK,317,72,app1,1.00001,M.Action,1204.00004,10,14
457,LINK,317,72,app1,1.00001,M.Action,1204.00004,10,15
461,LINK,44,168,app1,1.00001,M.Action,1204.00004,10,16
465,LINK,85,89,app1,1.00001,M.Action,1204.00004,10,17
466,LINK,61,65,app1,1.00001,M.Action,1204.00004,10,18
467,LINK,24,168,app1,1.00001,M.Action,1204.00004,10,19
472,LINK,51,72,app1,1.00001,M.Action,1204.00004,10,20
475,LINK,168,72,app1,1.00001,M.Action,1204.00004,10,21
469,LINK,198,72,app1,1.00001,M.Action,1205.0000499999999,10,3
452,LINK,0,72,app1,1.00001,M.Action,1205.0000499999999,10,4
474,LINK,308,317,app1,1.00001,M.Action,1205.0000499999999,10,5
480,LINK,103,198,app1,1.00001,M.Action,1205.0000499999999,10,6
451,LINK,218,0,app1,1.00001,M.Action,1205.0000499999999,10,7
454,LINK,336,4,app1,1.00001,M.Action,1205.0000499999999,10,8
458,LINK,317,72,app1,1.00001,M.Action,1205.0000499999999,10,9
450,LINK,4,24,app1,1.00001,M.Action,1205.0000499999999,10,10
470,LINK,85,89,app1,1.00001,M.Action,1205.0000499999999,10,11
473,LINK,44,168,app1,1.00001,M.Action,1205.0000499999999,10,12
461,LINK,168,72,app1,1.00001,M.Action,1205.0000499999999,10,13
465,LINK,89,72,app1,1.00001,M.Action,1205.0000499999999,10,14
466,LINK,65,93,app1,1.00001,M.Action,1205.0000499999999,10,15
467,LINK,168,72,app1,1.00001,M.Action,1205.0000499999999,10,16
463,LINK,198,72,app1,1.00001,M.Action,1206.0000599999998,10,4
479,LINK,0,72,app1,1.00001,M.Action,1206.0000599999998,10,5
474,LINK,317,72,app1,1.00001,M.Action,1206.0000599999998,10,6
454,LINK,4,24,app1,1.00001,M.Action,1206.0000599999998,10,7
450,LINK,24,168,app1,1.00001,M.Action,1206.0000599999998,10,8
470,LINK,89,72,app1,1.00001,M.Action,1206.0000599999998,10,9
473,LINK,168,72,app1,1.00001,M.Action,1206.0000599999998,10,10
466,LINK,93,317,app1,1.00001,M.Action,1206.0000599999998,10,11
480,LINK,198,72,app1,1.00001,M.Action,1207.0000699999998,10,2
451,LINK,0,72,app1,1.00001,M.Action,1207.0000699999998,10,3
454,LINK,24,168,app1,1.00001,M.Action,1207.0000699999998,10,4
450,LINK,168,72,app1,1.00001,M.Action,1207.0000699999998,10,5
466,LINK,317,72,app1,1.00001,M.Action,1207.0000699999998,10,6
454,LINK,168,72,app1,1.00001,M.Action,1208.0000799999998,10,2
481,LINK,60,218,app1,1.00001,M.Action,1300,10,0
482,LINK,61,153,app1,1.00001,M.Action,1300,10,1
483,LINK,317,72,app1,1.00001,M.Action,1300,10,2
484,LINK,51,72,app1,1.00001,M.Action,1300,10,3
485,LINK,317,72,app1,1.00001,M.Action,1300,10,4
486,LINK,0,72,app1,1.00001,M.Action,1300,10,5
487,LINK,51,72,app1,1.00001,M.Action,1300,10,6
488,LINK,103,198,app1,1.00001,M.Action,1300,10,7
489,LINK,42,51,app1,1.00001,M.Action,1300,10,8
490,LINK,206,96,app1,1.00001,M.Action,1300,10,9
491,LINK,83,60,app1,1.00001,M.Action,1300,10,10
492,LINK,60,218,app1,1.00001,M.Action,1300,10,11
493,LINK,103,198,app1,1.00001,M.Action,1300,10,12
494,LINK,206,96,app1,1.00001,M.Action,1300,10,13
495,LINK,89,72,app1,1.00001,M.Action,1300,10,14
496,LINK,218,0,app1,1.00001,M.Action,1300,10,15
497,LINK,270,240,app1,1.00001,M.Action,1300,10,16
498,LINK,6,114,app1,1.00001,M.Action,1300,10,17
499,LINK,85,89,app1,1.00001,M.Action,1300,10,18
500,LINK,170,51,app1,1.00001,M.Action,1300,10,19
501,LINK,347,30,app1,1.00001,M.Action,1300,10,20
502,LINK,114,308,app1,1.00001,M.Action,1300,10,21
503,LINK,56,71,app1,1.00001,M.Action,1300,10,22
504,LINK,228,72,app1,1.00001,M.Action,1300,10,23
505,LINK,96,336,app1,1.00001,M.Action,1300,10,24
506,LINK,140,172,app1,1.00001,M.Action,1300,10,25
507,LINK,132,9,app1,1.00001,M.Action,1300,10,26
508,LINK,103,198,app1,1.00001,M.Action,1300,10,27
509,LINK,71,103,app1,1.00001,M.Action,1300,10,28
510,LINK,96,336,app1,1.00001,M.Action,1300,10,29
511,LINK,218,0,app1,1.00001,M.Action,1300,10,30
512,LINK,176,78,app1,1.00001,M.Action,1300,10,31
513,LINK,347,30,app1,1.00001,M.Action,1300,10,32
514,LINK,6,114,app1,1.00001,M.Action,1300,10,33
515,LINK,336,4,app1,1.00001,M.Action,1300,10,34
516,LINK,89,72,app1,1.00001,M.Action,1300,10,35
517,LINK,105,24,app1,1.00001,M.Action,1300,10,36
518,LINK,168,72,app1,1.00001,M.Action,1300,10,37
519,LINK,60,218,app1,1.00001,M.Action,1300,10,38
520,LINK,57,56,app1,1.00001,M.Action,1300,10,39
481,LINK,218,0,app1,1.00001,M.Action,1301.00001,10,12
482,LINK,153,22,app1,1.00001,M.Action,1301.00001,10,13
488,LINK,198,72,app1,1.00001,M.Action,1301.00001,10,14
489,LINK,51,72,app1,1.00001,M.Action,1301.00001,10,15
490,LINK,96,336,app1,1.00001,M.Action,1301.00001,10,16
491,LINK,60,218,app1,1.00001,M.Action,1301.00001,10,17
496,LINK,0,72,app1,1.00001,M.Action,1301.00001,10,18
497,LINK,240,171,app1,1.00001,M.Action,1301.00001,10,19
498,LINK,114,308,app1,1.00001,M.Action,1301.00001,10,20
499,LINK,89,72,app1,1.00001,M.Action,1301.00001,10,21
500,LINK,51,72,app1,1.00001,M.Action,1301.00001,10,22
501,LINK,30,257,app1,1.00001,M.Action,1301.00001,10,23
502,LINK,308,317,app1,1.00001,M.Action,1301.00001,10,24
503,LINK,71,103,app1,1.00001,M.Action,1301.00001,10,25
505,LINK,336,4,app1,1.00001,M.Action,1301.00001,10,26
506,LINK,172,64,app1,1.00001,M.Action,1301.00001,10,27
507,LINK,9,105,app1,1.00001,M.Action,1301.00001,10,28
509,LINK,103,198,app1,1.00001,M.Action,1301.00001,10,29
512,LINK,78,42,app1,1.00001,M.Action,1301.00001,10,30
515,LINK,4,85,app1,1.00001,M.Action,1301.00001,10,31
517,LINK,24,168,app1,1.00001,M.Action,1301.00001,10,32
520,LINK,56,71,app1,1.00001,M.Action,1301.00001,10,33
492,LINK,218,0,app1,1.00001,M.Action,1302.00002,10,9
493,LINK,198,72,app1,1.00001,M.Action,1302.00002,10,10
494,LINK,96,336,app1,1.00001,M.Action,1302.00002,10,11
510,LINK,336,4,app1,1.00001,M.Action,1302.00002,10,12
511,LINK,0,72,app1,1.00001,M.Action,1302.00002,10,13
513,LINK,30,257,app1,1.00001,M.Action,1302.00002,10,14
514,LINK,114,308,app1,1.00001,M.Action,1302.00002,10,15
482,LINK,22,0,app1,1.00001,M.Action,1302.00002,10,16
497,LINK,171,128,app1,1.00001,M.Action,1302.00002,10,17
498,LINK,308,317,app1,1.00001,M.Action,1302.00002,10,18
501,LINK,257,44,app1,1.00001,M.Action,1302.00002,10,19
502,LINK,317,72,app1,1.00001,M.Action,1302.00002,10,20
503,LINK,103,198,app1,1.00001,M.Action,1302.00002,10,21
505,LINK,4,24,app1,1.00001,M.Action,1302.00002,10,22
506,LINK,64,61,app1,1.00001,M.Action,1302.00002,10,23
507,LINK,105,24,app1,1.00001,M.Action,1302.00002,10,24
512,LINK,42,51,app1,1.00001,M.Action,1302.00002,10,25
515,LINK,85,89,app1,1.00001,M.Action,1302.00002,10,26
517,LINK,168,72,app1,1.00001,M.Action,1302.00002,10,27
520,LINK,71,103,app1,1.00001,M.Action,1302.00002,10,28
508,LINK,198,72,app1,1.00001,M.Action,1303.00003,10,6
519,LINK,218,0,app1,1.00001,M.Action,1303.00003,10,7
481,LINK,0,72,app1,1.00001,M.Action,1303.00003,10,8
490,LINK,336,4,app1,1.00001,M.Action,1303.00003,10,9
510,LINK,4,24,app1,1.00001,M.Action,1303.00003,10,10
513,LINK,257,44,app1,1.00001,M.Action,1303.00003,10,11
514,LINK,308,317,app1,1.00001,M.Action,1303.00003,10,12
482,LINK,0,72,app1,1.00001,M.Action,1303.00003,10,13
497,LINK,128,72,app1,1.00001,M.Action,1303.00003,10,14
498,LINK,317,72,app1,1.00001,M.Action,1303.00003,10,15
501,LINK,44,168,app1,1.00001,M.Action,1303.00003,10,16
505,LINK,24,168,app1,1.00001,M.Action,1303.00003,10,17
506,LINK,61,65,app1,1.00001,M.Action,1303.00003,10,18
507,LINK,24,168,app1,1.00001,M.Action,1303.00003,10,19
512,LINK,51,72,app1,1.00001,M.Action,1303.00003,10,20
515,LINK,89,72,app1,1.00001,M.Action,1303.00003,10,21
520,LINK,103,198,app1,1.00001,M.Action,1303.00003,10,22
491,LINK,218,0,app1,1.00001,M.Action,1304.00004,10,6
509,LINK,198,72,app1,1.00001,M.Action,1304.00004,10,7
492,LINK,0,72,app1,1.00001,M.Action,1304.00004,10,8
494,LINK,336,4,app1,1.00001,M.Action,1304.00004,10,9
490,LINK,4,85,app1,1.00001,M.Action,1304.00004,10,10
510,LINK,24,168,app1,1.00001,M.Action,1304.00004,10,11
513,LINK,44,168,app1,1.00001,M.Action,1304.00004,10,12
514,LINK,317,72,app1,1.00001,M.Action,1304.00004,10,13
501,LINK,168,72,app1,1.00001,M.Action,1304.00004,10,14
505,LINK,168,72,app1,1.00001,M.Action,1304.00004,10,15
506,LINK,65,93,app1,1.00001,M.Action,1304.00004,10,16
503,LINK,198,72,app1,1.00001,M.Action,1305.0000499999999,10,5
519,LINK,0,72,app1,1.00001,M.Action,1305.0000499999999,10,6
507,LINK,168,72,app1,1.00001,M.Action,1305.0000499999999,10,7
494,LINK,4,85,app1,1.00001,M.Action,1305.0000499999999,10,8
490,LINK,85,89,app1,1.00001,M.Action,1305.0000499999999,10,9
513,LINK,168,72,app1,1.00001,M.Action,1305.0000499999999,10,10
506,LINK,93,317,app1,1.00001,M.Action,1305.0000499999999,10,11
520,LINK,198,72,app1,1.00001,M.Action,1306.0000599999998,10,3
491,LINK,0,72,app1,1.00001,M.Action,1306.0000599999998,10,4
510,LINK,168,72,app1,1.00001,M.Action,1306.0000599999998,10,5
494,LINK,85,89,app1,1.00001,M.Action,1306.0000599999998,10,6
490,LINK,89,72,app1,1.00001,M.Action,1306.0000599999998,10,7
506,LINK,317,72,app1,1.00001,M.Action,1306.0000599999998,10,8
494,LINK,89,72,app1,1.00001,M.Action,1307.0000699999998,10,3
521,LINK,60,218,app1,1.00001,M.Action,1400,10,0
522,LINK,61,153,app1,1.00001,M.Action,1400,10,1
523,LINK,317,72,app1,1.00001,M.Action,1400,10,2
524,LINK,51,72,app1,1.00001,M.Action,1400,10,3
525,LINK,317,72,app1,1.00001,M.Action,1400,10,4
526,LINK,0,72,app1,1.00001,M.Action,1400,10,5
527,LINK,51,72,app1,1.00001,M.Action,1400,10,6
528,LINK,103,198,app1,1.00001,M.Action,1400,10,7
529,LINK,42,51,app1,1.00001,M.Action,1400,10,8
530,LINK,206,96,app1,1.00001,M.Action,1400,10,9
531,LINK,83,60,app1,1.00001,M.Action,1400,10,10
532,LINK,60,218,app1,1.00001,M.Action,1400,10,11
533,LINK,103,198,app1,1.00001,M.Action,1400,10,12
534,LINK,206,96,app1,1.00001,M.Action,1400,10,13
535,LINK,89,72,app1,1.00001,M.Action,1400,10,14
536,LINK,218,0,app1,1.00001,M.Action,1400,10,15
537,LINK,270,240,app1,1.00001,M.Action,1400,10,16
538,LINK,6,114,app1,1.00001,M.Action,1400,10,17
539,LINK,85,89,app1,1.00001,M.Action,1400,10,18
540,LINK,170,51,app1,1.00001,M.Action,1400,10,19
541,LINK,347,30,app1,1.00001,M.Action,1400,10,20
542,LINK,114,308,app1,1.00001,M.Action,1400,10,21
543,LINK,56,71,app1,1.00001,M.Action,1400,10,22
544,LINK,228,72,app1,1.00001,M.Action,1400,10,23
545,LINK,96,336,app1,1.00001,M.Action,1400,10,24
546,LINK,140,172,app1,1.00001,M.Action,1400,10,25
547,LINK,132,9,app1,1.00001,M.Action,1400,10,26
548,LINK,103,198,app1,1.00001,M.Action,1400,10,27
549,LINK,71,103,app1,1.00001,M.Action,1400,10,28
550,LINK,96,336,app1,1.00001,M.Action,1400,10,29
551,LINK,218,0,app1,1.00001,M.Action,1400,10,30
552,LINK,176,78,app1,1.00001,M.Action,1400,10,31
553,LINK,347,30,app1,1.00001,M.Action,1400,10,32
554,LINK,6,114,app1,1.00001,M.Action,1400,10,33
555,LINK,336,4,app1,1.00001,M.Action,1400,10,34
556,LINK,89,72,app1,1.00001,M.Action,1400,10,35
557,LINK,105,24,app1,1.00001,M.Action,1400,10,36
558,LINK,168,72,app1,1.00001,M.Action,1400,10,37
559,LINK,60,218,app1,1.00001,M.Action,1400,10,38
560,LINK,57,56,app1,1.00001,M.Action,1400,10,39
521,LINK,218,0,app1,1.00001,M.Action,1401.00001,10,12
522,LINK,153,22,app1,1.00001,M.Action,1401.00001,10,13
528,LINK,198,72,app1,1.00001,M.Action,1401.00001,10,14
529,LINK,51,72,app1,1.00001,M.Action,1401.00001,10,15
530,LINK,96,336,app1,1.00001,M.Action,1401.00001,10,16
531,LINK,60,218,app1,1.00001,M.Action,1401.00001,10,17
536,LINK,0,72,app1,1.00001,M.Action,1401.00001,10,18
537,LINK,240,171,app1,1.00001,M.Action,1401.00001,10,19
538,LINK,114,308,app1,1.00001,M.Action,1401.00001,10,20
539,LINK,89,72,app1,1.00001,M.Action,1401.00001,10,21
540,LINK,51,72,app1,1.00001,M.Action,1401.00001,10,22
541,LINK,30,257,app1,1.00001,M.Action,1401.00001,10,23
542,LINK,308,317,app1,1.00001,M.Action,1401.00001,10,24
543,LINK,71,103,app1,1.00001,M.Action,1401.00001,10,25
545,LINK,336,4,app1,1.00001,M.Action,1401.00001,10,26
546,LINK,172,64,app1,1.00001,M.Action,1401.00001,10,27
547,LINK,9,105,app1,1.00001,M.Action,1401.00001,10,28
549,LINK,103,198,app1,1.00001,M.Action,1401.00001,10,29
552,LINK,78,42,app1,1.00001,M.Action,1401.00001,10,30
555,LINK,4,85,app1,1.00001,M.Action,1401.00001,10,31
557,LINK,24,168,app1,1.00001,M.Action,1401.00001,10,32
560,LINK,56,71,app1,1.00001,M.Action,1401.00001,10,33
532,LINK,218,0,app1,1.00001,M.Action,1402.00002,10,9
533,LINK,198,72,app1,1.00001,M.Action,1402.00002,10,10
534,LINK,96,336,app1,1.00001,M.Action,1402.00002,10,11
550,LINK,336,4,app1,1.00001,M.Action,1402.00002,10,12
551,LINK,0,72,app1,1.00001,M.Action,1402.00002,10,13
553,LINK,30,257,app1,1.00001,M.Action,1402.00002,10,14
554,LINK,114,308,app1,1.00001,M.Action,1402.00002,10,15
522,LINK,22,0,app1,1.00001,M.Action,1402.00002,10,16
537,LINK,171,128,app1,1.00001,M.Action,1402.00002,10,17
538,LINK,308,317,app1,1.00001,M.Action,1402.00002,10,18
541,LINK,257,44,app1,1.00001,M.Action,1402.00002,10,19
542,LINK,317,72,app1,1.00001,M.Action,1402.00002,10,20
543,LINK,103,198,app1,1.00001,M.Action,1402.00002,10,21
545,LINK,4,24,app1,1.00001,M.Action,1402.00002,10,22
546,LINK,64,61,app1,1.00001,M.Action,1402.00002,10,23
547,LINK,105,24,app1,1.00001,M.Action,1402.00002,10,24
552,LINK,42,51,app1,1.00001,M.Action,1402.00002,10,25
555,LINK,85,89,app1,1.00001,M.Action,1402.00002,10,26
557,LINK,168,72,app1,1.00001,M.Action,1402.00002,10,27
560,LINK,71,103,app1,1.00001,M.Action,1402.00002,10,28
548,LINK,198,72,app1,1.00001,M.Action,1403.00003,10,6
559,LINK,218,0,app1,1.00001,M.Action,1403.00003,10,7
521,LINK,0,72,app1,1.00001,M.Action,1403.00003,10,8
530,LINK,336,4,app1,1.00001,M.Action,1403.00003,10,9
550,LINK,4,24,app1,1.00001,M.Action,1403.00003,10,10
553,LINK,257,44,app1,1.00001,M.Action,1403.00003,10,11
554,LINK,308,317,app1,1.00001,M.Action,1403.00003,10,12
522,LINK,0,72,app1,1.00001,M.Action,1403.00003,10,13
537,LINK,128,72,app1,1.00001,M.Action,1403.00003,10,14
538,LINK,317,72,app1,1.00001,M.Action,1403.00003,10,15
541,LINK,44,168,app1,1.00001,M.Action,1403.00003,10,16
545,LINK,24,168,app1,1.00001,M.Action,1403.00003,10,17
546,LINK,61,65,app1,1.00001,M.Action,1403.00003,10,18
547,LINK,24,168,app1,1.00001,M.Action,1403.00003,10,19
552,LINK,51,72,app1,1.00001,M.Action,1403.00003,10,20
555,LINK,89,72,app1,1.00001,M.Action,1403.00003,10,21
560,LINK,103,198,app1,1.00001,M.Action,1403.00003,10,22
531,LINK,218,0,app1,1.00001,M.Action,1404.00004,10,6
549,LINK,198,72,app1,1.00001,M.Action,1404.00004,10,7
532,LINK,0,72,app1,1.00001,M.Action,1404.00004,10,8
534,LINK,336,4,app1,1.00001,M.Action,1404.00004,10,9
530,LINK,4,85,app1,1.00001,M.Action,1404.00004,10,10
550,LINK,24,168,app1,1.00001,M.Action,1404.00004,10,11
553,LINK,44,168,app1,1.00001,M.Action,1404.00004,10,12
554,LINK,317,72,app1,1.00001,M.Action,1404.00004,10,13
541,LINK,168,72,app1,1.00001,M.Action,1404.00004,10,14
545,LINK,168,72,app1,1.00001,M.Action,1404.00004,10,15
546,LINK,65,93,app1,1.00001,M.Action,1404.00004,10,16
543,LINK,198,72,app1,1.00001,M.Action,1405.0000499999999,10,5
559,LINK,0,72,app1,1.00001,M.Action,1405.0000499999999,10,6
547,LINK,168,72,app1,1.00001,M.Action,1405.0000499999999,10,7
534,LINK,4,85,app1,1.00001,M.Action,1405.0000499999999,10,8
530,LINK,85,89,app1,1.00001,M.Action,1405.0000499999999,10,9
553,LINK,168,72,app1,1.00001,M.Action,1405.0000499999999,10,10
546,LINK,93,317,app1,1.00001,M.Action,1405.0000499999999,10,11
560,LINK,198,72,app1,1.00001,M.Action,1406.0000599999998,10,3
531,LINK,0,72,app1,1.00001,M.Action,1406.0000599999998,10,4
550,LINK,168,72,app1,1.00001,M.Action,1406.0000599999998,10,5
534,LINK,85,89,app1,1.00001,M.Action,1406.0000599999998,10,6
530,LINK,89,72,app1,1.00001,M.Action,1406.0000599999998,10,7
546,LINK,317,72,app1,1.00001,M.Action,1406.0000599999998,10,8
534,LINK,89,72,app1,1.00001,M.Action,1407.0000699999998,10,3
561,LINK,60,218,app1,1.00001,M.Action,1500,10,0
562,LINK,61,153,app1,1.00001,M.Action,1500,10,1
563,LINK,317,72,app1,1.00001,M.Action,1500,10,2
564,LINK,51,72,app1,1.00001,M.Action,1500,10,3
565,LINK,317,72,app1,1.00001,M.Action,1500,10,4
566,LINK,0,72,app1,1.00001,M.Action,1500,10,5
567,LINK,51,72,app1,1.00001,M.Action,1500,10,6
568,LINK,103,198,app1,1.00001,M.Action,1500,10,7
569,LINK,42,51,app1,1.00001,M.Action,1500,10,8
570,LINK,206,96,app1,1.00001,M.Action,1500,10,9
571,LINK,83,60,app1,1.00001,M.Action,1500,10,10
572,LINK,60,218,app1,1.00001,M.Action,1500,10,11
573,LINK,103,198,app1,1.00001,M.Action,1500,10,12
574,LINK,206,96,app1,1.00001,M.Action,1500,10,13
575,LINK,89,72,app1,1.00001,M.Action,1500,10,14
576,LINK,218,0,app1,1.00001,M.Action,1500,10,15
577,LINK,270,240,app1,1.00001,M.Action,1500,10,16
578,LINK,6,114,app1,1.00001,M.Action,1500,10,17
579,LINK,85,89,app1,1.00001,M.Action,1500,10,18
580,LINK,170,51,app1,1.00001,M.Action,1500,10,19
581,LINK,347,30,app1,1.00001,M.Action,1500,10,20
582,LINK,114,308,app1,1.00001,M.Action,1500,10,21
583,LINK,56,71,app1,1.00001,M.Action,1500,10,22
584,LINK,228,72,app1,1.00001,M.Action,1500,10,23
585,LINK,96,336,app1,1.00001,M.Action,1500,10,24
586,LINK,140,172,app1,1.00001,M.Action,1500,10,25
587,LINK,132,9,app1,1.00001,M.Action,1500,10,26
588,LINK,103,198,app1,1.00001,M.Action,1500,10,27
589,LINK,71,103,app1,1.00001,M.Action,1500,10,28
590,LINK,96,336,app1,1.00001,M.Action,1500,10,29
591,LINK,218,0,app1,1.00001,M.Action,1500,10,30
592,LINK,176,78,app1,1.00001,M.Action,1500,10,31
593,LINK,347,30,app1,1.00001,M.Action,1500,10,32
594,LINK,6,114,app1,1.00001,M.Action,1500,10,33
595,LINK,336,4,app1,1.00001,M.Action,1500,10,34
596,LINK,89,72,app1,1.00001,M.Action,1500,10,35
597,LINK,105,24,app1,1.00001,M.Action,1500,10,36
598,LINK,168,72,app1,1.00001,M.Action,1500,10,37
599,LINK,60,218,app1,1.00001,M.Action,1500,10,38
600,LINK,57,56,app1,1.00001,M.Action,1500,10,39
561,LINK,218,0,app1,1.00001,M.Action,1501.00001,10,12
562,LINK,153,22,app1,1.00001,M.Action,1501.00001,10,13
568,LINK,198,72,app1,1.00001,M.Action,1501.00001,10,14
569,LINK,51,72,app1,1.00001,M.Action,1501.00001,10,15
570,LINK,96,336,app1,1.00001,M.Action,1501.00001,10,16
571,LINK,60,218,app1,1.00001,M.Action,1501.00001,10,17
576,LINK,0,72,app1,1.00001,M.Action,1501.00001,10,18
577,LINK,240,171,app1,1.00001,M.Action,1501.00001,10,19
578,LINK,114,308,app1,1.00001,M.Action,1501.00001,10,20
579,LINK,89,72,app1,1.00001,M.Action,1501.00001,10,21
580,LINK,51,72,app1,1.00001,M.Action,1501.00001,10,22
581,LINK,30,257,app1,1.00001,M.Action,1501.00001,10,23
582,LINK,308,317,app1,1.00001,M.Action,1501.00001,10,24
583,LINK,71,103,app1,1.00001,M.Action,1501.00001,10,25
585,LINK,336,4,app1,1.00001,M.Action,1501.00001,10,26
586,LINK,172,64,app1,1.00001,M.Action,1501.00001,10,27
587,LINK,9,105,app1,1.00001,M.Action,1501.00001,10,28
589,LINK,103,198,app1,1.00001,M.Action,1501.00001,10,29
592,LINK,78,42,app1,1.00001,M.Action,1501.00001,10,30
595,LINK,4,85,app1,1.00001,M.Action,1501.00001,10,31
597,LINK,24,168,app1,1.00001,M.Action,1501.00001,10,32
600,LINK,56,71,app1,1.00001,M.Action,1501.00001,10,33
572,LINK,218,0,app1,1.00001,M.Action,1502.00002,10,9
573,LINK,198,72,app1,1.00001,M.Action,1502.00002,10,10
574,LINK,96,336,app1,1.00001,M.Action,1502.00002,10,11
590,LINK,336,4,app1,1.00001,M.Action,1502.00002,10,12
591,LINK,0,72,app1,1.00001,M.Action,1502.00002,10,13
593,LINK,30,257,app1,1.00001,M.Action,1502.00002,10,14
594,LINK,114,308,app1,1.00001,M.Action,1502.00002,10,15
562,LINK,22,0,app1,1.00001,M.Action,1502.00002,10,16
577,LINK,171,128,app1,1.00001,M.Action,1502.00002,10,17
578,LINK,308,317,app1,1.00001,M.Action,1502.00002,10,18
581,LINK,257,44,app1,1.00001,M.Action,1502.00002,10,19
582,LINK,317,72,app1,1.00001,M.Action,1502.00002,10,20
583,LINK,103,198,app1,1.00001,M.Action,1502.00002,10,21
585,LINK,4,24,app1,1.00001,M.Action,1502.00002,10,22
586,LINK,64,61,app1,1.00001,M.Action,1502.00002,10,23
587,LINK,105,24,app1,1.00001,M.Action,1502.00002,10,24
592,LINK,42,51,app1,1.00001,M.Action,1502.00002,10,25
595,LINK,85,89,app1,1.00001,M.Action,1502.00002,10,26
597,LINK,168,72,app1,1.00001,M.Action,1502.00002,10,27
600,LINK,71,103,app1,1.00001,M.Action,1502.00002,10,28
588,LINK,198,72,app1,1.00001,M.Action,1503.00003,10,6
599,LINK,218,0,app1,1.00001,M.Action,1503.00003,10,7
561,LINK,0,72,app1,1.00001,M.Action,1503.00003,10,8
570,LINK,336,4,app1,1.00001,M.Action,1503.00003,10,9
590,LINK,4,24,app1,1.00001,M.Action,1503.00003,10,10
593,LINK,257,44,app1,1.00001,M.Action,1503.00003,10,11
594,LINK,308,317,app1,1.00001,M.Action,1503.00003,10,12
562,LINK,0,72,app1,1.00001,M.Action,1503.00003,10,13
577,LINK,128,72,app1,1.00001,M.Action,1503.00003,10,14
578,LINK,317,72,app1,1.00001,M.Action,1503.00003,10,15
581,LINK,44,168,app1,1.00001,M.Action,1503.00003,10,16
585,LINK,24,168,app1,1.00001,M.Action,1503.00003,10,17
586,LINK,61,65,app1,1.00001,M.Action,1503.00003,10,18
587,LINK,24,168,app1,1.00001,M.Action,1503.00003,10,19
592,LINK,51,72,app1,1.00001,M.Action,1503.00003,10,20
595,LINK,89,72,app1,1.00001,M.Action,1503.00003,10,21
600,LINK,103,198,app1,1.00001,M.Action,1503.00003,10,22
571,LINK,218,0,app1,1.00001,M.Action,1504.00004,10,6
589,LINK,198,72,app1,1.00001,M.Action,1504.00004,10,7
572,LINK,0,72,app1,1.00001,M.Action,1504.00004,10,8
574,LINK,336,4,app1,1.00001,M.Action,1504.00004,10,9
570,LINK,4,85,app1,1.00001,M.Action,1504.00004,10,10
590,LINK,24,168,app1,1.00001,M.Action,1504.00004,10,11
593,LINK,44,168,app1,1.00001,M.Action,1504.00004,10,12
594,LINK,317,72,app1,1.00001,M.Action,1504.00004,10,13
581,LINK,168,72,app1,1.00001,M.Action,1504.00004,10,14
585,LINK,168,72,app1,1.00001,M.Action,1504.00004,10,15
586,LINK,65,93,app1,1.00001,M.Action,1504.00004,10,16
583,LINK,198,72,app1,1.00001,M.Action,1505.0000499999999,10,5
599,LINK,0,72,app1,1.00001,M.Action,1505.0000499999999,10,6
587,LINK,168,72,app1,1.00001,M.Action,1505.0000499999999,10,7
574,LINK,4,85,app1,1.00001,M.Action,1505.0000499999999,10,8
570,LINK,85,89,app1,1.00001,M.Action,1505.0000499999999,10,9
593,LINK,168,72,app1,1.00001,M.Action,1505.0000499999999,10,10
586,LINK,93,317,app1,1.00001,M.Action,1505.0000499999999,10,11
600,LINK,198,72,app1,1.00001,M.Action,1506.0000599999998,10,3
571,LINK,0,72,app1,1.00001,M.Action,1506.0000599999998,10,4
590,LINK,168,72,app1,1.00001,M.Action,1506.0000599999998,10,5
574,LINK,85,89,app1,1.00001,M.Action,1506.0000599999998,10,6
570,LINK,89,72,app1,1.00001,M.Action,1506.0000599999998,10,7
586,LINK,317,72,app1,1.00001,M.Action,1506.0000599999998,10,8
574,LINK,89,72,app1,1.00001,M.Action,1507.0000699999998,10,3
601,LINK,60,218,app1,1.00001,M.Action,1600,10,0
602,LINK,61,153,app1,1.00001,M.Action,1600,10,1
603,LINK,317,72,app1,1.00001,M.Action,1600,10,2
604,LINK,51,72,app1,1.00001,M.Action,1600,10,3
605,LINK,317,72,app1,1.00001,M.Action,1600,10,4
606,LINK,0,72,app1,1.00001,M.Action,1600,10,5
607,LINK,51,72,app1,1.00001,M.Action,1600,10,6
608,LINK,103,198,app1,1.00001,M.Action,1600,10,7
609,LINK,42,51,app1,1.00001,M.Action,1600,10,8
610,LINK,206,96,app1,1.00001,M.Action,1600,10,9
611,LINK,83,60,app1,1.00001,M.Action,1600,10,10
612,LINK,60,218,app1,1.00001,M.Action,1600,10,11
613,LINK,103,198,app1,1.00001,M.Action,1600,10,12
614,LINK,206,96,app1,1.00001,M.Action,1600,10,13
615,LINK,89,72,app1,1.00001,M.Action,1600,10,14
616,LINK,218,0,app1,1.00001,M.Action,1600,10,15
617,LINK,270,240,app1,1.00001,M.Action,1600,10,16
618,LINK,6,114,app1,1.00001,M.Action,1600,10,17
619,LINK,85,89,app1,1.00001,M.Action,1600,10,18
620,LINK,170,51,app1,1.00001,M.Action,1600,10,19
621,LINK,347,30,app1,1.00001,M.Action,1600,10,20
622,LINK,114,308,app1,1.00001,M.Action,1600,10,21
623,LINK,56,71,app1,1.00001,M.Action,1600,10,22
624,LINK,228,72,app1,1.00001,M.Action,1600,10,23
625,LINK,96,336,app1,1.00001,M.Action,1600,10,24
626,LINK,140,172,app1,1.00001,M.Action,1600,10,25
627,LINK,132,9,app1,1.00001,M.Action,1600,10,26
628,LINK,103,198,app1,1.00001,M.Action,1600,10,27
629,LINK,71,103,app1,1.00001,M.Action,1600,10,28
630,LINK,96,336,app1,1.00001,M.Action,1600,10,29
631,LINK,218,0,app1,1.00001,M.Action,1600,10,30
632,LINK,176,78,app1,1.00001,M.Action,1600,10,31
633,LINK,347,30,app1,1.00001,M.Action,1600,10,32
634,LINK,6,114,app1,1.00001,M.Action,1600,10,33
635,LINK,336,4,app1,1.00001,M.Action,1600,10,34
636,LINK,89,72,app1,1.00001,M.Action,1600,10,35
637,LINK,105,24,app1,1.00001,M.Action,1600,10,36
638,LINK,168,72,app1,1.00001,M.Action,1600,10,37
639,LINK,60,218,app1,1.00001,M.Action,1600,10,38
640,LINK,57,56,app1,1.00001,M.Action,1600,10,39
601,LINK,218,0,app1,1.00001,M.Action,1601.00001,10,12
602,LINK,153,22,app1,1.00001,M.Action,1601.00001,10,13
608,LINK,198,72,app1,1.00001,M.Action,1601.00001,10,14
609,LINK,51,72,app1,1.00001,M.Action,1601.00001,10,15
610,LINK,96,336,app1,1.00001,M.Action,1601.00001,10,16
611,LINK,60,218,app1,1.00001,M.Action,1601.00001,10,17
616,LINK,0,72,app1,1.00001,M.Action,1601.00001,10,18
617,LINK,240,171,app1,1.00001,M.Action,1601.00001,10,19
618,LINK,114,308,app1,1.00001,M.Action,1601.00001,10,20
619,LINK,89,72,app1,1.00001,M.Action,1601.00001,10,21
620,LINK,51,72,app1,1.00001,M.Action,1601.00001,10,22
621,LINK,30,257,app1,1.00001,M.Action,1601.00001,10,23
622,LINK,308,317,app1,1.00001,M.Action,1601.00001,10,24
623,LINK,71,103,app1,1.00001,M.Action,1601.00001,10,25
625,LINK,336,4,app1,1.00001,M.Action,1601.00001,10,26
626,LINK,172,64,app1,1.00001,M.Action,1601.00001,10,27
627,LINK,9,105,app1,1.00001,M.Action,1601.00001,10,28
629,LINK,103,198,app1,1.00001,M.Action,1601.00001,10,29
632,LINK,78,42,app1,1.00001,M.Action,1601.00001,10,30
635,LINK,4,85,app1,1.00001,M.Action,1601.00001,10,31
637,LINK,24,168,app1,1.00001,M.Action,1601.00001,10,32
640,LINK,56,71,app1,1.00001,M.Action,1601.00001,10,33
612,LINK,218,0,app1,1.00001,M.Action,1602.00002,10,9
613,LINK,198,72,app1,1.00001,M.Action,1602.00002,10,10
614,LINK,96,336,app1,1.00001,M.Action,1602.00002,10,11
630,LINK,336,4,app1,1.00001,M.Action,1602.00002,10,12
631,LINK,0,72,app1,1.00001,M.Action,1602.00002,10,13
633,LINK,30,257,app1,1.00001,M.Action,1602.00002,10,14
634,LINK,114,308,app1,1.00001,M.Action,1602.00002,10,15
602,LINK,22,0,app1,1.00001,M.Action,1602.00002,10,16
617,LINK,171,128,app1,1.00001,M.Action,1602.00002,10,17
618,LINK,308,317,app1,1.00001,M.Action,1602.00002,10,18
621,LINK,257,44,app1,1.00001,M.Action,1602.00002,10,19
622,LINK,317,72,app1,1.00001,M.Action,1602.00002,10,20
623,LINK,103,198,app1,1.00001,M.Action,1602.00002,10,21
625,LINK,4,24,app1,1.00001,M.Action,1602.00002,10,22
626,LINK,64,61,app1,1.00001,M.Action,1602.00002,10,23
627,LINK,105,24,app1,1.00001,M.Action,1602.00002,10,24
632,LINK,42,51,app1,1.00001,M.Action,1602.00002,10,25
635,LINK,85,89,app1,1.00001,M.Action,1602.00002,10,26
637,LINK,168,72,app1,1.00001,M.Action,1602.00002,10,27
640,LINK,71,103,app1,1.00001,M.Action,1602.00002,10,28
628,LINK,198,72,app1,1.00001,M.Action,1603.00003,10,6
639,LINK,218,0,app1,1.00001,M.Action,1603.00003,10,7
601,LINK,0,72,app1,1.00001,M.Action,1603.00003,10,8
610,LINK,336,4,app1,1.00001,M.Action,1603.00003,10,9
630,LINK,4,24,app1,1.00001,M.Action,1603.00003,10,10
633,LINK,257,44,app1,1.00001,M.Action,1603.00003,10,11
634,LINK,308,317,app1,1.00001,M.Action,1603.00003,10,12
602,LINK,0,72,app1,1.00001,M.Action,1603.00003,10,13
617,LINK,128,72,app1,1.00001,M.Action,1603.00003,10,14
618,LINK,317,72,app1,1.00001,M.Action,1603.00003,10,15
621,LINK,44,168,app1,1.00001,M.Action,1603.00003,10,16
625,LINK,24,168,app1,1.00001,M.Action,1603.00003,10,17
626,LINK,61,65,app1,1.00001,M.Action,1603.00003,10,18
627,LINK,24,168,app1,1.00001,M.Action,1603.00003,10,19
632,LINK,51,72,app1,1.00001,M.Action,1603.00003,10,20
635,LINK,89,72,app1,1.00001,M.Action,1603.00003,10,21
640,LINK,103,198,app1,1.00001,M.Action,1603.00003,10,22
611,LINK,218,0,app1,1.00001,M.Action,1604.00004,10,6
629,LINK,198,72,app1,1.00001,M.Action,1604.00004,10,7
612,LINK,0,72,app1,1.00001,M.Action,1604.00004,10,8
614,LINK,336,4,app1,1.00001,M.Action,1604.00004,10,9
610,LINK,4,85,app1,1.00001,M.Action,1604.00004,10,10
630,LINK,24,168,app1,1.00001,M.Action,1604.00004,10,11
633,LINK,44,168,app1,1.00001,M.Action,1604.00004,10,12
634,LINK,317,72,app1,1.00001,M.Action,1604.00004,10,13
621,LINK,168,72,app1,1.00001,M.Action,1604.00004,10,14
625,LINK,168,72,app1,1.00001,M.Action,1604.00004,10,15
626,LINK,65,93,app1,1.00001,M.Action,1604.00004,10,16
623,LINK,198,72,app1,1.00001,M.Action,1605.0000499999999,10,5
639,LINK,0,72,app1,1.00001,M.Action,1605.0000499999999,10,6
627,LINK,168,72,app1,1.00001,M.Action,1605.0000499999999,10,7
614,LINK,4,85,app1,1.00001,M.Action,1605.0000499999999,10,8
610,LINK,85,89,app1,1.00001,M.Action,1605.0000499999999,10,9
633,LINK,168,72,app1,1.00001,M.Action,1605.0000499999999,10,10
626,LINK,93,317,app1,1.00001,M.Action,1605.0000499999999,10,11
640,LINK,198,72,app1,1.00001,M.Action,1606.0000599999998,10,3
611,LINK,0,72,app1,1.00001,M.Action,1606.0000599999998,10,4
630,LINK,168,72,app1,1.00001,M.Action,1606.0000599999998,10,5
614,LINK,85,89,app1,1.00001,M.Action,1606.0000599999998,10,6
610,LINK,89,72,app1,1.00001,M.Action,1606.0000599999998,10,7
626,LINK,317,72,app1,1.00001,M.Action,1606.0000599999998,10,8
614,LINK,89,72,app1,1.00001,M.Action,1607.0000699999998,10,3
641,LINK,218,0,app1,1.00001,M.Action,1700,10,0
642,LINK,153,22,app1,1.00001,M.Action,1700,10,1
643,LINK,317,72,app1,1.00001,M.Action,1700,10,2
644,LINK,51,72,app1,1.00001,M.Action,1700,10,3
645,LINK,317,72,app1,1.00001,M.Action,1700,10,4
646,LINK,0,72,app1,1.00001,M.Action,1700,10,5
647,LINK,51,72,app1,1.00001,M.Action,1700,10,6
648,LINK,198,72,app1,1.00001,M.Action,1700,10,7
649,LINK,51,72,app1,1.00001,M.Action,1700,10,8
650,LINK,96,336,app1,1.00001,M.Action,1700,10,9
651,LINK,60,218,app1,1.00001,M.Action,1700,10,10
652,LINK,218,0,app1,1.00001,M.Action,1700,10,11
653,LINK,198,72,app1,1.00001,M.Action,1700,10,12
654,LINK,96,336,app1,1.00001,M.Action,1700,10,13
655,LINK,89,72,app1,1.00001,M.Action,1700,10,14
656,LINK,0,72,app1,1.00001,M.Action,1700,10,15
657,LINK,240,171,app1,1.00001,M.Action,1700,10,16
658,LINK,114,308,app1,1.00001,M.Action,1700,10,17
659,LINK,89,72,app1,1.00001,M.Action,1700,10,18
660,LINK,51,72,app1,1.00001,M.Action,1700,10,19
661,LINK,30,257,app1,1.00001,M.Action,1700,10,20
662,LINK,308,317,app1,1.00001,M.Action,1700,10,21
663,LINK,71,103,app1,1.00001,M.Action,1700,10,22
664,LINK,228,72,app1,1.00001,M.Action,1700,10,23
665,LINK,336,4,app1,1.00001,M.Action,1700,10,24
666,LINK,172,64,app1,1.00001,M.Action,1700,10,25
667,LINK,9,105,app1,1.00001,M.Action,1700,10,26
668,LINK,198,72,app1,1.00001,M.Action,1700,10,27
669,LINK,103,198,app1,1.00001,M.Action,1700,10,28
670,LINK,336,4,app1,1.00001,M.Action,1700,10,29
671,LINK,0,72,app1,1.00001,M.Action,1700,10,30
672,LINK,78,42,app1,1.00001,M.Action,1700,10,31
673,LINK,30,257,app1,1.00001,M.Action,1700,10,32
674,LINK,114,308,app1,1.00001,M.Action,1700,10,33
675,LINK,4,85,app1,1.00001,M.Action,1700,10,34
676,LINK,89,72,app1,1.00001,M.Action,1700,10,35
677,LINK,24,168,app1,1.00001,M.Action,1700,10,36
678,LINK,168,72,app1,1.00001,M.Action,1700,10,37
679,LINK,218,0,app1,1.00001,M.Action,1700,10,38
680,LINK,56,71,app1,1.00001,M.Action,1700,10,39
641,LINK,0,72,app1,1.00001,M.Action,1701.00001,10,16
642,LINK,22,0,app1,1.00001,M.Action,1701.00001,10,17
650,LINK,336,4,app1,1.00001,M.Action,1701.00001,10,18
651,LINK,218,0,app1,1.00001,M.Action,1701.00001,10,19
657,LINK,171,128,app1,1.00001,M.Action,1701.00001,10,20
658,LINK,308,317,app1,1.00001,M.Action,1701.00001,10,21
661,LINK,257,44,app1,1.00001,M.Action,1701.00001,10,22
662,LINK,317,72,app1,1.00001,M.Action,1701.00001,10,23
663,LINK,103,198,app1,1.00001,M.Action,1701.00001,10,24
665,LINK,4,85,app1,1.00001,M.Action,1701.00001,10,25
666,LINK,64,61,app1,1.00001,M.Action,1701.00001,10,26
667,LINK,105,24,app1,1.00001,M.Action,1701.00001,10,27
669,LINK,198,72,app1,1.00001,M.Action,1701.00001,10,28
672,LINK,42,51,app1,1.00001,M.Action,1701.00001,10,29
675,LINK,85,89,app1,1.00001,M.Action,1701.00001,10,30
677,LINK,168,72,app1,1.00001,M.Action,1701.00001,10,31
680,LINK,71,103,app1,1.00001,M.Action,1701.00001,10,32
652,LINK,0,72,app1,1.00001,M.Action,1702.00002,10,11
654,LINK,336,4,app1,1.00001,M.Action,1702.00002,10,12
670,LINK,4,85,app1,1.00001,M.Action,1702.00002,10,13
673,LINK,257,44,app1,1.00001,M.Action,1702.00002,10,14
674,LINK,308,317,app1,1.00001,M.Action,1702.00002,10,15
642,LINK,0,72,app1,1.00001,M.Action,1702.00002,10,16
657,LINK,128,72,app1,1.00001,M.Action,1702.00002,10,17
658,LINK,317,72,app1,1.00001,M.Action,1702.00002,10,18
661,LINK,44,168,app1,1.00001,M.Action,1702.00002,10,19
663,LINK,198,72,app1,1.00001,M.Action,1702.00002,10,20
665,LINK,85,89,app1,1.00001,M.Action,1702.00002,10,21
666,LINK,61,65,app1,1.00001,M.Action,1702.00002,10,22
667,LINK,24,168,app1,1.00001,M.Action,1702.00002,10,23
672,LINK,51,72,app1,1.00001,M.Action,1702.00002,10,24
675,LINK,89,72,app1,1.00001,M.Action,1702.00002,10,25
680,LINK,103,198,app1,1.00001,M.Action,1702.00002,10,26
679,LINK,0,72,app1,1.00001,M.Action,1703.00003,10,11
650,LINK,4,24,app1,1.00001,M.Action,1703.00003,10,12
670,LINK,85,89,app1,1.00001,M.Action,1703.00003,10,13
673,LINK,44,168,app1,1.00001,M.Action,1703.00003,10,14
674,LINK,317,72,app1,1.00001,M.Action,1703.00003,10,15
661,LINK,168,72,app1,1.00001,M.Action,1703.00003,10,16
665,LINK,89,72,app1,1.00001,M.Action,1703.00003,10,17
666,LINK,65,93,app1,1.00001,M.Action,1703.00003,10,18
667,LINK,168,72,app1,1.00001,M.Action,1703.00003,10,19
680,LINK,198,72,app1,1.00001,M.Action,1703.00003,10,20
651,LINK,0,72,app1,1.00001,M.Action,1704.00004,10,9
654,LINK,4,24,app1,1.00001,M.Action,1704.00004,10,10
650,LINK,24,168,app1,1.00001,M.Action,1704.00004,10,11
670,LINK,89,72,app1,1.00001,M.Action,1704.00004,10,12
673,LINK,168,72,app1,1.00001,M.Action,1704.00004,10,13
666,LINK,93,317,app1,1.00001,M.Action,1704.00004,10,14
654,LINK,24,168,app1,1.00001,M.Action,1705.0000499999999,10,6
650,LINK,168,72,app1,1.00001,M.Action,1705.0000499999999,10,7
666,LINK,317,72,app1,1.00001,M.Action,1705.0000499999999,10,8
654,LINK,168,72,app1,1.00001,M.Action,1706.0000599999998,10,3
681,LINK,218,0,app1,1.00001,M.Action,1800,10,0
682,LINK,153,22,app1,1.00001,M.Action,1800,10,1
683,LINK,317,72,app1,1.00001,M.Action,1800,10,2
684,LINK,51,72,app1,1.00001,M.Action,1800,10,3
685,LINK,317,72,app1,1.00001,M.Action,1800,10,4
686,LINK,0,72,app1,1.00001,M.Action,1800,10,5
687,LINK,51,72,app1,1.00001,M.Action,1800,10,6
688,LINK,198,72,app1,1.00001,M.Action,1800,10,7
689,LINK,51,72,app1,1.00001,M.Action,1800,10,8
690,LINK,96,336,app1,1.00001,M.Action,1800,10,9
691,LINK,60,218,app1,1.00001,M.Action,1800,10,10
692,LINK,218,0,app1,1.00001,M.Action,1800,10,11
693,LINK,198,72,app1,1.00001,M.Action,1800,10,12
694,LINK,96,336,app1,1.00001,M.Action,1800,10,13
695,LINK,89,72,app1,1.00001,M.Action,1800,10,14
696,LINK,0,72,app1,1.00001,M.Action,1800,10,15
697,LINK,240,171,app1,1.00001,M.Action,1800,10,16
698,LINK,114,308,app1,1.00001,M.Action,1800,10,17
699,LINK,89,72,app1,1.00001,M.Action,1800,10,18
700,LINK,51,72,app1,1.00001,M.Action,1800,10,19
701,LINK,30,257,app1,1.00001,M.Action,1800,10,20
702,LINK,308,317,app1,1.00001,M.Action,1800,10,21
703,LINK,71,103,app1,1.00001,M.Action,1800,10,22
704,LINK,228,72,app1,1.00001,M.Action,1800,10,23
705,LINK,336,4,app1,1.00001,M.Action,1800,10,24
706,LINK,172,64,app1,1.00001,M.Action,1800,10,25
707,LINK,9,105,app1,1.00001,M.Action,1800,10,26
708,LINK,198,72,app1,1.00001,M.Action,1800,10,27
709,LINK,103,198,app1,1.00001,M.Action,1800,10,28
710,LINK,336,4,app1,1.00001,M.Action,1800,10,29
711,LINK,0,72,app1,1.00001,M.Action,1800,10,30
712,LINK,78,42,app1,1.00001,M.Action,1800,10,31
713,LINK,30,257,app1,1.00001,M.Action,1800,10,32
714,LINK,114,308,app1,1.00001,M.Action,1800,10,33
715,LINK,4,85,app1,1.00001,M.Action,1800,10,34
716,LINK,89,72,app1,1.00001,M.Action,1800,10,35
717,LINK,24,168,app1,1.00001,M.Action,1800,10,36
718,LINK,168,72,app1,1.00001,M.Action,1800,10,37
719,LINK,218,0,app1,1.00001,M.Action,1800,10,38
720,LINK,56,71,app1,1.00001,M.Action,1800,10,39
681,LINK,0,72,app1,1.00001,M.Action,1801.00001,10,16
682,LINK,22,0,app1,1.00001,M.Action,1801.00001,10,17
690,LINK,336,4,app1,1.00001,M.Action,1801.00001,10,18
691,LINK,218,0,app1,1.00001,M.Action,1801.00001,10,19
697,LINK,171,128,app1,1.00001,M.Action,1801.00001,10,20
698,LINK,308,317,app1,1.00001,M.Action,1801.00001,10,21
701,LINK,257,44,app1,1.00001,M.Action,1801.00001,10,22
702,LINK,317,72,app1,1.00001,M.Action,1801.00001,10,23
703,LINK,103,198,app1,1.00001,M.Action,1801.00001,10,24
705,LINK,4,85,app1,1.00001,M.Action,1801.00001,10,25
706,LINK,64,61,app1,1.00001,M.Action,1801.00001,10,26
707,LINK,105,24,app1,1.00001,M.Action,1801.00001,10,27
709,LINK,198,72,app1,1.00001,M.Action,1801.00001,10,28
712,LINK,42,51,app1,1.00001,M.Action,1801.00001,10,29
715,LINK,85,89,app1,1.00001,M.Action,1801.00001,10,30
717,LINK,168,72,app1,1.00001,M.Action,1801.00001,10,31
720,LINK,71,103,app1,1.00001,M.Action,1801.00001,10,32
692,LINK,0,72,app1,1.00001,M.Action,1802.00002,10,11
694,LINK,336,4,app1,1.00001,M.Action,1802.00002,10,12
710,LINK,4,85,app1,1.00001,M.Action,1802.00002,10,13
713,LINK,257,44,app1,1.00001,M.Action,1802.00002,10,14
714,LINK,308,317,app1,1.00001,M.Action,1802.00002,10,15
682,LINK,0,72,app1,1.00001,M.Action,1802.00002,10,16
697,LINK,128,72,app1,1.00001,M.Action,1802.00002,10,17
698,LINK,317,72,app1,1.00001,M.Action,1802.00002,10,18
701,LINK,44,168,app1,1.00001,M.Action,1802.00002,10,19
703,LINK,198,72,app1,1.00001,M.Action,1802.00002,10,20
705,LINK,85,89,app1,1.00001,M.Action,1802.00002,10,21
706,LINK,61,65,app1,1.00001,M.Action,1802.00002,10,22
707,LINK,24,168,app1,1.00001,M.Action,1802.00002,10,23
712,LINK,51,72,app1,1.00001,M.Action,1802.00002,10,24
715,LINK,89,72,app1,1.00001,M.Action,1802.00002,10,25
720,LINK,103,198,app1,1.00001,M.Action,1802.00002,10,26
719,LINK,0,72,app1,1.00001,M.Action,1803.00003,10,11
690,LINK,4,24,app1,1.00001,M.Action,1803.00003,10,12
710,LINK,85,89,app1,1.00001,M.Action,1803.00003,10,13
713,LINK,44,168,app1,1.00001,M.Action,1803.00003,10,14
714,LINK,317,72,app1,1.00001,M.Action,1803.00003,10,15
701,LINK,168,72,app1,1.00001,M.Action,1803.00003,10,16
705,LINK,89,72,app1,1.00001,M.Action,1803.00003,10,17
706,LINK,65,93,app1,1.00001,M.Action,1803.00003,10,18
707,LINK,168,72,app1,1.00001,M.Action,1803.00003,10,19
720,LINK,198,72,app1,1.00001,M.Action,1803.00003,10,20
691,LINK,0,72,app1,1.00001,M.Action,1804.00004,10,9
694,LINK,4,24,app1,1.00001,M.Action,1804.00004,10,10
690,LINK,24,168,app1,1.00001,M.Action,1804.00004,10,11
710,LINK,89,72,app1,1.00001,M.Action,1804.00004,10,12
713,LINK,168,72,app1,1.00001,M.Action,1804.00004,10,13
706,LINK,93,317,app1,1.00001,M.Action,1804.00004,10,14
694,LINK,24,168,app1,1.00001,M.Action,1805.0000499999999,10,6
690,LINK,168,72,app1,1.00001,M.Action,1805.0000499999999,10,7
706,LINK,317,72,app1,1.00001,M.Action,1805.0000499999999,10,8
694,LINK,168,72,app1,1.00001,M.Action,1806.0000599999998,10,3
721,LINK,218,0,app1,1.00001,M.Action,1900,10,0
722,LINK,153,22,app1,1.00001,M.Action,1900,10,1
723,LINK,317,72,app1,1.00001,M.Action,1900,10,2
724,LINK,51,72,app1,1.00001,M.Action,1900,10,3
725,LINK,317,72,app1,1.00001,M.Action,1900,10,4
726,LINK,0,72,app1,1.00001,M.Action,1900,10,5
727,LINK,51,72,app1,1.00001,M.Action,1900,10,6
728,LINK,198,72,app1,1.00001,M.Action,1900,10,7
729,LINK,51,72,app1,1.00001,M.Action,1900,10,8
730,LINK,96,336,app1,1.00001,M.Action,1900,10,9
731,LINK,60,218,app1,1.00001,M.Action,1900,10,10
732,LINK,218,0,app1,1.00001,M.Action,1900,10,11
733,LINK,198,72,app1,1.00001,M.Action,1900,10,12
734,LINK,96,336,app1,1.00001,M.Action,1900,10,13
735,LINK,89,72,app1,1.00001,M.Action,1900,10,14
736,LINK,0,72,app1,1.00001,M.Action,1900,10,15
737,LINK,240,171,app1,1.00001,M.Action,1900,10,16
738,LINK,114,308,app1,1.00001,M.Action,1900,10,17
739,LINK,89,72,app1,1.00001,M.Action,1900,10,18
740,LINK,51,72,app1,1.00001,M.Action,1900,10,19
741,LINK,30,257,app1,1.00001,M.Action,1900,10,20
742,LINK,308,317,app1,1.00001,M.Action,1900,10,21
743,LINK,71,103,app1,1.00001,M.Action,1900,10,22
744,LINK,228,72,app1,1.00001,M.Action,1900,10,23
745,LINK,336,4,app1,1.00001,M.Action,1900,10,24
746,LINK,172,64,app1,1.00001,M.Action,1900,10,25
747,LINK,9,105,app1,1.00001,M.Action,1900,10,26
748,LINK,198,72,app1,1.00001,M.Action,1900,10,27
749,LINK,103,198,app1,1.00001,M.Action,1900,10,28
750,LINK,336,4,app1,1.00001,M.Action,1900,10,29
751,LINK,0,72,app1,1.00001,M.Action,1900,10,30
752,LINK,78,42,app1,1.00001,M.Action,1900,10,31
753,LINK,30,257,app1,1.00001,M.Action,1900,10,32
754,LINK,114,308,app1,1.00001,M.Action,1900,10,33
755,LINK,4,85,app1,1.00001,M.Action,1900,10,34
756,LINK,89,72,app1,1.00001,M.Action,1900,10,35
757,LINK,24,168,app1,1.00001,M.Action,1900,10,36
758,LINK,168,72,app1,1.00001,M.Action,1900,10,37
759,LINK,218,0,app1,1.00001,M.Action,1900,10,38
760,LINK,56,71,app1,1.00001,M.Action,1900,10,39
721,LINK,0,72,app1,1.00001,M.Action,1901.00001,10,16
722,LINK,22,0,app1,1.00001,M.Action,1901.00001,10,17
730,LINK,336,4,app1,1.00001,M.Action,1901.00001,10,18
731,LINK,218,0,app1,1.00001,M.Action,1901.00001,10,19
737,LINK,171,128,app1,1.00001,M.Action,1901.00001,10,20
738,LINK,308,317,app1,1.00001,M.Action,1901.00001,10,21
741,LINK,257,44,app1,1.00001,M.Action,1901.00001,10,22
742,LINK,317,72,app1,1.00001,M.Action,1901.00001,10,23
743,LINK,103,198,app1,1.00001,M.Action,1901.00001,10,24
745,LINK,4,85,app1,1.00001,M.Action,1901.00001,10,25
746,LINK,64,61,app1,1.00001,M.Action,1901.00001,10,26
747,LINK,105,24,app1,1.00001,M.Action,1901.00001,10,27
749,LINK,198,72,app1,1.00001,M.Action,1901.00001,10,28
752,LINK,42,51,app1,1.00001,M.Action,1901.00001,10,29
755,LINK,85,89,app1,1.00001,M.Action,1901.00001,10,30
757,LINK,168,72,app1,1.00001,M.Action,1901.00001,10,31
760,LINK,71,103,app1,1.00001,M.Action,1901.00001,10,32
732,LINK,0,72,app1,1.00001,M.Action,1902.00002,10,11
734,LINK,336,4,app1,1.00001,M.Action,1902.00002,10,12
750,LINK,4,85,app1,1.00001,M.Action,1902.00002,10,13
753,LINK,257,44,app1,1.00001,M.Action,1902.00002,10,14
754,LINK,308,317,app1,1.00001,M.Action,1902.00002,10,15
722,LINK,0,72,app1,1.00001,M.Action,1902.00002,10,16
737,LINK,128,72,app1,1.00001,M.Action,1902.00002,10,17
738,LINK,317,72,app1,1.00001,M.Action,1902.00002,10,18
741,LINK,44,168,app1,1.00001,M.Action,1902.00002,10,19
743,LINK,198,72,app1,1.00001,M.Action,1902.00002,10,20
745,LINK,85,89,app1,1.00001,M.Action,1902.00002,10,21
746,LINK,61,65,app1,1.00001,M.Action,1902.00002,10,22
747,LINK,24,168,app1,1.00001,M.Action,1902.00002,10,23
752,LINK,51,72,app1,1.00001,M.Action,1902.00002,10,24
755,LINK,89,72,app1,1.00001,M.Action,1902.00002,10,25
760,LINK,103,198,app1,1.00001,M.Action,1902.00002,10,26
759,LINK,0,72,app1,1.00001,M.Action,1903.00003,10,11
730,LINK,4,24,app1,1.00001,M.Action,1903.00003,10,12
750,LINK,85,89,app1,1.00001,M.Action,1903.00003,10,13
753,LINK,44,168,app1,1.00001,M.Action,1903.00003,10,14
754,LINK,317,72,app1,1.00001,M.Action,1903.00003,10,15
741,LINK,168,72,app1,1.00001,M.Action,1903.00003,10,16
745,LINK,89,72,app1,1.00001,M.Action,1903.00003,10,17
746,LINK,65,93,app1,1.00001,M.Action,1903.00003,10,18
747,LINK,168,72,app1,1.00001,M.Action,1903.00003,10,19
760,LINK,198,72,app1,1.00001,M.Action,1903.00003,10,20
731,LINK,0,72,app1,1.00001,M.Action,1904.00004,10,9
734,LINK,4,24,app1,1.00001,M.Action,1904.00004,10,10
730,LINK,24,168,app1,1.00001,M.Action,1904.00004,10,11
750,LINK,89,72,app1,1.00001,M.Action,1904.00004,10,12
753,LINK,168,72,app1,1.00001,M.Action,1904.00004,10,13
746,LINK,93,317,app1,1.00001,M.Action,1904.00004,10,14
734,LINK,24,168,app1,1.00001,M.Action,1905.0000499999999,10,6
730,LINK,168,72,app1,1.00001,M.Action,1905.0000499999999,10,7
746,LINK,317,72,app1,1.00001,M.Action,1905.0000499999999,10,8
734,LINK,168,72,app1,1.00001,M.Action,1906.0000599999998,10,3
761,LINK,218,0,app1,1.00001,M.Action,2000,10,0
762,LINK,153,22,app1,1.00001,M.Action,2000,10,1
763,LINK,317,72,app1,1.00001,M.Action,2000,10,2
764,LINK,51,72,app1,1.00001,M.Action,2000,10,3
765,LINK,317,72,app1,1.00001,M.Action,2000,10,4
766,LINK,0,72,app1,1.00001,M.Action,2000,10,5
767,LINK,51,72,app1,1.00001,M.Action,2000,10,6
768,LINK,198,72,app1,1.00001,M.Action,2000,10,7
769,LINK,51,72,app1,1.00001,M.Action,2000,10,8
770,LINK,96,336,app1,1.00001,M.Action,2000,10,9
771,LINK,60,218,app1,1.00001,M.Action,2000,10,10
772,LINK,218,0,app1,1.00001,M.Action,2000,10,11
773,LINK,198,72,app1,1.00001,M.Action,2000,10,12
774,LINK,96,336,app1,1.00001,M.Action,2000,10,13
775,LINK,89,72,app1,1.00001,M.Action,2000,10,14
776,LINK,0,72,app1,1.00001,M.Action,2000,10,15
777,LINK,240,171,app1,1.00001,M.Action,2000,10,16
778,LINK,114,308,app1,1.00001,M.Action,2000,10,17
779,LINK,89,72,app1,1.00001,M.Action,2000,10,18
780,LINK,51,72,app1,1.00001,M.Action,2000,10,19
781,LINK,30,257,app1,1.00001,M.Action,2000,10,20
782,LINK,308,317,app1,1.00001,M.Action,2000,10,21
783,LINK,71,103,app1,1.00001,M.Action,2000,10,22
784,LINK,228,72,app1,1.00001,M.Action,2000,10,23
785,LINK,336,4,app1,1.00001,M.Action,2000,10,24
786,LINK,172,64,app1,1.00001,M.Action,2000,10,25
787,LINK,9,105,app1,1.00001,M.Action,2000,10,26
788,LINK,198,72,app1,1.00001,M.Action,2000,10,27
789,LINK,103,198,app1,1.00001,M.Action,2000,10,28
790,LINK,336,4,app1,1.00001,M.Action,2000,10,29
791,LINK,0,72,app1,1.00001,M.Action,2000,10,30
792,LINK,78,42,app1,1.00001,M.Action,2000,10,31
793,LINK,30,257,app1,1.00001,M.Action,2000,10,32
794,LINK,114,308,app1,1.00001,M.Action,2000,10,33
795,LINK,4,85,app1,1.00001,M.Action,2000,10,34
796,LINK,89,72,app1,1.00001,M.Action,2000,10,35
797,LINK,24,168,app1,1.00001,M.Action,2000,10,36
798,LINK,168,72,app1,1.00001,M.Action,2000,10,37
799,LINK,218,0,app1,1.00001,M.Action,2000,10,38
800,LINK,56,71,app1,1.00001,M.Action,2000,10,39
761,LINK,0,72,app1,1.00001,M.Action,2001.00001,10,16
762,LINK,22,0,app1,1.00001,M.Action,2001.00001,10,17
770,LINK,336,4,app1,1.00001,M.Action,2001.00001,10,18
771,LINK,218,0,app1,1.00001,M.Action,2001.00001,10,19
777,LINK,171,128,app1,1.00001,M.Action,2001.00001,10,20
778,LINK,308,317,app1,1.00001,M.Action,2001.00001,10,21
781,LINK,257,44,app1,1.00001,M.Action,2001.00001,10,22
782,LINK,317,72,app1,1.00001,M.Action,2001.00001,10,23
783,LINK,103,198,app1,1.00001,M.Action,2001.00001,10,24
785,LINK,4,85,app1,1.00001,M.Action,2001.00001,10,25
786,LINK,64,61,app1,1.00001,M.Action,2001.00001,10,26
787,LINK,105,24,app1,1.00001,M.Action,2001.00001,10,27
789,LINK,198,72,app1,1.00001,M.Action,2001.00001,10,28
792,LINK,42,51,app1,1.00001,M.Action,2001.00001,10,29
795,LINK,85,89,app1,1.00001,M.Action,2001.00001,10,30
797,LINK,168,72,app1,1.00001,M.Action,2001.00001,10,31
800,LINK,71,103,app1,1.00001,M.Action,2001.00001,10,32
772,LINK,0,72,app1,1.00001,M.Action,2002.00002,10,11
774,LINK,336,4,app1,1.00001,M.Action,2002.00002,10,12
790,LINK,4,85,app1,1.00001,M.Action,2002.00002,10,13
793,LINK,257,44,app1,1.00001,M.Action,2002.00002,10,14
794,LINK,308,317,app1,1.00001,M.Action,2002.00002,10,15
762,LINK,0,72,app1,1.00001,M.Action,2002.00002,10,16
777,LINK,128,72,app1,1.00001,M.Action,2002.00002,10,17
778,LINK,317,72,app1,1.00001,M.Action,2002.00002,10,18
781,LINK,44,168,app1,1.00001,M.Action,2002.00002,10,19
783,LINK,198,72,app1,1.00001,M.Action,2002.00002,10,20
785,LINK,85,89,app1,1.00001,M.Action,2002.00002,10,21
786,LINK,61,65,app1,1.00001,M.Action,2002.00002,10,22
787,LINK,24,168,app1,1.00001,M.Action,2002.00002,10,23
792,LINK,51,72,app1,1.00001,M.Action,2002.00002,10,24
795,LINK,89,72,app1,1.00001,M.Action,2002.00002,10,25
800,LINK,103,198,app1,1.00001,M.Action,2002.00002,10,26
799,LINK,0,72,app1,1.00001,M.Action,2003.00003,10,11
770,LINK,4,24,app1,1.00001,M.Action,2003.00003,10,12
790,LINK,85,89,app1,1.00001,M.Action,2003.00003,10,13
793,LINK,44,168,app1,1.00001,M.Action,2003.00003,10,14
794,LINK,317,72,app1,1.00001,M.Action,2003.00003,10,15
781,LINK,168,72,app1,1.00001,M.Action,2003.00003,10,16
785,LINK,89,72,app1,1.00001,M.Action,2003.00003,10,17
786,LINK,65,93,app1,1.00001,M.Action,2003.00003,10,18
787,LINK,168,72,app1,1.00001,M.Action,2003.00003,10,19
800,LINK,198,72,app1,1.00001,M.Action,2003.00003,10,20
771,LINK,0,72,app1,1.00001,M.Action,2004.00004,10,9
774,LINK,4,24,app1,1.00001,M.Action,2004.00004,10,10
770,LINK,24,168,app1,1.00001,M.Action,2004.00004,10,11
790,LINK,89,72,app1,1.00001,M.Action,2004.00004,10,12
793,LINK,168,72,app1,1.00001,M.Action,2004.00004,10,13
786,LINK,93,317,app1,1.00001,M.Action,2004.00004,10,14
774,LINK,24,168,app1,1.00001,M.Action,2005.0000499999999,10,6
770,LINK,168,72,app1,1.00001,M.Action,2005.0000499999999,10,7
786,LINK,317,72,app1,1.00001,M.Action,2005.0000499999999,10,8
774,LINK,168,72,app1,1.00001,M.Action,2006.0000599999998,10,3
801,LINK,0,72,app1,1.00001,M.Action,2100,10,0
802,LINK,22,0,app1,1.00001,M.Action,2100,10,1
803,LINK,317,72,app1,1.00001,M.Action,2100,10,2
804,LINK,51,72,app1,1.00001,M.Action,2100,10,3
805,LINK,317,72,app1,1.00001,M.Action,2100,10,4
806,LINK,0,72,app1,1.00001,M.Action,2100,10,5
807,LINK,51,72,app1,1.00001,M.Action,2100,10,6
808,LINK,198,72,app1,1.00001,M.Action,2100,10,7
809,LINK,51,72,app1,1.00001,M.Action,2100,10,8
810,LINK,336,4,app1,1.00001,M.Action,2100,10,9
811,LINK,218,0,app1,1.00001,M.Action,2100,10,10
812,LINK,0,72,app1,1.00001,M.Action,2100,10,11
813,LINK,198,72,app1,1.00001,M.Action,2100,10,12
814,LINK,336,4,app1,1.00001,M.Action,2100,10,13
815,LINK,89,72,app1,1.00001,M.Action,2100,10,14
816,LINK,0,72,app1,1.00001,M.Action,2100,10,15
817,LINK,171,128,app1,1.00001,M.Action,2100,10,16
818,LINK,308,317,app1,1.00001,M.Action,2100,10,17
819,LINK,89,72,app1,1.00001,M.Action,2100,10,18
820,LINK,51,72,app1,1.00001,M.Action,2100,10,19
821,LINK,257,44,app1,1.00001,M.Action,2100,10,20
822,LINK,317,72,app1,1.00001,M.Action,2100,10,21
823,LINK,103,198,app1,1.00001,M.Action,2100,10,22
824,LINK,228,72,app1,1.00001,M.Action,2100,10,23
825,LINK,4,85,app1,1.00001,M.Action,2100,10,24
826,LINK,64,61,app1,1.00001,M.Action,2100,10,25
827,LINK,105,24,app1,1.00001,M.Action,2100,10,26
828,LINK,198,72,app1,1.00001,M.Action,2100,10,27
829,LINK,198,72,app1,1.00001,M.Action,2100,10,28
830,LINK,4,85,app1,1.00001,M.Action,2100,10,29
831,LINK,0,72,app1,1.00001,M.Action,2100,10,30
832,LINK,42,51,app1,1.00001,M.Action,2100,10,31
833,LINK,257,44,app1,1.00001,M.Action,2100,10,32
834,LINK,308,317,app1,1.00001,M.Action,2100,10,33
835,LINK,85,89,app1,1.00001,M.Action,2100,10,34
836,LINK,89,72,app1,1.00001,M.Action,2100,10,35
837,LINK,168,72,app1,1.00001,M.Action,2100,10,36
838,LINK,168,72,app1,1.00001,M.Action,2100,10,37
839,LINK,0,72,app1,1.00001,M.Action,2100,10,38
840,LINK,71,103,app1,1.00001,M.Action,2100,10,39
802,LINK,0,72,app1,1.00001,M.Action,2101.00001,10,20
810,LINK,4,85,app1,1.00001,M.Action,2101.00001,10,21
811,LINK,0,72,app1,1.00001,M.Action,2101.00001,10,22
817,LINK,128,72,app1,1.00001,M.Action,2101.00001,10,23
818,LINK,317,72,app1,1.00001,M.Action,2101.00001,10,24
821,LINK,44,168,app1,1.00001,M.Action,2101.00001,10,25
823,LINK,198,72,app1,1.00001,M.Action,2101.00001,10,26
825,LINK,85,89,app1,1.00001,M.Action,2101.00001,10,27
826,LINK,61,65,app1,1.00001,M.Action,2101.00001,10,28
827,LINK,24,168,app1,1.00001,M.Action,2101.00001,10,29
832,LINK,51,72,app1,1.00001,M.Action,2101.00001,10,30
835,LINK,89,72,app1,1.00001,M.Action,2101.00001,10,31
840,LINK,103,198,app1,1.00001,M.Action,2101.00001,10,32
814,LINK,4,85,app1,1.00001,M.Action,2102.0000200000004,10,17
830,LINK,85,89,app1,1.00001,M.Action,2102.0000200000004,10,18
833,LINK,44,168,app1,1.00001,M.Action,2102.0000200000004,10,19
834,LINK,317,72,app1,1.00001,M.Action,2102.0000200000004,10,20
821,LINK,168,72,app1,1.00001,M.Action,2102.0000200000004,10,21
825,LINK,89,72,app1,1.00001,M.Action,2102.0000200000004,10,22
826,LINK,65,93,app1,1.00001,M.Action,2102.0000200000004,10,23
827,LINK,168,72,app1,1.00001,M.Action,2102.0000200000004,10,24
840,LINK,198,72,app1,1.00001,M.Action,2102.0000200000004,10,25
810,LINK,85,89,app1,1.00001,M.Action,2103.0000300000006,10,16
830,LINK,89,72,app1,1.00001,M.Action,2103.0000300000006,10,17
833,LINK,168,72,app1,1.00001,M.Action,2103.0000300000006,10,18
826,LINK,93,317,app1,1.00001,M.Action,2103.0000300000006,10,19
814,LINK,85,89,app1,1.00001,M.Action,2104.000040000001,10,11
810,LINK,89,72,app1,1.00001,M.Action,2104.000040000001,10,12
826,LINK,317,72,app1,1.00001,M.Action,2104.000040000001,10,13
814,LINK,89,72,app1,1.00001,M.Action,2105.000050000001,10,7
841,LINK,0,72,app1,1.00001,M.Action,2200,10,0
842,LINK,22,0,app1,1.00001,M.Action,2200,10,1
843,LINK,317,72,app1,1.00001,M.Action,2200,10,2
844,LINK,51,72,app1,1.00001,M.Action,2200,10,3
845,LINK,317,72,app1,1.00001,M.Action,2200,10,4
846,LINK,0,72,app1,1.00001,M.Action,2200,10,5
847,LINK,51,72,app1,1.00001,M.Action,2200,10,6
848,LINK,198,72,app1,1.00001,M.Action,2200,10,7
849,LINK,51,72,app1,1.00001,M.Action,2200,10,8
850,LINK,336,4,app1,1.00001,M.Action,2200,10,9
851,LINK,218,0,app1,1.00001,M.Action,2200,10,10
852,LINK,0,72,app1,1.00001,M.Action,2200,10,11
853,LINK,198,72,app1,1.00001,M.Action,2200,10,12
854,LINK,336,4,app1,1.00001,M.Action,2200,10,13
855,LINK,89,72,app1,1.00001,M.Action,2200,10,14
856,LINK,0,72,app1,1.00001,M.Action,2200,10,15
857,LINK,171,128,app1,1.00001,M.Action,2200,10,16
858,LINK,308,317,app1,1.00001,M.Action,2200,10,17
859,LINK,89,72,app1,1.00001,M.Action,2200,10,18
860,LINK,51,72,app1,1.00001,M.Action,2200,10,19
861,LINK,257,44,app1,1.00001,M.Action,2200,10,20
862,LINK,317,72,app1,1.00001,M.Action,2200,10,21
863,LINK,103,198,app1,1.00001,M.Action,2200,10,22
864,LINK,228,72,app1,1.00001,M.Action,2200,10,23
865,LINK,4,85,app1,1.00001,M.Action,2200,10,24
866,LINK,64,61,app1,1.00001,M.Action,2200,10,25
867,LINK,105,24,app1,1.00001,M.Action,2200,10,26
868,LINK,198,72,app1,1.00001,M.Action,2200,10,27
869,LINK,198,72,app1,1.00001,M.Action,2200,10,28
870,LINK,4,85,app1,1.00001,M.Action,2200,10,29
871,LINK,0,72,app1,1.00001,M.Action,2200,10,30
872,LINK,42,51,app1,1.00001,M.Action,2200,10,31
873,LINK,257,44,app1,1.00001,M.Action,2200,10,32
874,LINK,308,317,app1,1.00001,M.Action,2200,10,33
875,LINK,85,89,app1,1.00001,M.Action,2200,10,34
876,LINK,89,72,app1,1.00001,M.Action,2200,10,35
877,LINK,168,72,app1,1.00001,M.Action,2200,10,36
878,LINK,168,72,app1,1.00001,M.Action,2200,10,37
879,LINK,0,72,app1,1.00001,M.Action,2200,10,38
880,LINK,71,103,app1,1.00001,M.Action,2200,10,39
842,LINK,0,72,app1,1.00001,M.Action,2201.00001,10,20
850,LINK,4,85,app1,1.00001,M.Action,2201.00001,10,21
851,LINK,0,72,app1,1.00001,M.Action,2201.00001,10,22
857,LINK,128,72,app1,1.00001,M.Action,2201.00001,10,23
858,LINK,317,72,app1,1.00001,M.Action,2201.00001,10,24
861,LINK,44,168,app1,1.00001,M.Action,2201.00001,10,25
863,LINK,198,72,app1,1.00001,M.Action,2201.00001,10,26
865,LINK,85,89,app1,1.00001,M.Action,2201.00001,10,27
866,LINK,61,65,app1,1.00001,M.Action,2201.00001,10,28
867,LINK,24,168,app1,1.00001,M.Action,2201.00001,10,29
872,LINK,51,72,app1,1.00001,M.Action,2201.00001,10,30
875,LINK,89,72,app1,1.00001,M.Action,2201.00001,10,31
880,LINK,103,198,app1,1.00001,M.Action,2201.00001,10,32
854,LINK,4,85,app1,1.00001,M.Action,2202.0000200000004,10,17
870,LINK,85,89,app1,1.00001,M.Action,2202.0000200000004,10,18
873,LINK,44,168,app1,1.00001,M.Action,2202.0000200000004,10,19
874,LINK,317,72,app1,1.00001,M.Action,2202.0000200000004,10,20
861,LINK,168,72,app1,1.00001,M.Action,2202.0000200000004,10,21
865,LINK,89,72,app1,1.00001,M.Action,2202.0000200000004,10,22
866,LINK,65,93,app1,1.00001,M.Action,2202.0000200000004,10,23
867,LINK,168,72,app1,1.00001,M.Action,2202.0000200000004,10,24
880,LINK,198,72,app1,1.00001,M.Action,2202.0000200000004,10,25
850,LINK,85,89,app1,1.00001,M.Action,2203.0000300000006,10,16
870,LINK,89,72,app1,1.00001,M.Action,2203.0000300000006,10,17
873,LINK,168,72,app1,1.00001,M.Action,2203.0000300000006,10,18
866,LINK,93,317,app1,1.00001,M.Action,2203.0000300000006,10,19
854,LINK,85,89,app1,1.00001,M.Action,2204.000040000001,10,11
850,LINK,89,72,app1,1.00001,M.Action,2204.000040000001,10,12
866,LINK,317,72,app1,1.00001,M.Action,2204.000040000001,10,13
854,LINK,89,72,app1,1.00001,M.Action,2205.000050000001,10,7
881,LINK,0,72,app1,1.00001,M.Action,2300,10,0
882,LINK,22,0,app1,1.00001,M.Action,2300,10,1
883,LINK,317,72,app1,1.00001,M.Action,2300,10,2
884,LINK,51,72,app1,1.00001,M.Action,2300,10,3
885,LINK,317,72,app1,1.00001,M.Action,2300,10,4
886,LINK,0,72,app1,1.00001,M.Action,2300,10,5
887,LINK,51,72,app1,1.00001,M.Action,2300,10,6
888,LINK,198,72,app1,1.00001,M.Action,2300,10,7
889,LINK,51,72,app1,1.00001,M.Action,2300,10,8
890,LINK,336,4,app1,1.00001,M.Action,2300,10,9
891,LINK,218,0,app1,1.00001,M.Action,2300,10,10
892,LINK,0,72,app1,1.00001,M.Action,2300,10,11
893,LINK,198,72,app1,1.00001,M.Action,2300,10,12
894,LINK,336,4,app1,1.00001,M.Action,2300,10,13
895,LINK,89,72,app1,1.00001,M.Action,2300,10,14
896,LINK,0,72,app1,1.00001,M.Action,2300,10,15
897,LINK,171,128,app1,1.00001,M.Action,2300,10,16
898,LINK,308,317,app1,1.00001,M.Action,2300,10,17
899,LINK,89,72,app1,1.00001,M.Action,2300,10,18
900,LINK,51,72,app1,1.00001,M.Action,2300,10,19
901,LINK,257,44,app1,1.00001,M.Action,2300,10,20
902,LINK,317,72,app1,1.00001,M.Action,2300,10,21
903,LINK,103,198,app1,1.00001,M.Action,2300,10,22
904,LINK,228,72,app1,1.00001,M.Action,2300,10,23
905,LINK,4,85,app1,1.00001,M.Action,2300,10,24
906,LINK,64,61,app1,1.00001,M.Action,2300,10,25
907,LINK,105,24,app1,1.00001,M.Action,2300,10,26
908,LINK,198,72,app1,1.00001,M.Action,2300,10,27
909,LINK,198,72,app1,1.00001,M.Action,2300,10,28
910,LINK,4,85,app1,1.00001,M.Action,2300,10,29
911,LINK,0,72,app1,1.00001,M.Action,2300,10,30
912,LINK,42,51,app1,1.00001,M.Action,2300,10,31
913,LINK,257,44,app1,1.00001,M.Action,2300,10,32
914,LINK,308,317,app1,1.00001,M.Action,2300,10,33
915,LINK,85,89,app1,1.00001,M.Action,2300,10,34
916,LINK,89,72,app1,1.00001,M.Action,2300,10,35
917,LINK,168,72,app1,1.00001,M.Action,2300,10,36
918,LINK,168,72,app1,1.00001,M.Action,2300,10,37
919,LINK,0,72,app1,1.00001,M.Action,2300,10,38
920,LINK,71,103,app1,1.00001,M.Action,2300,10,39
882,LINK,0,72,app1,1.00001,M.Action,2301.00001,10,20
890,LINK,4,85,app1,1.00001,M.Action,2301.00001,10,21
891,LINK,0,72,app1,1.00001,M.Action,2301.00001,10,22
897,LINK,128,72,app1,1.00001,M.Action,2301.00001,10,23
898,LINK,317,72,app1,1.00001,M.Action,2301.00001,10,24
901,LINK,44,168,app1,1.00001,M.Action,2301.00001,10,25
903,LINK,198,72,app1,1.00001,M.Action,2301.00001,10,26
905,LINK,85,89,app1,1.00001,M.Action,2301.00001,10,27
906,LINK,61,65,app1,1.00001,M.Action,2301.00001,10,28
907,LINK,24,168,app1,1.00001,M.Action,2301.00001,10,29
912,LINK,51,72,app1,1.00001,M.Action,2301.00001,10,30
915,LINK,89,72,app1,1.00001,M.Action,2301.00001,10,31
920,LINK,103,198,app1,1.00001,M.Action,2301.00001,10,32
894,LINK,4,85,app1,1.00001,M.Action,2302.0000200000004,10,17
910,LINK,85,89,app1,1.00001,M.Action,2302.0000200000004,10,18
913,LINK,44,168,app1,1.00001,M.Action,2302.0000200000004,10,19
914,LINK,317,72,app1,1.00001,M.Action,2302.0000200000004,10,20
901,LINK,168,72,app1,1.00001,M.Action,2302.0000200000004,10,21
905,LINK,89,72,app1,1.00001,M.Action,2302.0000200000004,10,22
906,LINK,65,93,app1,1.00001,M.Action,2302.0000200000004,10,23
907,LINK,168,72,app1,1.00001,M.Action,2302.0000200000004,10,24
920,LINK,198,72,app1,1.00001,M.Action,2302.0000200000004,10,25
890,LINK,85,89,app1,1.00001,M.Action,2303.0000300000006,10,16
910,LINK,89,72,app1,1.00001,M.Action,2303.0000300000006,10,17
913,LINK,168,72,app1,1.00001,M.Action,2303.0000300000006,10,18
906,LINK,93,317,app1,1.00001,M.Action,2303.0000300000006,10,19
894,LINK,85,89,app1,1.00001,M.Action,2304.000040000001,10,11
890,LINK,89,72,app1,1.00001,M.Action,2304.000040000001,10,12
906,LINK,317,72,app1,1.00001,M.Action,2304.000040000001,10,13
894,LINK,89,72,app1,1.00001,M.Action,2305.000050000001,10,7
921,LINK,0,72,app1,1.00001,M.Action,2400,10,0
922,LINK,22,0,app1,1.00001,M.Action,2400,10,1
923,LINK,317,72,app1,1.00001,M.Action,2400,10,2
924,LINK,51,72,app1,1.00001,M.Action,2400,10,3
925,LINK,317,72,app1,1.00001,M.Action,2400,10,4
926,LINK,0,72,app1,1.00001,M.Action,2400,10,5
927,LINK,51,72,app1,1.00001,M.Action,2400,10,6
928,LINK,198,72,app1,1.00001,M.Action,2400,10,7
929,LINK,51,72,app1,1.00001,M.Action,2400,10,8
930,LINK,336,4,app1,1.00001,M.Action,2400,10,9
931,LINK,218,0,app1,1.00001,M.Action,2400,10,10
932,LINK,0,72,app1,1.00001,M.Action,2400,10,11
933,LINK,198,72,app1,1.00001,M.Action,2400,10,12
934,LINK,336,4,app1,1.00001,M.Action,2400,10,13
935,LINK,89,72,app1,1.00001,M.Action,2400,10,14
936,LINK,0,72,app1,1.00001,M.Action,2400,10,15
937,LINK,171,128,app1,1.00001,M.Action,2400,10,16
938,LINK,308,317,app1,1.00001,M.Action,2400,10,17
939,LINK,89,72,app1,1.00001,M.Action,2400,10,18
940,LINK,51,72,app1,1.00001,M.Action,2400,10,19
941,LINK,257,44,app1,1.00001,M.Action,2400,10,20
942,LINK,317,72,app1,1.00001,M.Action,2400,10,21
943,LINK,103,198,app1,1.00001,M.Action,2400,10,22
944,LINK,228,72,app1,1.00001,M.Action,2400,10,23
945,LINK,4,85,app1,1.00001,M.Action,2400,10,24
946,LINK,64,61,app1,1.00001,M.Action,2400,10,25
947,LINK,105,24,app1,1.00001,M.Action,2400,10,26
948,LINK,198,72,app1,1.00001,M.Action,2400,10,27
949,LINK,198,72,app1,1.00001,M.Action,2400,10,28
950,LINK,4,85,app1,1.00001,M.Action,2400,10,29
951,LINK,0,72,app1,1.00001,M.Action,2400,10,30
952,LINK,42,51,app1,1.00001,M.Action,2400,10,31
953,LINK,257,44,app1,1.00001,M.Action,2400,10,32
954,LINK,308,317,app1,1.00001,M.Action,2400,10,33
955,LINK,85,89,app1,1.00001,M.Action,2400,10,34
956,LINK,89,72,app1,1.00001,M.Action,2400,10,35
957,LINK,168,72,app1,1.00001,M.Action,2400,10,36
958,LINK,168,72,app1,1.00001,M.Action,2400,10,37
959,LINK,0,72,app1,1.00001,M.Action,2400,10,38
960,LINK,71,103,app1,1.00001,M.Action,2400,10,39
922,LINK,0,72,app1,1.00001,M.Action,2401.00001,10,20
930,LINK,4,85,app1,1.00001,M.Action,2401.00001,10,21
931,LINK,0,72,app1,1.00001,M.Action,2401.00001,10,22
937,LINK,128,72,app1,1.00001,M.Action,2401.00001,10,23
938,LINK,317,72,app1,1.00001,M.Action,2401.00001,10,24
941,LINK,44,168,app1,1.00001,M.Action,2401.00001,10,25
943,LINK,198,72,app1,1.00001,M.Action,2401.00001,10,26
945,LINK,85,89,app1,1.00001,M.Action,2401.00001,10,27
946,LINK,61,65,app1,1.00001,M.Action,2401.00001,10,28
947,LINK,24,168,app1,1.00001,M.Action,2401.00001,10,29
952,LINK,51,72,app1,1.00001,M.Action,2401.00001,10,30
955,LINK,89,72,app1,1.00001,M.Action,2401.00001,10,31
960,LINK,103,198,app1,1.00001,M.Action,2401.00001,10,32
934,LINK,4,85,app1,1.00001,M.Action,2402.0000200000004,10,17
950,LINK,85,89,app1,1.00001,M.Action,2402.0000200000004,10,18
953,LINK,44,168,app1,1.00001,M.Action,2402.0000200000004,10,19
954,LINK,317,72,app1,1.00001,M.Action,2402.0000200000004,10,20
941,LINK,168,72,app1,1.00001,M.Action,2402.0000200000004,10,21
945,LINK,89,72,app1,1.00001,M.Action,2402.0000200000004,10,22
946,LINK,65,93,app1,1.00001,M.Action,2402.0000200000004,10,23
947,LINK,168,72,app1,1.00001,M.Action,2402.0000200000004,10,24
960,LINK,198,72,app1,1.00001,M.Action,2402.0000200000004,10,25
930,LINK,85,89,app1,1.00001,M.Action,2403.0000300000006,10,16
950,LINK,89,72,app1,1.00001,M.Action,2403.0000300000006,10,17
953,LINK,168,72,app1,1.00001,M.Action,2403.0000300000006,10,18
946,LINK,93,317,app1,1.00001,M.Action,2403.0000300000006,10,19
934,LINK,85,89,app1,1.00001,M.Action,2404.000040000001,10,11
930,LINK,89,72,app1,1.00001,M.Action,2404.000040000001,10,12
946,LINK,317,72,app1,1.00001,M.Action,2404.000040000001,10,13
934,LINK,89,72,app1,1.00001,M.Action,2405.000050000001,10,7
961,LINK,0,72,app1,1.00001,M.Action,2500,10,0
962,LINK,0,72,app1,1.00001,M.Action,2500,10,1
963,LINK,317,72,app1,1.00001,M.Action,2500,10,2
964,LINK,51,72,app1,1.00001,M.Action,2500,10,3
965,LINK,317,72,app1,1.00001,M.Action,2500,10,4
966,LINK,0,72,app1,1.00001,M.Action,2500,10,5
967,LINK,51,72,app1,1.00001,M.Action,2500,10,6
968,LINK,198,72,app1,1.00001,M.Action,2500,10,7
969,LINK,51,72,app1,1.00001,M.Action,2500,10,8
970,LINK,4,85,app1,1.00001,M.Action,2500,10,9
971,LINK,0,72,app1,1.00001,M.Action,2500,10,10
972,LINK,0,72,app1,1.00001,M.Action,2500,10,11
973,LINK,198,72,app1,1.00001,M.Action,2500,10,12
974,LINK,4,85,app1,1.00001,M.Action,2500,10,13
975,LINK,89,72,app1,1.00001,M.Action,2500,10,14
976,LINK,0,72,app1,1.00001,M.Action,2500,10,15
977,LINK,128,72,app1,1.00001,M.Action,2500,10,16
978,LINK,317,72,app1,1.00001,M.Action,2500,10,17
979,LINK,89,72,app1,1.00001,M.Action,2500,10,18
980,LINK,51,72,app1,1.00001,M.Action,2500,10,19
981,LINK,44,168,app1,1.00001,M.Action,2500,10,20
982,LINK,317,72,app1,1.00001,M.Action,2500,10,21
983,LINK,198,72,app1,1.00001,M.Action,2500,10,22
984,LINK,228,72,app1,1.00001,M.Action,2500,10,23
985,LINK,85,89,app1,1.00001,M.Action,2500,10,24
986,LINK,61,153,app1,1.00001,M.Action,2500,10,25
987,LINK,24,168,app1,1.00001,M.Action,2500,10,26
988,LINK,198,72,app1,1.00001,M.Action,2500,10,27
989,LINK,198,72,app1,1.00001,M.Action,2500,10,28
990,LINK,85,89,app1,1.00001,M.Action,2500,10,29
991,LINK,0,72,app1,1.00001,M.Action,2500,10,30
992,LINK,51,72,app1,1.00001,M.Action,2500,10,31
993,LINK,44,168,app1,1.00001,M.Action,2500,10,32
994,LINK,317,72,app1,1.00001,M.Action,2500,10,33
995,LINK,89,72,app1,1.00001,M.Action,2500,10,34
996,LINK,89,72,app1,1.00001,M.Action,2500,10,35
997,LINK,168,72,app1,1.00001,M.Action,2500,10,36
998,LINK,168,72,app1,1.00001,M.Action,2500,10,37
999,LINK,0,72,app1,1.00001,M.Action,2500,10,38
1000,LINK,103,198,app1,1.00001,M.Action,2500,10,39
970,LINK,85,89,app1,1.00001,M.Action,2501.00001,10,26
981,LINK,168,72,app1,1.00001,M.Action,2501.00001,10,27
985,LINK,89,72,app1,1.00001,M.Action,2501.00001,10,28
986,LINK,153,22,app1,1.00001,M.Action,2501.00001,10,29
987,LINK,168,72,app1,1.00001,M.Action,2501.00001,10,30
1000,LINK,198,72,app1,1.00001,M.Action,2501.00001,10,31
974,LINK,85,89,app1,1.00001,M.Action,2502.0000200000004,10,22
990,LINK,89,72,app1,1.00001,M.Action,2502.0000200000004,10,23
993,LINK,168,72,app1,1.00001,M.Action,2502.0000200000004,10,24
986,LINK,22,0,app1,1.00001,M.Action,2502.0000200000004,10,25
970,LINK,89,72,app1,1.00001,M.Action,2503.0000300000006,10,18
986,LINK,0,72,app1,1.00001,M.Action,2503.0000300000006,10,19
974,LINK,89,72,app1,1.00001,M.Action,2504.000040000001,10,13
1001,LINK,0,72,app1,1.00001,M.Action,2600,10,0
1002,LINK,0,72,app1,1.00001,M.Action,2600,10,1
1003,LINK,317,72,app1,1.00001,M.Action,2600,10,2
1004,LINK,51,72,app1,1.00001,M.Action,2600,10,3
1005,LINK,317,72,app1,1.00001,M.Action,2600,10,4
1006,LINK,0,72,app1,1.00001,M.Action,2600,10,5
1007,LINK,51,72,app1,1.00001,M.Action,2600,10,6
1008,LINK,198,72,app1,1.00001,M.Action,2600,10,7
1009,LINK,51,72,app1,1.00001,M.Action,2600,10,8
1010,LINK,4,85,app1,1.00001,M.Action,2600,10,9
1011,LINK,0,72,app1,1.00001,M.Action,2600,10,10
1012,LINK,0,72,app1,1.00001,M.Action,2600,10,11
1013,LINK,198,72,app1,1.00001,M.Action,2600,10,12
1014,LINK,4,85,app1,1.00001,M.Action,2600,10,13
1015,LINK,89,72,app1,1.00001,M.Action,2600,10,14
1016,LINK,0,72,app1,1.00001,M.Action,2600,10,15
1017,LINK,128,72,app1,1.00001,M.Action,2600,10,16
1018,LINK,317,72,app1,1.00001,M.Action,2600,10,17
1019,LINK,89,72,app1,1.00001,M.Action,2600,10,18
1020,LINK,51,72,app1,1.00001,M.Action,2600,10,19
1021,LINK,44,168,app1,1.00001,M.Action,2600,10,20
1022,LINK,317,72,app1,1.00001,M.Action,2600,10,21
1023,LINK,198,72,app1,1.00001,M.Action,2600,10,22
1024,LINK,228,72,app1,1.00001,M.Action,2600,10,23
1025,LINK,85,89,app1,1.00001,M.Action,2600,10,24
1026,LINK,61,153,app1,1.00001,M.Action,2600,10,25
1027,LINK,24,168,app1,1.00001,M.Action,2600,10,26
1028,LINK,198,72,app1,1.00001,M.Action,2600,10,27
1029,LINK,198,72,app1,1.00001,M.Action,2600,10,28
1030,LINK,85,89,app1,1.00001,M.Action,2600,10,29
1031,LINK,0,72,app1,1.00001,M.Action,2600,10,30
1032,LINK,51,72,app1,1.00001,M.Action,2600,10,31
1033,LINK,44,168,app1,1.00001,M.Action,2600,10,32
1034,LINK,317,72,app1,1.00001,M.Action,2600,10,33
1035,LINK,89,72,app1,1.00001,M.Action,2600,10,34
1036,LINK,89,72,app1,1.00001,M.Action,2600,10,35
1037,LINK,168,72,app1,1.00001,M.Action,2600,10,36
1038,LINK,168,72,app1,1.00001,M.Action,2600,10,37
1039,LINK,0,72,app1,1.00001,M.Action,2600,10,38
1040,LINK,103,198,app1,1.00001,M.Action,2600,10,39
1010,LINK,85,89,app1,1.00001,M.Action,2601.00001,10,26
1021,LINK,168,72,app1,1.00001,M.Action,2601.00001,10,27
1025,LINK,89,72,app1,1.00001,M.Action,2601.00001,10,28
1026,LINK,153,22,app1,1.00001,M.Action,2601.00001,10,29
1027,LINK,168,72,app1,1.00001,M.Action,2601.00001,10,30
1040,LINK,198,72,app1,1.00001,M.Action,2601.00001,10,31
1014,LINK,85,89,app1,1.00001,M.Action,2602.0000200000004,10,22
1030,LINK,89,72,app1,1.00001,M.Action,2602.0000200000004,10,23
1033,LINK,168,72,app1,1.00001,M.Action,2602.0000200000004,10,24
1026,LINK,22,0,app1,1.00001,M.Action,2602.0000200000004,10,25
1010,LINK,89,72,app1,1.00001,M.Action,2603.0000300000006,10,18
1026,LINK,0,72,app1,1.00001,M.Action,2603.0000300000006,10,19
1014,LINK,89,72,app1,1.00001,M.Action,2604.000040000001,10,13
1041,LINK,0,72,app1,1.00001,M.Action,2700,10,0
1042,LINK,0,72,app1,1.00001,M.Action,2700,10,1
1043,LINK,317,72,app1,1.00001,M.Action,2700,10,2
1044,LINK,51,72,app1,1.00001,M.Action,2700,10,3
1045,LINK,317,72,app1,1.00001,M.Action,2700,10,4
1046,LINK,0,72,app1,1.00001,M.Action,2700,10,5
1047,LINK,51,72,app1,1.00001,M.Action,2700,10,6
1048,LINK,198,72,app1,1.00001,M.Action,2700,10,7
1049,LINK,51,72,app1,1.00001,M.Action,2700,10,8
1050,LINK,4,85,app1,1.00001,M.Action,2700,10,9
1051,LINK,0,72,app1,1.00001,M.Action,2700,10,10
1052,LINK,0,72,app1,1.00001,M.Action,2700,10,11
1053,LINK,198,72,app1,1.00001,M.Action,2700,10,12
1054,LINK,4,85,app1,1.00001,M.Action,2700,10,13
1055,LINK,89,72,app1,1.00001,M.Action,2700,10,14
1056,LINK,0,72,app1,1.00001,M.Action,2700,10,15
1057,LINK,128,72,app1,1.00001,M.Action,2700,10,16
1058,LINK,317,72,app1,1.00001,M.Action,2700,10,17
1059,LINK,89,72,app1,1.00001,M.Action,2700,10,18
1060,LINK,51,72,app1,1.00001,M.Action,2700,10,19
1061,LINK,44,168,app1,1.00001,M.Action,2700,10,20
1062,LINK,317,72,app1,1.00001,M.Action,2700,10,21
1063,LINK,198,72,app1,1.00001,M.Action,2700,10,22
1064,LINK,228,72,app1,1.00001,M.Action,2700,10,23
1065,LINK,85,89,app1,1.00001,M.Action,2700,10,24
1066,LINK,61,153,app1,1.00001,M.Action,2700,10,25
1067,LINK,24,168,app1,1.00001,M.Action,2700,10,26
1068,LINK,198,72,app1,1.00001,M.Action,2700,10,27
1069,LINK,198,72,app1,1.00001,M.Action,2700,10,28
1070,LINK,85,89,app1,1.00001,M.Action,2700,10,29
1071,LINK,0,72,app1,1.00001,M.Action,2700,10,30
1072,LINK,51,72,app1,1.00001,M.Action,2700,10,31
1073,LINK,44,168,app1,1.00001,M.Action,2700,10,32
1074,LINK,317,72,app1,1.00001,M.Action,2700,10,33
1075,LINK,89,72,app1,1.00001,M.Action,2700,10,34
1076,LINK,89,72,app1,1.00001,M.Action,2700,10,35
1077,LINK,168,72,app1,1.00001,M.Action,2700,10,36
1078,LINK,168,72,app1,1.00001,M.Action,2700,10,37
1079,LINK,0,72,app1,1.00001,M.Action,2700,10,38
1080,LINK,103,198,app1,1.00001,M.Action,2700,10,39
1050,LINK,85,89,app1,1.00001,M.Action,2701.00001,10,26
1061,LINK,168,72,app1,1.00001,M.Action,2701.00001,10,27
1065,LINK,89,72,app1,1.00001,M.Action,2701.00001,10,28
1066,LINK,153,22,app1,1.00001,M.Action,2701.00001,10,29
1067,LINK,168,72,app1,1.00001,M.Action,2701.00001,10,30
1080,LINK,198,72,app1,1.00001,M.Action,2701.00001,10,31
1054,LINK,85,89,app1,1.00001,M.Action,2702.0000200000004,10,22
1070,LINK,89,72,app1,1.00001,M.Action,2702.0000200000004,10,23
1073,LINK,168,72,app1,1.00001,M.Action,2702.0000200000004,10,24
1066,LINK,22,0,app1,1.00001,M.Action,2702.0000200000004,10,25
1050,LINK,89,72,app1,1.00001,M.Action,2703.0000300000006,10,18
1066,LINK,0,72,app1,1.00001,M.Action,2703.0000300000006,10,19
1054,LINK,89,72,app1,1.00001,M.Action,2704.000040000001,10,13
1081,LINK,0,72,app1,1.00001,M.Action,2800,10,0
1082,LINK,0,72,app1,1.00001,M.Action,2800,10,1
1083,LINK,317,72,app1,1.00001,M.Action,2800,10,2
1084,LINK,51,72,app1,1.00001,M.Action,2800,10,3
1085,LINK,317,72,app1,1.00001,M.Action,2800,10,4
1086,LINK,0,72,app1,1.00001,M.Action,2800,10,5
1087,LINK,51,72,app1,1.00001,M.Action,2800,10,6
1088,LINK,198,72,app1,1.00001,M.Action,2800,10,7
1089,LINK,51,72,app1,1.00001,M.Action,2800,10,8
1090,LINK,4,85,app1,1.00001,M.Action,2800,10,9
1091,LINK,0,72,app1,1.00001,M.Action,2800,10,10
1092,LINK,0,72,app1,1.00001,M.Action,2800,10,11
1093,LINK,198,72,app1,1.00001,M.Action,2800,10,12
1094,LINK,4,85,app1,1.00001,M.Action,2800,10,13
1095,LINK,89,72,app1,1.00001,M.Action,2800,10,14
1096,LINK,0,72,app1,1.00001,M.Action,2800,10,15
1097,LINK,128,72,app1,1.00001,M.Action,2800,10,16
1098,LINK,317,72,app1,1.00001,M.Action,2800,10,17
1099,LINK,89,72,app1,1.00001,M.Action,2800,10,18
1100,LINK,51,72,app1,1.00001,M.Action,2800,10,19
1101,LINK,44,168,app1,1.00001,M.Action,2800,10,20
1102,LINK,317,72,app1,1.00001,M.Action,2800,10,21
1103,LINK,198,72,app1,1.00001,M.Action,2800,10,22
1104,LINK,228,72,app1,1.00001,M.Action,2800,10,23
1105,LINK,85,89,app1,1.00001,M.Action,2800,10,24
1106,LINK,61,153,app1,1.00001,M.Action,2800,10,25
1107,LINK,24,168,app1,1.00001,M.Action,2800,10,26
1108,LINK,198,72,app1,1.00001,M.Action,2800,10,27
1109,LINK,198,72,app1,1.00001,M.Action,2800,10,28
1110,LINK,85,89,app1,1.00001,M.Action,2800,10,29
1111,LINK,0,72,app1,1.00001,M.Action,2800,10,30
1112,LINK,51,72,app1,1.00001,M.Action,2800,10,31
1113,LINK,44,168,app1,1.00001,M.Action,2800,10,32
1114,LINK,317,72,app1,1.00001,M.Action,2800,10,33
1115,LINK,89,72,app1,1.00001,M.Action,2800,10,34
1116,LINK,89,72,app1,1.00001,M.Action,2800,10,35
1117,LINK,168,72,app1,1.00001,M.Action,2800,10,36
1118,LINK,168,72,app1,1.00001,M.Action,2800,10,37
1119,LINK,0,72,app1,1.00001,M.Action,2800,10,38
1120,LINK,103,198,app1,1.00001,M.Action,2800,10,39
1090,LINK,85,89,app1,1.00001,M.Action,2801.00001,10,26
1101,LINK,168,72,app1,1.00001,M.Action,2801.00001,10,27
1105,LINK,89,72,app1,1.00001,M.Action,2801.00001,10,28
1106,LINK,153,22,app1,1.00001,M.Action,2801.00001,10,29
1107,LINK,168,72,app1,1.00001,M.Action,2801.00001,10,30
1120,LINK,198,72,app1,1.00001,M.Action,2801.00001,10,31
1094,LINK,85,89,app1,1.00001,M.Action,2802.0000200000004,10,22
1110,LINK,89,72,app1,1.00001,M.Action,2802.0000200000004,10,23
1113,LINK,168,72,app1,1.00001,M.Action,2802.0000200000004,10,24
1106,LINK,22,0,app1,1.00001,M.Action,2802.0000200000004,10,25
1090,LINK,89,72,app1,1.00001,M.Action,2803.0000300000006,10,18
1106,LINK,0,72,app1,1.00001,M.Action,2803.0000300000006,10,19
1094,LINK,89,72,app1,1.00001,M.Action,2804.000040000001,10,13
1121,LINK,0,72,app1,1.00001,M.Action,2900,10,0
1122,LINK,0,72,app1,1.00001,M.Action,2900,10,1
1123,LINK,317,72,app1,1.00001,M.Action,2900,10,2
1124,LINK,51,72,app1,1.00001,M.Action,2900,10,3
1125,LINK,317,72,app1,1.00001,M.Action,2900,10,4
1126,LINK,0,72,app1,1.00001,M.Action,2900,10,5
1127,LINK,51,72,app1,1.00001,M.Action,2900,10,6
1128,LINK,198,72,app1,1.00001,M.Action,2900,10,7
1129,LINK,51,72,app1,1.00001,M.Action,2900,10,8
1130,LINK,85,89,app1,1.00001,M.Action,2900,10,9
1131,LINK,0,72,app1,1.00001,M.Action,2900,10,10
1132,LINK,0,72,app1,1.00001,M.Action,2900,10,11
1133,LINK,198,72,app1,1.00001,M.Action,2900,10,12
1134,LINK,85,89,app1,1.00001,M.Action,2900,10,13
1135,LINK,89,72,app1,1.00001,M.Action,2900,10,14
1136,LINK,0,72,app1,1.00001,M.Action,2900,10,15
1137,LINK,128,72,app1,1.00001,M.Action,2900,10,16
1138,LINK,317,72,app1,1.00001,M.Action,2900,10,17
1139,LINK,89,72,app1,1.00001,M.Action,2900,10,18
1140,LINK,51,72,app1,1.00001,M.Action,2900,10,19
1141,LINK,168,72,app1,1.00001,M.Action,2900,10,20
1142,LINK,317,72,app1,1.00001,M.Action,2900,10,21
1143,LINK,198,72,app1,1.00001,M.Action,2900,10,22
1144,LINK,228,72,app1,1.00001,M.Action,2900,10,23
1145,LINK,89,72,app1,1.00001,M.Action,2900,10,24
1146,LINK,153,22,app1,1.00001,M.Action,2900,10,25
1147,LINK,168,72,app1,1.00001,M.Action,2900,10,26
1148,LINK,198,72,app1,1.00001,M.Action,2900,10,27
1149,LINK,198,72,app1,1.00001,M.Action,2900,10,28
1150,LINK,89,72,app1,1.00001,M.Action,2900,10,29
1151,LINK,0,72,app1,1.00001,M.Action,2900,10,30
1152,LINK,51,72,app1,1.00001,M.Action,2900,10,31
1153,LINK,168,72,app1,1.00001,M.Action,2900,10,32
1154,LINK,317,72,app1,1.00001,M.Action,2900,10,33
1155,LINK,89,72,app1,1.00001,M.Action,2900,10,34
1156,LINK,89,72,app1,1.00001,M.Action,2900,10,35
1157,LINK,168,72,app1,1.00001,M.Action,2900,10,36
1158,LINK,168,72,app1,1.00001,M.Action,2900,10,37
1159,LINK,0,72,app1,1.00001,M.Action,2900,10,38
1160,LINK,198,72,app1,1.00001,M.Action,2900,10,39
1130,LINK,89,72,app1,1.00001,M.Action,2901.00001,10,30
1146,LINK,22,0,app1,1.00001,M.Action,2901.00001,10,31
1134,LINK,89,72,app1,1.00001,M.Action,2902.0000200000004,10,24
1146,LINK,0,72,app1,1.00001,M.Action,2902.0000200000004,10,25
1161,LINK,0,72,app1,1.00001,M.Action,3000,10,0
1162,LINK,0,72,app1,1.00001,M.Action,3000,10,1
1163,LINK,317,72,app1,1.00001,M.Action,3000,10,2
1164,LINK,51,72,app1,1.00001,M.Action,3000,10,3
1165,LINK,317,72,app1,1.00001,M.Action,3000,10,4
1166,LINK,0,72,app1,1.00001,M.Action,3000,10,5
1167,LINK,51,72,app1,1.00001,M.Action,3000,10,6
1168,LINK,198,72,app1,1.00001,M.Action,3000,10,7
1169,LINK,51,72,app1,1.00001,M.Action,3000,10,8
1170,LINK,85,89,app1,1.00001,M.Action,3000,10,9
1171,LINK,0,72,app1,1.00001,M.Action,3000,10,10
1172,LINK,0,72,app1,1.00001,M.Action,3000,10,11
1173,LINK,198,72,app1,1.00001,M.Action,3000,10,12
1174,LINK,85,89,app1,1.00001,M.Action,3000,10,13
1175,LINK,89,72,app1,1.00001,M.Action,3000,10,14
1176,LINK,0,72,app1,1.00001,M.Action,3000,10,15
1177,LINK,128,72,app1,1.00001,M.Action,3000,10,16
1178,LINK,317,72,app1,1.00001,M.Action,3000,10,17
1179,LINK,89,72,app1,1.00001,M.Action,3000,10,18
1180,LINK,51,72,app1,1.00001,M.Action,3000,10,19
1181,LINK,168,72,app1,1.00001,M.Action,3000,10,20
1182,LINK,317,72,app1,1.00001,M.Action,3000,10,21
1183,LINK,198,72,app1,1.00001,M.Action,3000,10,22
1184,LINK,228,72,app1,1.00001,M.Action,3000,10,23
1185,LINK,89,72,app1,1.00001,M.Action,3000,10,24
1186,LINK,153,22,app1,1.00001,M.Action,3000,10,25
1187,LINK,168,72,app1,1.00001,M.Action,3000,10,26
1188,LINK,198,72,app1,1.00001,M.Action,3000,10,27
1189,LINK,198,72,app1,1.00001,M.Action,3000,10,28
1190,LINK,89,72,app1,1.00001,M.Action,3000,10,29
1191,LINK,0,72,app1,1.00001,M.Action,3000,10,30
1192,LINK,51,72,app1,1.00001,M.Action,3000,10,31
1193,LINK,168,72,app1,1.00001,M.Action,3000,10,32
1194,LINK,317,72,app1,1.00001,M.Action,3000,10,33
1195,LINK,89,72,app1,1.00001,M.Action,3000,10,34
1196,LINK,89,72,app1,1.00001,M.Action,3000,10,35
1197,LINK,168,72,app1,1.00001,M.Action,3000,10,36
1198,LINK,168,72,app1,1.00001,M.Action,3000,10,37
1199,LINK,0,72,app1,1.00001,M.Action,3000,10,38
1200,LINK,198,72,app1,1.00001,M.Action,3000,10,39
1170,LINK,89,72,app1,1.00001,M.Action,3001.00001,10,30
1186,LINK,22,0,app1,1.00001,M.Action,3001.00001,10,31
1174,LINK,89,72,app1,1.00001,M.Action,3002.0000200000004,10,24
1186,LINK,0,72,app1,1.00001,M.Action,3002.0000200000004,10,25
1201,LINK,0,72,app1,1.00001,M.Action,3100,10,0
1202,LINK,0,72,app1,1.00001,M.Action,3100,10,1
1203,LINK,317,72,app1,1.00001,M.Action,3100,10,2
1204,LINK,51,72,app1,1.00001,M.Action,3100,10,3
1205,LINK,317,72,app1,1.00001,M.Action,3100,10,4
1206,LINK,0,72,app1,1.00001,M.Action,3100,10,5
1207,LINK,51,72,app1,1.00001,M.Action,3100,10,6
1208,LINK,198,72,app1,1.00001,M.Action,3100,10,7
1209,LINK,51,72,app1,1.00001,M.Action,3100,10,8
1210,LINK,85,89,app1,1.00001,M.Action,3100,10,9
1211,LINK,0,72,app1,1.00001,M.Action,3100,10,10
1212,LINK,0,72,app1,1.00001,M.Action,3100,10,11
1213,LINK,198,72,app1,1.00001,M.Action,3100,10,12
1214,LINK,85,89,app1,1.00001,M.Action,3100,10,13
1215,LINK,89,72,app1,1.00001,M.Action,3100,10,14
1216,LINK,0,72,app1,1.00001,M.Action,3100,10,15
1217,LINK,128,72,app1,1.00001,M.Action,3100,10,16
1218,LINK,317,72,app1,1.00001,M.Action,3100,10,17
1219,LINK,89,72,app1,1.00001,M.Action,3100,10,18
1220,LINK,51,72,app1,1.00001,M.Action,3100,10,19
1221,LINK,168,72,app1,1.00001,M.Action,3100,10,20
1222,LINK,317,72,app1,1.00001,M.Action,3100,10,21
1223,LINK,198,72,app1,1.00001,M.Action,3100,10,22
1224,LINK,228,72,app1,1.00001,M.Action,3100,10,23
1225,LINK,89,72,app1,1.00001,M.Action,3100,10,24
1226,LINK,153,22,app1,1.00001,M.Action,3100,10,25
1227,LINK,168,72,app1,1.00001,M.Action,3100,10,26
1228,LINK,198,72,app1,1.00001,M.Action,3100,10,27
1229,LINK,198,72,app1,1.00001,M.Action,3100,10,28
1230,LINK,89,72,app1,1.00001,M.Action,3100,10,29
1231,LINK,0,72,app1,1.00001,M.Action,3100,10,30
1232,LINK,51,72,app1,1.00001,M.Action,3100,10,31
1233,LINK,168,72,app1,1.00001,M.Action,3100,10,32
1234,LINK,317,72,app1,1.00001,M.Action,3100,10,33
1235,LINK,89,72,app1,1.00001,M.Action,3100,10,34
1236,LINK,89,72,app1,1.00001,M.Action,3100,10,35
1237,LINK,168,72,app1,1.00001,M.Action,3100,10,36
1238,LINK,168,72,app1,1.00001,M.Action,3100,10,37
1239,LINK,0,72,app1,1.00001,M.Action,3100,10,38
1240,LINK,198,72,app1,1.00001,M.Action,3100,10,39
1210,LINK,89,72,app1,1.00001,M.Action,3101.00001,10,30
1226,LINK,22,0,app1,1.00001,M.Action,3101.00001,10,31
1214,LINK,89,72,app1,1.00001,M.Action,3102.0000200000004,10,24
1226,LINK,0,72,app1,1.00001,M.Action,3102.0000200000004,10,25
1241,LINK,0,72,app1,1.00001,M.Action,3200,10,0
1242,LINK,0,72,app1,1.00001,M.Action,3200,10,1
1243,LINK,317,72,app1,1.00001,M.Action,3200,10,2
1244,LINK,51,72,app1,1.00001,M.Action,3200,10,3
1245,LINK,317,72,app1,1.00001,M.Action,3200,10,4
1246,LINK,0,72,app1,1.00001,M.Action,3200,10,5
1247,LINK,51,72,app1,1.00001,M.Action,3200,10,6
1248,LINK,198,72,app1,1.00001,M.Action,3200,10,7
1249,LINK,51,72,app1,1.00001,M.Action,3200,10,8
1250,LINK,85,89,app1,1.00001,M.Action,3200,10,9
1251,LINK,0,72,app1,1.00001,M.Action,3200,10,10
1252,LINK,0,72,app1,1.00001,M.Action,3200,10,11
1253,LINK,198,72,app1,1.00001,M.Action,3200,10,12
1254,LINK,85,89,app1,1.00001,M.Action,3200,10,13
1255,LINK,89,72,app1,1.00001,M.Action,3200,10,14
1256,LINK,0,72,app1,1.00001,M.Action,3200,10,15
1257,LINK,128,72,app1,1.00001,M.Action,3200,10,16
1258,LINK,317,72,app1,1.00001,M.Action,3200,10,17
1259,LINK,89,72,app1,1.00001,M.Action,3200,10,18
1260,LINK,51,72,app1,1.00001,M.Action,3200,10,19
1261,LINK,168,72,app1,1.00001,M.Action,3200,10,20
1262,LINK,317,72,app1,1.00001,M.Action,3200,10,21
1263,LINK,198,72,app1,1.00001,M.Action,3200,10,22
1264,LINK,228,72,app1,1.00001,M.Action,3200,10,23
1265,LINK,89,72,app1,1.00001,M.Action,3200,10,24
1266,LINK,153,22,app1,1.00001,M.Action,3200,10,25
1267,LINK,168,72,app1,1.00001,M.Action,3200,10,26
1268,LINK,198,72,app1,1.00001,M.Action,3200,10,27
1269,LINK,198,72,app1,1.00001,M.Action,3200,10,28
1270,LINK,89,72,app1,1.00001,M.Action,3200,10,29
1271,LINK,0,72,app1,1.00001,M.Action,3200,10,30
1272,LINK,51,72,app1,1.00001,M.Action,3200,10,31
1273,LINK,168,72,app1,1.00001,M.Action,3200,10,32
1274,LINK,317,72,app1,1.00001,M.Action,3200,10,33
1275,LINK,89,72,app1,1.00001,M.Action,3200,10,34
1276,LINK,89,72,app1,1.00001,M.Action,3200,10,35
1277,LINK,168,72,app1,1.00001,M.Action,3200,10,36
1278,LINK,168,72,app1,1.00001,M.Action,3200,10,37
1279,LINK,0,72,app1,1.00001,M.Action,3200,10,38
1280,LINK,198,72,app1,1.00001,M.Action,3200,10,39
1250,LINK,89,72,app1,1.00001,M.Action,3201.00001,10,30
1266,LINK,22,0,app1,1.00001,M.Action,3201.00001,10,31
1254,LINK,89,72,app1,1.00001,M.Action,3202.0000200000004,10,24
1266,LINK,0,72,app1,1.00001,M.Action,3202.0000200000004,10,25
1281,LINK,0,72,app1,1.00001,M.Action,3300,10,0
1282,LINK,0,72,app1,1.00001,M.Action,3300,10,1
1283,LINK,317,72,app1,1.00001,M.Action,3300,10,2
1284,LINK,51,72,app1,1.00001,M.Action,3300,10,3
1285,LINK,317,72,app1,1.00001,M.Action,3300,10,4
1286,LINK,0,72,app1,1.00001,M.Action,3300,10,5
1287,LINK,51,72,app1,1.00001,M.Action,3300,10,6
1288,LINK,198,72,app1,1.00001,M.Action,3300,10,7
1289,LINK,51,72,app1,1.00001,M.Action,3300,10,8
1290,LINK,89,72,app1,1.00001,M.Action,3300,10,9
1291,LINK,0,72,app1,1.00001,M.Action,3300,10,10
1292,LINK,0,72,app1,1.00001,M.Action,3300,10,11
1293,LINK,198,72,app1,1.00001,M.Action,3300,10,12
1294,LINK,89,72,app1,1.00001,M.Action,3300,10,13
1295,LINK,89,72,app1,1.00001,M.Action,3300,10,14
1296,LINK,0,72,app1,1.00001,M.Action,3300,10,15
1297,LINK,128,72,app1,1.00001,M.Action,3300,10,16
1298,LINK,317,72,app1,1.00001,M.Action,3300,10,17
1299,LINK,89,72,app1,1.00001,M.Action,3300,10,18
1300,LINK,51,72,app1,1.00001,M.Action,3300,10,19
1301,LINK,168,72,app1,1.00001,M.Action,3300,10,20
1302,LINK,317,72,app1,1.00001,M.Action,3300,10,21
1303,LINK,198,72,app1,1.00001,M.Action,3300,10,22
1304,LINK,228,72,app1,1.00001,M.Action,3300,10,23
1305,LINK,89,72,app1,1.00001,M.Action,3300,10,24
1306,LINK,22,0,app1,1.00001,M.Action,3300,10,25
1307,LINK,168,72,app1,1.00001,M.Action,3300,10,26
1308,LINK,198,72,app1,1.00001,M.Action,3300,10,27
1309,LINK,198,72,app1,1.00001,M.Action,3300,10,28
1310,LINK,89,72,app1,1.00001,M.Action,3300,10,29
1311,LINK,0,72,app1,1.00001,M.Action,3300,10,30
1312,LINK,51,72,app1,1.00001,M.Action,3300,10,31
1313,LINK,168,72,app1,1.00001,M.Action,3300,10,32
1314,LINK,317,72,app1,1.00001,M.Action,3300,10,33
1315,LINK,89,72,app1,1.00001,M.Action,3300,10,34
1316,LINK,89,72,app1,1.00001,M.Action,3300,10,35
1317,LINK,168,72,app1,1.00001,M.Action,3300,10,36
1318,LINK,168,72,app1,1.00001,M.Action,3300,10,37
1319,LINK,0,72,app1,1.00001,M.Action,3300,10,38
1320,LINK,198,72,app1,1.00001,M.Action,3300,10,39
1306,LINK,0,72,app1,1.00001,M.Action,3301.00001,10,31
1321,LINK,0,72,app1,1.00001,M.Action,3400,10,0
1322,LINK,0,72,app1,1.00001,M.Action,3400,10,1
1323,LINK,317,72,app1,1.00001,M.Action,3400,10,2
1324,LINK,51,72,app1,1.00001,M.Action,3400,10,3
1325,LINK,317,72,app1,1.00001,M.Action,3400,10,4
1326,LINK,0,72,app1,1.00001,M.Action,3400,10,5
1327,LINK,51,72,app1,1.00001,M.Action,3400,10,6
1328,LINK,198,72,app1,1.00001,M.Action,3400,10,7
1329,LINK,51,72,app1,1.00001,M.Action,3400,10,8
1330,LINK,89,72,app1,1.00001,M.Action,3400,10,9
1331,LINK,0,72,app1,1.00001,M.Action,3400,10,10
1332,LINK,0,72,app1,1.00001,M.Action,3400,10,11
1333,LINK,198,72,app1,1.00001,M.Action,3400,10,12
1334,LINK,89,72,app1,1.00001,M.Action,3400,10,13
1335,LINK,89,72,app1,1.00001,M.Action,3400,10,14
1336,LINK,0,72,app1,1.00001,M.Action,3400,10,15
1337,LINK,128,72,app1,1.00001,M.Action,3400,10,16
1338,LINK,317,72,app1,1.00001,M.Action,3400,10,17
1339,LINK,89,72,app1,1.00001,M.Action,3400,10,18
1340,LINK,51,72,app1,1.00001,M.Action,3400,10,19
1341,LINK,168,72,app1,1.00001,M.Action,3400,10,20
1342,LINK,317,72,app1,1.00001,M.Action,3400,10,21
1343,LINK,198,72,app1,1.00001,M.Action,3400,10,22
1344,LINK,228,72,app1,1.00001,M.Action,3400,10,23
1345,LINK,89,72,app1,1.00001,M.Action,3400,10,24
1346,LINK,22,0,app1,1.00001,M.Action,3400,10,25
1347,LINK,168,72,app1,1.00001,M.Action,3400,10,26
1348,LINK,198,72,app1,1.00001,M.Action,3400,10,27
1349,LINK,198,72,app1,1.00001,M.Action,3400,10,28
1350,LINK,89,72,app1,1.00001,M.Action,3400,10,29
1351,LINK,0,72,app1,1.00001,M.Action,3400,10,30
1352,LINK,51,72,app1,1.00001,M.Action,3400,10,31
1353,LINK,168,72,app1,1.00001,M.Action,3400,10,32
1354,LINK,317,72,app1,1.00001,M.Action,3400,10,33
1355,LINK,89,72,app1,1.00001,M.Action,3400,10,34
1356,LINK,89,72,app1,1.00001,M.Action,3400,10,35
1357,LINK,168,72,app1,1.00001,M.Action,3400,10,36
1358,LINK,168,72,app1,1.00001,M.Action,3400,10,37
1359,LINK,0,72,app1,1.00001,M.Action,3400,10,38
1360,LINK,198,72,app1,1.00001,M.Action,3400,10,39
1346,LINK,0,72,app1,1.00001,M.Action,3401.00001,10,31
1361,LINK,0,72,app1,1.00001,M.Action,3500,10,0
1362,LINK,0,72,app1,1.00001,M.Action,3500,10,1
1363,LINK,317,72,app1,1.00001,M.Action,3500,10,2
1364,LINK,51,72,app1,1.00001,M.Action,3500,10,3
1365,LINK,317,72,app1,1.00001,M.Action,3500,10,4
1366,LINK,0,72,app1,1.00001,M.Action,3500,10,5
1367,LINK,51,72,app1,1.00001,M.Action,3500,10,6
1368,LINK,198,72,app1,1.00001,M.Action,3500,10,7
1369,LINK,51,72,app1,1.00001,M.Action,3500,10,8
1370,LINK,89,72,app1,1.00001,M.Action,3500,10,9
1371,LINK,0,72,app1,1.00001,M.Action,3500,10,10
1372,LINK,0,72,app1,1.00001,M.Action,3500,10,11
1373,LINK,198,72,app1,1.00001,M.Action,3500,10,12
1374,LINK,89,72,app1,1.00001,M.Action,3500,10,13
1375,LINK,89,72,app1,1.00001,M.Action,3500,10,14
1376,LINK,0,72,app1,1.00001,M.Action,3500,10,15
1377,LINK,128,72,app1,1.00001,M.Action,3500,10,16
1378,LINK,317,72,app1,1.00001,M.Action,3500,10,17
1379,LINK,89,72,app1,1.00001,M.Action,3500,10,18
1380,LINK,51,72,app1,1.00001,M.Action,3500,10,19
1381,LINK,168,72,app1,1.00001,M.Action,3500,10,20
1382,LINK,317,72,app1,1.00001,M.Action,3500,10,21
1383,LINK,198,72,app1,1.00001,M.Action,3500,10,22
1384,LINK,228,72,app1,1.00001,M.Action,3500,10,23
1385,LINK,89,72,app1,1.00001,M.Action,3500,10,24
1386,LINK,22,0,app1,1.00001,M.Action,3500,10,25
1387,LINK,168,72,app1,1.00001,M.Action,3500,10,26
1388,LINK,198,72,app1,1.00001,M.Action,3500,10,27
1389,LINK,198,72,app1,1.00001,M.Action,3500,10,28
1390,LINK,89,72,app1,1.00001,M.Action,3500,10,29
1391,LINK,0,72,app1,1.00001,M.Action,3500,10,30
1392,LINK,51,72,app1,1.00001,M.Action,3500,10,31
1393,LINK,168,72,app1,1.00001,M.Action,3500,10,32
1394,LINK,317,72,app1,1.00001,M.Action,3500,10,33
1395,LINK,89,72,app1,1.00001,M.Action,3500,10,34
1396,LINK,89,72,app1,1.00001,M.Action,3500,10,35
1397,LINK,168,72,app1,1.00001,M.Action,3500,10,36
1398,LINK,168,72,app1,1.00001,M.Action,3500,10,37
1399,LINK,0,72,app1,1.00001,M.Action,3500,10,38
1400,LINK,198,72,app1,1.00001,M.Action,3500,10,39
1386,LINK,0,72,app1,1.00001,M.Action,3501.00001,10,31
1401,LINK,0,72,app1,1.00001,M.Action,3600,10,0
1402,LINK,0,72,app1,1.00001,M.Action,3600,10,1
1403,LINK,317,72,app1,1.00001,M.Action,3600,10,2
1404,LINK,51,72,app1,1.00001,M.Action,3600,10,3
1405,LINK,317,72,app1,1.00001,M.Action,3600,10,4
1406,LINK,0,72,app1,1.00001,M.Action,3600,10,5
1407,LINK,51,72,app1,1.00001,M.Action,3600,10,6
1408,LINK,198,72,app1,1.00001,M.Action,3600,10,7
1409,LINK,51,72,app1,1.00001,M.Action,3600,10,8
1410,LINK,89,72,app1,1.00001,M.Action,3600,10,9
1411,LINK,0,72,app1,1.00001,M.Action,3600,10,10
1412,LINK,0,72,app1,1.00001,M.Action,3600,10,11
1413,LINK,198,72,app1,1.00001,M.Action,3600,10,12
1414,LINK,89,72,app1,1.00001,M.Action,3600,10,13
1415,LINK,89,72,app1,1.00001,M.Action,3600,10,14
1416,LINK,0,72,app1,1.00001,M.Action,3600,10,15
1417,LINK,128,72,app1,1.00001,M.Action,3600,10,16
1418,LINK,317,72,app1,1.00001,M.Action,3600,10,17
1419,LINK,89,72,app1,1.00001,M.Action,3600,10,18
1420,LINK,51,72,app1,1.00001,M.Action,3600,10,19
1421,LINK,168,72,app1,1.00001,M.Action,3600,10,20
1422,LINK,317,72,app1,1.00001,M.Action,3600,10,21
1423,LINK,198,72,app1,1.00001,M.Action,3600,10,22
1424,LINK,228,72,app1,1.00001,M.Action,3600,10,23
1425,LINK,89,72,app1,1.00001,M.Action,3600,10,24
1426,LINK,22,0,app1,1.00001,M.Action,3600,10,25
1427,LINK,168,72,app1,1.00001,M.Action,3600,10,26
1428,LINK,198,72,app1,1.00001,M.Action,3600,10,27
1429,LINK,198,72,app1,1.00001,M.Action,3600,10,28
1430,LINK,89,72,app1,1.00001,M.Action,3600,10,29
1431,LINK,0,72,app1,1.00001,M.Action,3600,10,30
1432,LINK,51,72,app1,1.00001,M.Action,3600,10,31
1433,LINK,168,72,app1,1.00001,M.Action,3600,10,32
1434,LINK,317,72,app1,1.00001,M.Action,3600,10,33
1435,LINK,89,72,app1,1.00001,M.Action,3600,10,34
1436,LINK,89,72,app1,1.00001,M.Action,3600,10,35
1437,LINK,168,72,app1,1.00001,M.Action,3600,10,36
1438,LINK,168,72,app1,1.00001,M.Action,3600,10,37
1439,LINK,0,72,app1,1.00001,M.Action,3600,10,38
1440,LINK,198,72,app1,1.00001,M.Action,3600,10,39
1426,LINK,0,72,app1,1.00001,M.Action,3601.00001,10,31
1441,LINK,0,72,app1,1.00001,M.Action,3700,10,0
1442,LINK,0,72,app1,1.00001,M.Action,3700,10,1
1443,LINK,317,72,app1,1.00001,M.Action,3700,10,2
1444,LINK,51,72,app1,1.00001,M.Action,3700,10,3
1445,LINK,317,72,app1,1.00001,M.Action,3700,10,4
1446,LINK,0,72,app1,1.00001,M.Action,3700,10,5
1447,LINK,51,72,app1,1.00001,M.Action,3700,10,6
1448,LINK,198,72,app1,1.00001,M.Action,3700,10,7
1449,LINK,51,72,app1,1.00001,M.Action,3700,10,8
1450,LINK,89,72,app1,1.00001,M.Action,3700,10,9
1451,LINK,0,72,app1,1.00001,M.Action,3700,10,10
1452,LINK,0,72,app1,1.00001,M.Action,3700,10,11
1453,LINK,198,72,app1,1.00001,M.Action,3700,10,12
1454,LINK,89,72,app1,1.00001,M.Action,3700,10,13
1455,LINK,89,72,app1,1.00001,M.Action,3700,10,14
1456,LINK,0,72,app1,1.00001,M.Action,3700,10,15
1457,LINK,128,72,app1,1.00001,M.Action,3700,10,16
1458,LINK,317,72,app1,1.00001,M.Action,3700,10,17
1459,LINK,89,72,app1,1.00001,M.Action,3700,10,18
1460,LINK,51,72,app1,1.00001,M.Action,3700,10,19
1461,LINK,168,72,app1,1.00001,M.Action,3700,10,20
1462,LINK,317,72,app1,1.00001,M.Action,3700,10,21
1463,LINK,198,72,app1,1.00001,M.Action,3700,10,22
1464,LINK,228,72,app1,1.00001,M.Action,3700,10,23
1465,LINK,89,72,app1,1.00001,M.Action,3700,10,24
1466,LINK,0,72,app1,1.00001,M.Action,3700,10,25
1467,LINK,168,72,app1,1.00001,M.Action,3700,10,26
1468,LINK,198,72,app1,1.00001,M.Action,3700,10,27
1469,LINK,198,72,app1,1.00001,M.Action,3700,10,28
1470,LINK,89,72,app1,1.00001,M.Action,3700,10,29
1471,LINK,0,72,app1,1.00001,M.Action,3700,10,30
1472,LINK,51,72,app1,1.00001,M.Action,3700,10,31
1473,LINK,168,72,app1,1.00001,M.Action,3700,10,32
1474,LINK,317,72,app1,1.00001,M.Action,3700,10,33
1475,LINK,89,72,app1,1.00001,M.Action,3700,10,34
1476,LINK,89,72,app1,1.00001,M.Action,3700,10,35
1477,LINK,168,72,app1,1.00001,M.Action,3700,10,36
1478,LINK,168,72,app1,1.00001,M.Action,3700,10,37
1479,LINK,0,72,app1,1.00001,M.Action,3700,10,38
1480,LINK,198,72,app1,1.00001,M.Action,3700,10,39
1481,LINK,0,72,app1,1.00001,M.Action,3800,10,0
1482,LINK,0,72,app1,1.00001,M.Action,3800,10,1
1483,LINK,317,72,app1,1.00001,M.Action,3800,10,2
1484,LINK,51,72,app1,1.00001,M.Action,3800,10,3
1485,LINK,317,72,app1,1.00001,M.Action,3800,10,4
1486,LINK,0,72,app1,1.00001,M.Action,3800,10,5
1487,LINK,51,72,app1,1.00001,M.Action,3800,10,6
1488,LINK,198,72,app1,1.00001,M.Action,3800,10,7
1489,LINK,51,72,app1,1.00001,M.Action,3800,10,8
1490,LINK,89,72,app1,1.00001,M.Action,3800,10,9
1491,LINK,0,72,app1,1.00001,M.Action,3800,10,10
1492,LINK,0,72,app1,1.00001,M.Action,3800,10,11
1493,LINK,198,72,app1,1.00001,M.Action,3800,10,12
1494,LINK,89,72,app1,1.00001,M.Action,3800,10,13
1495,LINK,89,72,app1,1.00001,M.Action,3800,10,14
1496,LINK,0,72,app1,1.00001,M.Action,3800,10,15
1497,LINK,128,72,app1,1.00001,M.Action,3800,10,16
1498,LINK,317,72,app1,1.00001,M.Action,3800,10,17
1499,LINK,89,72,app1,1.00001,M.Action,3800,10,18
1500,LINK,51,72,app1,1.00001,M.Action,3800,10,19
1501,LINK,168,72,app1,1.00001,M.Action,3800,10,20
1502,LINK,317,72,app1,1.00001,M.Action,3800,10,21
1503,LINK,198,72,app1,1.00001,M.Action,3800,10,22
1504,LINK,228,72,app1,1.00001,M.Action,3800,10,23
1505,LINK,89,72,app1,1.00001,M.Action,3800,10,24
1506,LINK,0,72,app1,1.00001,M.Action,3800,10,25
1507,LINK,168,72,app1,1.00001,M.Action,3800,10,26
1508,LINK,198,72,app1,1.00001,M.Action,3800,10,27
1509,LINK,198,72,app1,1.00001,M.Action,3800,10,28
1510,LINK,89,72,app1,1.00001,M.Action,3800,10,29
1511,LINK,0,72,app1,1.00001,M.Action,3800,10,30
1512,LINK,51,72,app1,1.00001,M.Action,3800,10,31
1513,LINK,168,72,app1,1.00001,M.Action,3800,10,32
1514,LINK,317,72,app1,1.00001,M.Action,3800,10,33
1515,LINK,89,72,app1,1.00001,M.Action,3800,10,34
1516,LINK,89,72,app1,1.00001,M.Action,3800,10,35
1517,LINK,168,72,app1,1.00001,M.Action,3800,10,36
1518,LINK,168,72,app1,1.00001,M.Action,3800,10,37
1519,LINK,0,72,app1,1.00001,M.Action,3800,10,38
1520,LINK,198,72,app1,1.00001,M.Action,3800,10,39
1521,LINK,0,72,app1,1.00001,M.Action,3900,10,0
1522,LINK,0,72,app1,1.00001,M.Action,3900,10,1
1523,LINK,317,72,app1,1.00001,M.Action,3900,10,2
1524,LINK,51,72,app1,1.00001,M.Action,3900,10,3
1525,LINK,317,72,app1,1.00001,M.Action,3900,10,4
1526,LINK,0,72,app1,1.00001,M.Action,3900,10,5
1527,LINK,51,72,app1,1.00001,M.Action,3900,10,6
1528,LINK,198,72,app1,1.00001,M.Action,3900,10,7
1529,LINK,51,72,app1,1.00001,M.Action,3900,10,8
1530,LINK,89,72,app1,1.00001,M.Action,3900,10,9
1531,LINK,0,72,app1,1.00001,M.Action,3900,10,10
1532,LINK,0,72,app1,1.00001,M.Action,3900,10,11
1533,LINK,198,72,app1,1.00001,M.Action,3900,10,12
1534,LINK,89,72,app1,1.00001,M.Action,3900,10,13
1535,LINK,89,72,app1,1.00001,M.Action,3900,10,14
1536,LINK,0,72,app1,1.00001,M.Action,3900,10,15
1537,LINK,128,72,app1,1.00001,M.Action,3900,10,16
1538,LINK,317,72,app1,1.00001,M.Action,3900,10,17
1539,LINK,89,72,app1,1.00001,M.Action,3900,10,18
1540,LINK,51,72,app1,1.00001,M.Action,3900,10,19
1541,LINK,168,72,app1,1.00001,M.Action,3900,10,20
1542,LINK,317,72,app1,1.00001,M.Action,3900,10,21
1543,LINK,198,72,app1,1.00001,M.Action,3900,10,22
1544,LINK,228,72,app1,1.00001,M.Action,3900,10,23
1545,LINK,89,72,app1,1.00001,M.Action,3900,10,24
1546,LINK,0,72,app1,1.00001,M.Action,3900,10,25
1547,LINK,168,72,app1,1.00001,M.Action,3900,10,26
1548,LINK,198,72,app1,1.00001,M.Action,3900,10,27
1549,LINK,198,72,app1,1.00001,M.Action,3900,10,28
1550,LINK,89,72,app1,1.00001,M.Action,3900,10,29
1551,LINK,0,72,app1,1.00001,M.Action,3900,10,30
1552,LINK,51,72,app1,1.00001,M.Action,3900,10,31
1553,LINK,168,72,app1,1.00001,M.Action,3900,10,32
1554,LINK,317,72,app1,1.00001,M.Action,3900,10,33
1555,LINK,89,72,app1,1.00001,M.Action,3900,10,34
1556,LINK,89,72,app1,1.00001,M.Action,3900,10,35
1557,LINK,168,72,app1,1.00001,M.Action,3900,10,36
1558,LINK,168,72,app1,1.00001,M.Action,3900,10,37
1559,LINK,0,72,app1,1.00001,M.Action,3900,10,38
1560,LINK,198,72,app1,1.00001,M.Action,3900,10,39
1561,LINK,0,72,app1,1.00001,M.Action,4000,10,0
1562,LINK,0,72,app1,1.00001,M.Action,4000,10,1
1563,LINK,317,72,app1,1.00001,M.Action,4000,10,2
1564,LINK,51,72,app1,1.00001,M.Action,4000,10,3
1565,LINK,317,72,app1,1.00001,M.Action,4000,10,4
1566,LINK,0,72,app1,1.00001,M.Action,4000,10,5
1567,LINK,51,72,app1,1.00001,M.Action,4000,10,6
1568,LINK,198,72,app1,1.00001,M.Action,4000,10,7
1569,LINK,51,72,app1,1.00001,M.Action,4000,10,8
1570,LINK,89,72,app1,1.00001,M.Action,4000,10,9
1571,LINK,0,72,app1,1.00001,M.Action,4000,10,10
1572,LINK,0,72,app1,1.00001,M.Action,4000,10,11
1573,LINK,198,72,app1,1.00001,M.Action,4000,10,12
1574,LINK,89,72,app1,1.00001,M.Action,4000,10,13
1575,LINK,89,72,app1,1.00001,M.Action,4000,10,14
1576,LINK,0,72,app1,1.00001,M.Action,4000,10,15
1577,LINK,128,72,app1,1.00001,M.Action,4000,10,16
1578,LINK,317,72,app1,1.00001,M.Action,4000,10,17
1579,LINK,89,72,app1,1.00001,M.Action,4000,10,18
1580,LINK,51,72,app1,1.00001,M.Action,4000,10,19
1581,LINK,168,72,app1,1.00001,M.Action,4000,10,20
1582,LINK,317,72,app1,1.00001,M.Action,4000,10,21
1583,LINK,198,72,app1,1.00001,M.Action,4000,10,22
1584,LINK,228,72,app1,1.00001,M.Action,4000,10,23
1585,LINK,89,72,app1,1.00001,M.Action,4000,10,24
1586,LINK,0,72,app1,1.00001,M.Action,4000,10,25
1587,LINK,168,72,app1,1.00001,M.Action,4000,10,26
1588,LINK,198,72,app1,1.00001,M.Action,4000,10,27
1589,LINK,198,72,app1,1.00001,M.Action,4000,10,28
1590,LINK,89,72,app1,1.00001,M.Action,4000,10,29
1591,LINK,0,72,app1,1.00001,M.Action,4000,10,30
1592,LINK,51,72,app1,1.00001,M.Action,4000,10,31
1593,LINK,168,72,app1,1.00001,M.Action,4000,10,32
1594,LINK,317,72,app1,1.00001,M.Action,4000,10,33
1595,LINK,89,72,app1,1.00001,M.Action,4000,10,34
1596,LINK,89,72,app1,1.00001,M.Action,4000,10,35
1597,LINK,168,72,app1,1.00001,M.Action,4000,10,36
1598,LINK,168,72,app1,1.00001,M.Action,4000,10,37
1599,LINK,0,72,app1,1.00001,M.Action,4000,10,38
1600,LINK,198,72,app1,1.00001,M.Action,4000,10,39
1601,LINK,0,72,app1,1.00001,M.Action,4100,10,0
1602,LINK,0,72,app1,1.00001,M.Action,4100,10,1
1603,LINK,317,72,app1,1.00001,M.Action,4100,10,2
1604,LINK,51,72,app1,1.00001,M.Action,4100,10,3
1605,LINK,317,72,app1,1.00001,M.Action,4100,10,4
1606,LINK,0,72,app1,1.00001,M.Action,4100,10,5
1607,LINK,51,72,app1,1.00001,M.Action,4100,10,6
1608,LINK,198,72,app1,1.00001,M.Action,4100,10,7
1609,LINK,51,72,app1,1.00001,M.Action,4100,10,8
1610,LINK,89,72,app1,1.00001,M.Action,4100,10,9
1611,LINK,0,72,app1,1.00001,M.Action,4100,10,10
1612,LINK,0,72,app1,1.00001,M.Action,4100,10,11
1613,LINK,198,72,app1,1.00001,M.Action,4100,10,12
1614,LINK,89,72,app1,1.00001,M.Action,4100,10,13
1615,LINK,89,72,app1,1.00001,M.Action,4100,10,14
1616,LINK,0,72,app1,1.00001,M.Action,4100,10,15
1617,LINK,128,72,app1,1.00001,M.Action,4100,10,16
1618,LINK,317,72,app1,1.00001,M.Action,4100,10,17
1619,LINK,89,72,app1,1.00001,M.Action,4100,10,18
1620,LINK,51,72,app1,1.00001,M.Action,4100,10,19
1621,LINK,168,72,app1,1.00001,M.Action,4100,10,20
1622,LINK,317,72,app1,1.00001,M.Action,4100,10,21
1623,LINK,198,72,app1,1.00001,M.Action,4100,10,22
1624,LINK,228,72,app1,1.00001,M.Action,4100,10,23
1625,LINK,89,72,app1,1.00001,M.Action,4100,10,24
1626,LINK,0,72,app1,1.00001,M.Action,4100,10,25
1627,LINK,168,72,app1,1.00001,M.Action,4100,10,26
1628,LINK,198,72,app1,1.00001,M.Action,4100,10,27
1629,LINK,198,72,app1,1.00001,M.Action,4100,10,28
1630,LINK,89,72,app1,1.00001,M.Action,4100,10,29
1631,LINK,0,72,app1,1.00001,M.Action,4100,10,30
1632,LINK,51,72,app1,1.00001,M.Action,4100,10,31
1633,LINK,168,72,app1,1.00001,M.Action,4100,10,32
1634,LINK,317,72,app1,1.00001,M.Action,4100,10,33
1635,LINK,89,72,app1,1.00001,M.Action,4100,10,34
1636,LINK,89,72,app1,1.00001,M.Action,4100,10,35
1637,LINK,168,72,app1,1.00001,M.Action,4100,10,36
1638,LINK,168,72,app1,1.00001,M.Action,4100,10,37
1639,LINK,0,72,app1,1.00001,M.Action,4100,10,38
1640,LINK,198,72,app1,1.00001,M.Action,4100,10,39
1641,LINK,0,72,app1,1.00001,M.Action,4200,10,0
1642,LINK,0,72,app1,1.00001,M.Action,4200,10,1
1643,LINK,317,72,app1,1.00001,M.Action,4200,10,2
1644,LINK,51,72,app1,1.00001,M.Action,4200,10,3
1645,LINK,317,72,app1,1.00001,M.Action,4200,10,4
1646,LINK,0,72,app1,1.00001,M.Action,4200,10,5
1647,LINK,51,72,app1,1.00001,M.Action,4200,10,6
1648,LINK,198,72,app1,1.00001,M.Action,4200,10,7
1649,LINK,51,72,app1,1.00001,M.Action,4200,10,8
1650,LINK,89,72,app1,1.00001,M.Action,4200,10,9
1651,LINK,0,72,app1,1.00001,M.Action,4200,10,10
1652,LINK,0,72,app1,1.00001,M.Action,4200,10,11
1653,LINK,198,72,app1,1.00001,M.Action,4200,10,12
1654,LINK,89,72,app1,1.00001,M.Action,4200,10,13
1655,LINK,89,72,app1,1.00001,M.Action,4200,10,14
1656,LINK,0,72,app1,1.00001,M.Action,4200,10,15
1657,LINK,128,72,app1,1.00001,M.Action,4200,10,16
1658,LINK,317,72,app1,1.00001,M.Action,4200,10,17
1659,LINK,89,72,app1,1.00001,M.Action,4200,10,18
1660,LINK,51,72,app1,1.00001,M.Action,4200,10,19
1661,LINK,168,72,app1,1.00001,M.Action,4200,10,20
1662,LINK,317,72,app1,1.00001,M.Action,4200,10,21
1663,LINK,198,72,app1,1.00001,M.Action,4200,10,22
1664,LINK,228,72,app1,1.00001,M.Action,4200,10,23
1665,LINK,89,72,app1,1.00001,M.Action,4200,10,24
1666,LINK,0,72,app1,1.00001,M.Action,4200,10,25
1667,LINK,168,72,app1,1.00001,M.Action,4200,10,26
1668,LINK,198,72,app1,1.00001,M.Action,4200,10,27
1669,LINK,198,72,app1,1.00001,M.Action,4200,10,28
1670,LINK,89,72,app1,1.00001,M.Action,4200,10,29
1671,LINK,0,72,app1,1.00001,M.Action,4200,10,30
1672,LINK,51,72,app1,1.00001,M.Action,4200,10,31
1673,LINK,168,72,app1,1.00001,M.Action,4200,10,32
1674,LINK,317,72,app1,1.00001,M.Action,4200,10,33
1675,LINK,89,72,app1,1.00001,M.Action,4200,10,34
1676,LINK,89,72,app1,1.00001,M.Action,4200,10,35
1677,LINK,168,72,app1,1.00001,M.Action,4200,10,36
1678,LINK,168,72,app1,1.00001,M.Action,4200,10,37
1679,LINK,0,72,app1,1.00001,M.Action,4200,10,38
1680,LINK,198,72,app1,1.00001,M.Action,4200,10,39
1681,LINK,0,72,app1,1.00001,M.Action,4300,10,0
1682,LINK,0,72,app1,1.00001,M.Action,4300,10,1
1683,LINK,317,72,app1,1.00001,M.Action,4300,10,2
1684,LINK,51,72,app1,1.00001,M.Action,4300,10,3
1685,LINK,317,72,app1,1.00001,M.Action,4300,10,4
1686,LINK,0,72,app1,1.00001,M.Action,4300,10,5
1687,LINK,51,72,app1,1.00001,M.Action,4300,10,6
1688,LINK,198,72,app1,1.00001,M.Action,4300,10,7
1689,LINK,51,72,app1,1.00001,M.Action,4300,10,8
1690,LINK,89,72,app1,1.00001,M.Action,4300,10,9
1691,LINK,0,72,app1,1.00001,M.Action,4300,10,10
1692,LINK,0,72,app1,1.00001,M.Action,4300,10,11
1693,LINK,198,72,app1,1.00001,M.Action,4300,10,12
1694,LINK,89,72,app1,1.00001,M.Action,4300,10,13
1695,LINK,89,72,app1,1.00001,M.Action,4300,10,14
1696,LINK,0,72,app1,1.00001,M.Action,4300,10,15
1697,LINK,128,72,app1,1.00001,M.Action,4300,10,16
1698,LINK,317,72,app1,1.00001,M.Action,4300,10,17
1699,LINK,89,72,app1,1.00001,M.Action,4300,10,18
1700,LINK,51,72,app1,1.00001,M.Action,4300,10,19
1701,LINK,168,72,app1,1.00001,M.Action,4300,10,20
1702,LINK,317,72,app1,1.00001,M.Action,4300,10,21
1703,LINK,198,72,app1,1.00001,M.Action,4300,10,22
1704,LINK,228,72,app1,1.00001,M.Action,4300,10,23
1705,LINK,89,72,app1,1.00001,M.Action,4300,10,24
1706,LINK,0,72,app1,1.00001,M.Action,4300,10,25
1707,LINK,168,72,app1,1.00001,M.Action,4300,10,26
1708,LINK,198,72,app1,1.00001,M.Action,4300,10,27
1709,LINK,198,72,app1,1.00001,M.Action,4300,10,28
1710,LINK,89,72,app1,1.00001,M.Action,4300,10,29
1711,LINK,0,72,app1,1.00001,M.Action,4300,10,30
1712,LINK,51,72,app1,1.00001,M.Action,4300,10,31
1713,LINK,168,72,app1,1.00001,M.Action,4300,10,32
1714,LINK,317,72,app1,1.00001,M.Action,4300,10,33
1715,LINK,89,72,app1,1.00001,M.Action,4300,10,34
1716,LINK,89,72,app1,1.00001,M.Action,4300,10,35
1717,LINK,168,72,app1,1.00001,M.Action,4300,10,36
1718,LINK,168,72,app1,1.00001,M.Action,4300,10,37
1719,LINK,0,72,app1,1.00001,M.Action,4300,10,38
1720,LINK,198,72,app1,1.00001,M.Action,4300,10,39
1721,LINK,0,72,app1,1.00001,M.Action,4400,10,0
1722,LINK,0,72,app1,1.00001,M.Action,4400,10,1
1723,LINK,317,72,app1,1.00001,M.Action,4400,10,2
1724,LINK,51,72,app1,1.00001,M.Action,4400,10,3
1725,LINK,317,72,app1,1.00001,M.Action,4400,10,4
1726,LINK,0,72,app1,1.00001,M.Action,4400,10,5
1727,LINK,51,72,app1,1.00001,M.Action,4400,10,6
1728,LINK,198,72,app1,1.00001,M.Action,4400,10,7
1729,LINK,51,72,app1,1.00001,M.Action,4400,10,8
1730,LINK,89,72,app1,1.00001,M.Action,4400,10,9
1731,LINK,0,72,app1,1.00001,M.Action,4400,10,10
1732,LINK,0,72,app1,1.00001,M.Action,4400,10,11
1733,LINK,198,72,app1,1.00001,M.Action,4400,10,12
1734,LINK,89,72,app1,1.00001,M.Action,4400,10,13
1735,LINK,89,72,app1,1.00001,M.Action,4400,10,14
1736,LINK,0,72,app1,1.00001,M.Action,4400,10,15
1737,LINK,128,72,app1,1.00001,M.Action,4400,10,16
1738,LINK,317,72,app1,1.00001,M.Action,4400,10,17
1739,LINK,89,72,app1,1.00001,M.Action,4400,10,18
1740,LINK,51,72,app1,1.00001,M.Action,4400,10,19
1741,LINK,168,72,app1,1.00001,M.Action,4400,10,20
1742,LINK,317,72,app1,1.00001,M.Action,4400,10,21
1743,LINK,198,72,app1,1.00001,M.Action,4400,10,22
1744,LINK,228,72,app1,1.00001,M.Action,4400,10,23
1745,LINK,89,72,app1,1.00001,M.Action,4400,10,24
1746,LINK,0,72,app1,1.00001,M.Action,4400,10,25
1747,LINK,168,72,app1,1.00001,M.Action,4400,10,26
1748,LINK,198,72,app1,1.00001,M.Action,4400,10,27
1749,LINK,198,72,app1,1.00001,M.Action,4400,10,28
1750,LINK,89,72,app1,1.00001,M.Action,4400,10,29
1751,LINK,0,72,app1,1.00001,M.Action,4400,10,30
1752,LINK,51,72,app1,1.00001,M.Action,4400,10,31
1753,LINK,168,72,app1,1.00001,M.Action,4400,10,32
1754,LINK,317,72,app1,1.00001,M.Action,4400,10,33
1755,LINK,89,72,app1,1.00001,M.Action,4400,10,34
1756,LINK,89,72,app1,1.00001,M.Action,4400,10,35
1757,LINK,168,72,app1,1.00001,M.Action,4400,10,36
1758,LINK,168,72,app1,1.00001,M.Action,4400,10,37
1759,LINK,0,72,app1,1.00001,M.Action,4400,10,38
1760,LINK,198,72,app1,1.00001,M.Action,4400,10,39
1761,LINK,0,72,app1,1.00001,M.Action,4500,10,0
1762,LINK,0,72,app1,1.00001,M.Action,4500,10,1
1763,LINK,317,72,app1,1.00001,M.Action,4500,10,2
1764,LINK,51,72,app1,1.00001,M.Action,4500,10,3
1765,LINK,317,72,app1,1.00001,M.Action,4500,10,4
1766,LINK,0,72,app1,1.00001,M.Action,4500,10,5
1767,LINK,51,72,app1,1.00001,M.Action,4500,10,6
1768,LINK,198,72,app1,1.00001,M.Action,4500,10,7
1769,LINK,51,72,app1,1.00001,M.Action,4500,10,8
1770,LINK,89,72,app1,1.00001,M.Action,4500,10,9
1771,LINK,0,72,app1,1.00001,M.Action,4500,10,10
1772,LINK,0,72,app1,1.00001,M.Action,4500,10,11
1773,LINK,198,72,app1,1.00001,M.Action,4500,10,12
1774,LINK,89,72,app1,1.00001,M.Action,4500,10,13
1775,LINK,89,72,app1,1.00001,M.Action,4500,10,14
1776,LINK,0,72,app1,1.00001,M.Action,4500,10,15
1777,LINK,128,72,app1,1.00001,M.Action,4500,10,16
1778,LINK,317,72,app1,1.00001,M.Action,4500,10,17
1779,LINK,89,72,app1,1.00001,M.Action,4500,10,18
1780,LINK,51,72,app1,1.00001,M.Action,4500,10,19
1781,LINK,168,72,app1,1.00001,M.Action,4500,10,20
1782,LINK,317,72,app1,1.00001,M.Action,4500,10,21
1783,LINK,198,72,app1,1.00001,M.Action,4500,10,22
1784,LINK,228,72,app1,1.00001,M.Action,4500,10,23
1785,LINK,89,72,app1,1.00001,M.Action,4500,10,24
1786,LINK,0,72,app1,1.00001,M.Action,4500,10,25
1787,LINK,168,72,app1,1.00001,M.Action,4500,10,26
1788,LINK,198,72,app1,1.00001,M.Action,4500,10,27
1789,LINK,198,72,app1,1.00001,M.Action,4500,10,28
1790,LINK,89,72,app1,1.00001,M.Action,4500,10,29
1791,LINK,0,72,app1,1.00001,M.Action,4500,10,30
1792,LINK,51,72,app1,1.00001,M.Action,4500,10,31
1793,LINK,168,72,app1,1.00001,M.Action,4500,10,32
1794,LINK,317,72,app1,1.00001,M.Action,4500,10,33
1795,LINK,89,72,app1,1.00001,M.Action,4500,10,34
1796,LINK,89,72,app1,1.00001,M.Action,4500,10,35
1797,LINK,168,72,app1,1.00001,M.Action,4500,10,36
1798,LINK,168,72,app1,1.00001,M.Action,4500,10,37
1799,LINK,0,72,app1,1.00001,M.Action,4500,10,38
1800,LINK,198,72,app1,1.00001,M.Action,4500,10,39
1801,LINK,0,72,app1,1.00001,M.Action,4600,10,0
1802,LINK,0,72,app1,1.00001,M.Action,4600,10,1
1803,LINK,317,72,app1,1.00001,M.Action,4600,10,2
1804,LINK,51,72,app1,1.00001,M.Action,4600,10,3
1805,LINK,317,72,app1,1.00001,M.Action,4600,10,4
1806,LINK,0,72,app1,1.00001,M.Action,4600,10,5
1807,LINK,51,72,app1,1.00001,M.Action,4600,10,6
1808,LINK,198,72,app1,1.00001,M.Action,4600,10,7
1809,LINK,51,72,app1,1.00001,M.Action,4600,10,8
1810,LINK,89,72,app1,1.00001,M.Action,4600,10,9
1811,LINK,0,72,app1,1.00001,M.Action,4600,10,10
1812,LINK,0,72,app1,1.00001,M.Action,4600,10,11
1813,LINK,198,72,app1,1.00001,M.Action,4600,10,12
1814,LINK,89,72,app1,1.00001,M.Action,4600,10,13
1815,LINK,89,72,app1,1.00001,M.Action,4600,10,14
1816,LINK,0,72,app1,1.00001,M.Action,4600,10,15
1817,LINK,128,72,app1,1.00001,M.Action,4600,10,16
1818,LINK,317,72,app1,1.00001,M.Action,4600,10,17
1819,LINK,89,72,app1,1.00001,M.Action,4600,10,18
1820,LINK,51,72,app1,1.00001,M.Action,4600,10,19
1821,LINK,168,72,app1,1.00001,M.Action,4600,10,20
1822,LINK,317,72,app1,1.00001,M.Action,4600,10,21
1823,LINK,198,72,app1,1.00001,M.Action,4600,10,22
1824,LINK,228,72,app1,1.00001,M.Action,4600,10,23
1825,LINK,89,72,app1,1.00001,M.Action,4600,10,24
1826,LINK,0,72,app1,1.00001,M.Action,4600,10,25
1827,LINK,168,72,app1,1.00001,M.Action,4600,10,26
1828,LINK,198,72,app1,1.00001,M.Action,4600,10,27
1829,LINK,198,72,app1,1.00001,M.Action,4600,10,28
1830,LINK,89,72,app1,1.00001,M.Action,4600,10,29
1831,LINK,0,72,app1,1.00001,M.Action,4600,10,30
1832,LINK,51,72,app1,1.00001,M.Action,4600,10,31
1833,LINK,168,72,app1,1.00001,M.Action,4600,10,32
1834,LINK,317,72,app1,1.00001,M.Action,4600,10,33
1835,LINK,89,72,app1,1.00001,M.Action,4600,10,34
1836,LINK,89,72,app1,1.00001,M.Action,4600,10,35
1837,LINK,168,72,app1,1.00001,M.Action,4600,10,36
1838,LINK,168,72,app1,1.00001,M.Action,4600,10,37
1839,LINK,0,72,app1,1.00001,M.Action,4600,10,38
1840,LINK,198,72,app1,1.00001,M.Action,4600,10,39
1841,LINK,0,72,app1,1.00001,M.Action,4700,10,0
1842,LINK,0,72,app1,1.00001,M.Action,4700,10,1
1843,LINK,317,72,app1,1.00001,M.Action,4700,10,2
1844,LINK,51,72,app1,1.00001,M.Action,4700,10,3
1845,LINK,317,72,app1,1.00001,M.Action,4700,10,4
1846,LINK,0,72,app1,1.00001,M.Action,4700,10,5
1847,LINK,51,72,app1,1.00001,M.Action,4700,10,6
1848,LINK,198,72,app1,1.00001,M.Action,4700,10,7
1849,LINK,51,72,app1,1.00001,M.Action,4700,10,8
1850,LINK,89,72,app1,1.00001,M.Action,4700,10,9
1851,LINK,0,72,app1,1.00001,M.Action,4700,10,10
1852,LINK,0,72,app1,1.00001,M.Action,4700,10,11
1853,LINK,198,72,app1,1.00001,M.Action,4700,10,12
1854,LINK,89,72,app1,1.00001,M.Action,4700,10,13
1855,LINK,89,72,app1,1.00001,M.Action,4700,10,14
1856,LINK,0,72,app1,1.00001,M.Action,4700,10,15
1857,LINK,128,72,app1,1.00001,M.Action,4700,10,16
1858,LINK,317,72,app1,1.00001,M.Action,4700,10,17
1859,LINK,89,72,app1,1.00001,M.Action,4700,10,18
1860,LINK,51,72,app1,1.00001,M.Action,4700,10,19
1861,LINK,168,72,app1,1.00001,M.Action,4700,10,20
1862,LINK,317,72,app1,1.00001,M.Action,4700,10,21
1863,LINK,198,72,app1,1.00001,M.Action,4700,10,22
1864,LINK,228,72,app1,1.00001,M.Action,4700,10,23
1865,LINK,89,72,app1,1.00001,M.Action,4700,10,24
1866,LINK,0,72,app1,1.00001,M.Action,4700,10,25
1867,LINK,168,72,app1,1.00001,M.Action,4700,10,26
1868,LINK,198,72,app1,1.00001,M.Action,4700,10,27
1869,LINK,198,72,app1,1.00001,M.Action,4700,10,28
1870,LINK,89,72,app1,1.00001,M.Action,4700,10,29
1871,LINK,0,72,app1,1.00001,M.Action,4700,10,30
1872,LINK,51,72,app1,1.00001,M.Action,4700,10,31
1873,LINK,168,72,app1,1.00001,M.Action,4700,10,32
1874,LINK,317,72,app1,1.00001,M.Action,4700,10,33
1875,LINK,89,72,app1,1.00001,M.Action,4700,10,34
1876,LINK,89,72,app1,1.00001,M.Action,4700,10,35
1877,LINK,168,72,app1,1.00001,M.Action,4700,10,36
1878,LINK,168,72,app1,1.00001,M.Action,4700,10,37
1879,LINK,0,72,app1,1.00001,M.Action,4700,10,38
1880,LINK,198,72,app1,1.00001,M.Action,4700,10,39
1881,LINK,0,72,app1,1.00001,M.Action,4800,10,0
1882,LINK,0,72,app1,1.00001,M.Action,4800,10,1
1883,LINK,317,72,app1,1.00001,M.Action,4800,10,2
1884,LINK,51,72,app1,1.00001,M.Action,4800,10,3
1885,LINK,317,72,app1,1.00001,M.Action,4800,10,4
1886,LINK,0,72,app1,1.00001,M.Action,4800,10,5
1887,LINK,51,72,app1,1.00001,M.Action,4800,10,6
1888,LINK,198,72,app1,1.00001,M.Action,4800,10,7
1889,LINK,51,72,app1,1.00001,M.Action,4800,10,8
1890,LINK,89,72,app1,1.00001,M.Action,4800,10,9
1891,LINK,0,72,app1,1.00001,M.Action,4800,10,10
1892,LINK,0,72,app1,1.00001,M.Action,4800,10,11
1893,LINK,198,72,app1,1.00001,M.Action,4800,10,12
1894,LINK,89,72,app1,1.00001,M.Action,4800,10,13
1895,LINK,89,72,app1,1.00001,M.Action,4800,10,14
1896,LINK,0,72,app1,1.00001,M.Action,4800,10,15
1897,LINK,128,72,app1,1.00001,M.Action,4800,10,16
1898,LINK,317,72,app1,1.00001,M.Action,4800,10,17
1899,LINK,89,72,app1,1.00001,M.Action,4800,10,18
1900,LINK,51,72,app1,1.00001,M.Action,4800,10,19
1901,LINK,168,72,app1,1.00001,M.Action,4800,10,20
1902,LINK,317,72,app1,1.00001,M.Action,4800,10,21
1903,LINK,198,72,app1,1.00001,M.Action,4800,10,22
1904,LINK,228,72,app1,1.00001,M.Action,4800,10,23
1905,LINK,89,72,app1,1.00001,M.Action,4800,10,24
1906,LINK,0,72,app1,1.00001,M.Action,4800,10,25
1907,LINK,168,72,app1,1.00001,M.Action,4800,10,26
1908,LINK,198,72,app1,1.00001,M.Action,4800,10,27
1909,LINK,198,72,app1,1.00001,M.Action,4800,10,28
1910,LINK,89,72,app1,1.00001,M.Action,4800,10,29
1911,LINK,0,72,app1,1.00001,M.Action,4800,10,30
1912,LINK,51,72,app1,1.00001,M.Action,4800,10,31
1913,LINK,168,72,app1,1.00001,M.Action,4800,10,32
1914,LINK,317,72,app1,1.00001,M.Action,4800,10,33
1915,LINK,89,72,app1,1.00001,M.Action,4800,10,34
1916,LINK,89,72,app1,1.00001,M.Action,4800,10,35
1917,LINK,168,72,app1,1.00001,M.Action,4800,10,36
1918,LINK,168,72,app1,1.00001,M.Action,4800,10,37
1919,LINK,0,72,app1,1.00001,M.Action,4800,10,38
1920,LINK,198,72,app1,1.00001,M.Action,4800,10,39
1921,LINK,0,72,app1,1.00001,M.Action,4900,10,0
1922,LINK,0,72,app1,1.00001,M.Action,4900,10,1
1923,LINK,317,72,app1,1.00001,M.Action,4900,10,2
1924,LINK,51,72,app1,1.00001,M.Action,4900,10,3
1925,LINK,317,72,app1,1.00001,M.Action,4900,10,4
1926,LINK,0,72,app1,1.00001,M.Action,4900,10,5
1927,LINK,51,72,app1,1.00001,M.Action,4900,10,6
1928,LINK,198,72,app1,1.00001,M.Action,4900,10,7
1929,LINK,51,72,app1,1.00001,M.Action,4900,10,8
1930,LINK,89,72,app1,1.00001,M.Action,4900,10,9
1931,LINK,0,72,app1,1.00001,M.Action,4900,10,10
1932,LINK,0,72,app1,1.00001,M.Action,4900,10,11
1933,LINK,198,72,app1,1.00001,M.Action,4900,10,12
1934,LINK,89,72,app1,1.00001,M.Action,4900,10,13
1935,LINK,89,72,app1,1.00001,M.Action,4900,10,14
1936,LINK,0,72,app1,1.00001,M.Action,4900,10,15
1937,LINK,128,72,app1,1.00001,M.Action,4900,10,16
1938,LINK,317,72,app1,1.00001,M.Action,4900,10,17
1939,LINK,89,72,app1,1.00001,M.Action,4900,10,18
1940,LINK,51,72,app1,1.00001,M.Action,4900,10,19
1941,LINK,168,72,app1,1.00001,M.Action,4900,10,20
1942,LINK,317,72,app1,1.00001,M.Action,4900,10,21
1943,LINK,198,72,app1,1.00001,M.Action,4900,10,22
1944,LINK,228,72,app1,1.00001,M.Action,4900,10,23
1945,LINK,89,72,app1,1.00001,M.Action,4900,10,24
1946,LINK,0,72,app1,1.00001,M.Action,4900,10,25
1947,LINK,168,72,app1,1.00001,M.Action,4900,10,26
1948,LINK,198,72,app1,1.00001,M.Action,4900,10,27
1949,LINK,198,72,app1,1.00001,M.Action,4900,10,28
1950,LINK,89,72,app1,1.00001,M.Action,4900,10,29
1951,LINK,0,72,app1,1.00001,M.Action,4900,10,30
1952,LINK,51,72,app1,1.00001,M.Action,4900,10,31
1953,LINK,168,72,app1,1.00001,M.Action,4900,10,32
1954,LINK,317,72,app1,1.00001,M.Action,4900,10,33
1955,LINK,89,72,app1,1.00001,M.Action,4900,10,34
1956,LINK,89,72,app1,1.00001,M.Action,4900,10,35
1957,LINK,168,72,app1,1.00001,M.Action,4900,10,36
1958,LINK,168,72,app1,1.00001,M.Action,4900,10,37
1959,LINK,0,72,app1,1.00001,M.Action,4900,10,38
1960,LINK,198,72,app1,1.00001,M.Action,4900,10,39
1961,LINK,0,72,app1,1.00001,M.Action,5000,10,0
1962,LINK,0,72,app1,1.00001,M.Action,5000,10,1
1963,LINK,317,72,app1,1.00001,M.Action,5000,10,2
1964,LINK,51,72,app1,1.00001,M.Action,5000,10,3
1965,LINK,317,72,app1,1.00001,M.Action,5000,10,4
1966,LINK,0,72,app1,1.00001,M.Action,5000,10,5
1967,LINK,51,72,app1,1.00001,M.Action,5000,10,6
1968,LINK,198,72,app1,1.00001,M.Action,5000,10,7
1969,LINK,51,72,app1,1.00001,M.Action,5000,10,8
1970,LINK,89,72,app1,1.00001,M.Action,5000,10,9
1971,LINK,0,72,app1,1.00001,M.Action,5000,10,10
1972,LINK,0,72,app1,1.00001,M.Action,5000,10,11
1973,LINK,198,72,app1,1.00001,M.Action,5000,10,12
1974,LINK,89,72,app1,1.00001,M.Action,5000,10,13
1975,LINK,89,72,app1,1.00001,M.Action,5000,10,14
1976,LINK,0,72,app1,1.00001,M.Action,5000,10,15
1977,LINK,128,72,app1,1.00001,M.Action,5000,10,16
1978,LINK,317,72,app1,1.00001,M.Action,5000,10,17
1979,LINK,89,72,app1,1.00001,M.Action,5000,10,18
1980,LINK,51,72,app1,1.00001,M.Action,5000,10,19
1981,LINK,168,72,app1,1.00001,M.Action,5000,10,20
1982,LINK,317,72,app1,1.00001,M.Action,5000,10,21
1983,LINK,198,72,app1,1.00001,M.Action,5000,10,22
1984,LINK,228,72,app1,1.00001,M.Action,5000,10,23
1985,LINK,89,72,app1,1.00001,M.Action,5000,10,24
1986,LINK,0,72,app1,1.00001,M.Action,5000,10,25
1987,LINK,168,72,app1,1.00001,M.Action,5000,10,26
1988,LINK,198,72,app1,1.00001,M.Action,5000,10,27
1989,LINK,198,72,app1,1.00001,M.Action,5000,10,28
1990,LINK,89,72,app1,1.00001,M.Action,5000,10,29
1991,LINK,0,72,app1,1.00001,M.Action,5000,10,30
1992,LINK,51,72,app1,1.00001,M.Action,5000,10,31
1993,LINK,168,72,app1,1.00001,M.Action,5000,10,32
1994,LINK,317,72,app1,1.00001,M.Action,5000,10,33
1995,LINK,89,72,app1,1.00001,M.Action,5000,10,34
1996,LINK,89,72,app1,1.00001,M.Action,5000,10,35
1997,LINK,168,72,app1,1.00001,M.Action,5000,10,36
1998,LINK,168,72,app1,1.00001,M.Action,5000,10,37
1999,LINK,0,72,app1,1.00001,M.Action,5000,10,38
2000,LINK,198,72,app1,1.00001,M.Action,5000,10,39
2001,LINK,0,72,app1,1.00001,M.Action,5100,10,0
2002,LINK,0,72,app1,1.00001,M.Action,5100,10,1
2003,LINK,317,72,app1,1.00001,M.Action,5100,10,2
2004,LINK,51,72,app1,1.00001,M.Action,5100,10,3
2005,LINK,317,72,app1,1.00001,M.Action,5100,10,4
2006,LINK,0,72,app1,1.00001,M.Action,5100,10,5
2007,LINK,51,72,app1,1.00001,M.Action,5100,10,6
2008,LINK,198,72,app1,1.00001,M.Action,5100,10,7
2009,LINK,51,72,app1,1.00001,M.Action,5100,10,8
2010,LINK,89,72,app1,1.00001,M.Action,5100,10,9
2011,LINK,0,72,app1,1.00001,M.Action,5100,10,10
2012,LINK,0,72,app1,1.00001,M.Action,5100,10,11
2013,LINK,198,72,app1,1.00001,M.Action,5100,10,12
2014,LINK,89,72,app1,1.00001,M.Action,5100,10,13
2015,LINK,89,72,app1,1.00001,M.Action,5100,10,14
2016,LINK,0,72,app1,1.00001,M.Action,5100,10,15
2017,LINK,128,72,app1,1.00001,M.Action,5100,10,16
2018,LINK,317,72,app1,1.00001,M.Action,5100,10,17
2019,LINK,89,72,app1,1.00001,M.Action,5100,10,18
2020,LINK,51,72,app1,1.00001,M.Action,5100,10,19
2021,LINK,168,72,app1,1.00001,M.Action,5100,10,20
2022,LINK,317,72,app1,1.00001,M.Action,5100,10,21
2023,LINK,198,72,app1,1.00001,M.Action,5100,10,22
2024,LINK,228,72,app1,1.00001,M.Action,5100,10,23
2025,LINK,89,72,app1,1.00001,M.Action,5100,10,24
2026,LINK,0,72,app1,1.00001,M.Action,5100,10,25
2027,LINK,168,72,app1,1.00001,M.Action,5100,10,26
2028,LINK,198,72,app1,1.00001,M.Action,5100,10,27
2029,LINK,198,72,app1,1.00001,M.Action,5100,10,28
2030,LINK,89,72,app1,1.00001,M.Action,5100,10,29
2031,LINK,0,72,app1,1.00001,M.Action,5100,10,30
2032,LINK,51,72,app1,1.00001,M.Action,5100,10,31
2033,LINK,168,72,app1,1.00001,M.Action,5100,10,32
2034,LINK,317,72,app1,1.00001,M.Action,5100,10,33
2035,LINK,89,72,app1,1.00001,M.Action,5100,10,34
2036,LINK,89,72,app1,1.00001,M.Action,5100,10,35
2037,LINK,168,72,app1,1.00001,M.Action,5100,10,36
2038,LINK,168,72,app1,1.00001,M.Action,5100,10,37
2039,LINK,0,72,app1,1.00001,M.Action,5100,10,38
2040,LINK,198,72,app1,1.00001,M.Action,5100,10,39
2041,LINK,0,72,app1,1.00001,M.Action,5200,10,0
2042,LINK,0,72,app1,1.00001,M.Action,5200,10,1
2043,LINK,317,72,app1,1.00001,M.Action,5200,10,2
2044,LINK,51,72,app1,1.00001,M.Action,5200,10,3
2045,LINK,317,72,app1,1.00001,M.Action,5200,10,4
2046,LINK,0,72,app1,1.00001,M.Action,5200,10,5
2047,LINK,51,72,app1,1.00001,M.Action,5200,10,6
2048,LINK,198,72,app1,1.00001,M.Action,5200,10,7
2049,LINK,51,72,app1,1.00001,M.Action,5200,10,8
2050,LINK,89,72,app1,1.00001,M.Action,5200,10,9
2051,LINK,0,72,app1,1.00001,M.Action,5200,10,10
2052,LINK,0,72,app1,1.00001,M.Action,5200,10,11
2053,LINK,198,72,app1,1.00001,M.Action,5200,10,12
2054,LINK,89,72,app1,1.00001,M.Action,5200,10,13
2055,LINK,89,72,app1,1.00001,M.Action,5200,10,14
2056,LINK,0,72,app1,1.00001,M.Action,5200,10,15
2057,LINK,128,72,app1,1.00001,M.Action,5200,10,16
2058,LINK,317,72,app1,1.00001,M.Action,5200,10,17
2059,LINK,89,72,app1,1.00001,M.Action,5200,10,18
2060,LINK,51,72,app1,1.00001,M.Action,5200,10,19
2061,LINK,168,72,app1,1.00001,M.Action,5200,10,20
2062,LINK,317,72,app1,1.00001,M.Action,5200,10,21
2063,LINK,198,72,app1,1.00001,M.Action,5200,10,22
2064,LINK,228,72,app1,1.00001,M.Action,5200,10,23
2065,LINK,89,72,app1,1.00001,M.Action,5200,10,24
2066,LINK,0,72,app1,1.00001,M.Action,5200,10,25
2067,LINK,168,72,app1,1.00001,M.Action,5200,10,26
2068,LINK,198,72,app1,1.00001,M.Action,5200,10,27
2069,LINK,198,72,app1,1.00001,M.Action,5200,10,28
2070,LINK,89,72,app1,1.00001,M.Action,5200,10,29
2071,LINK,0,72,app1,1.00001,M.Action,5200,10,30
2072,LINK,51,72,app1,1.00001,M.Action,5200,10,31
2073,LINK,168,72,app1,1.00001,M.Action,5200,10,32
2074,LINK,317,72,app1,1.00001,M.Action,5200,10,33
2075,LINK,89,72,app1,1.00001,M.Action,5200,10,34
2076,LINK,89,72,app1,1.00001,M.Action,5200,10,35
2077,LINK,168,72,app1,1.00001,M.Action,5200,10,36
2078,LINK,168,72,app1,1.00001,M.Action,5200,10,37
2079,LINK,0,72,app1,1.00001,M.Action,5200,10,38
2080,LINK,198,72,app1,1.00001,M.Action,5200,10,39
2081,LINK,0,72,app1,1.00001,M.Action,5300,10,0
2082,LINK,0,72,app1,1.00001,M.Action,5300,10,1
2083,LINK,317,72,app1,1.00001,M.Action,5300,10,2
2084,LINK,51,72,app1,1.00001,M.Action,5300,10,3
2085,LINK,317,72,app1,1.00001,M.Action,5300,10,4
2086,LINK,0,72,app1,1.00001,M.Action,5300,10,5
2087,LINK,51,72,app1,1.00001,M.Action,5300,10,6
2088,LINK,198,72,app1,1.00001,M.Action,5300,10,7
2089,LINK,51,72,app1,1.00001,M.Action,5300,10,8
2090,LINK,89,72,app1,1.00001,M.Action,5300,10,9
2091,LINK,0,72,app1,1.00001,M.Action,5300,10,10
2092,LINK,0,72,app1,1.00001,M.Action,5300,10,11
2093,LINK,198,72,app1,1.00001,M.Action,5300,10,12
2094,LINK,89,72,app1,1.00001,M.Action,5300,10,13
2095,LINK,89,72,app1,1.00001,M.Action,5300,10,14
2096,LINK,0,72,app1,1.00001,M.Action,5300,10,15
2097,LINK,128,72,app1,1.00001,M.Action,5300,10,16
2098,LINK,317,72,app1,1.00001,M.Action,5300,10,17
2099,LINK,89,72,app1,1.00001,M.Action,5300,10,18
2100,LINK,51,72,app1,1.00001,M.Action,5300,10,19
2101,LINK,168,72,app1,1.00001,M.Action,5300,10,20
2102,LINK,317,72,app1,1.00001,M.Action,5300,10,21
2103,LINK,198,72,app1,1.00001,M.Action,5300,10,22
2104,LINK,228,72,app1,1.00001,M.Action,5300,10,23
2105,LINK,89,72,app1,1.00001,M.Action,5300,10,24
2106,LINK,0,72,app1,1.00001,M.Action,5300,10,25
2107,LINK,168,72,app1,1.00001,M.Action,5300,10,26
2108,LINK,198,72,app1,1.00001,M.Action,5300,10,27
2109,LINK,198,72,app1,1.00001,M.Action,5300,10,28
2110,LINK,89,72,app1,1.00001,M.Action,5300,10,29
2111,LINK,0,72,app1,1.00001,M.Action,5300,10,30
2112,LINK,51,72,app1,1.00001,M.Action,5300,10,31
2113,LINK,168,72,app1,1.00001,M.Action,5300,10,32
2114,LINK,317,72,app1,1.00001,M.Action,5300,10,33
2115,LINK,89,72,app1,1.00001,M.Action,5300,10,34
2116,LINK,89,72,app1,1.00001,M.Action,5300,10,35
2117,LINK,168,72,app1,1.00001,M.Action,5300,10,36
2118,LINK,168,72,app1,1.00001,M.Action,5300,10,37
2119,LINK,0,72,app1,1.00001,M.Action,5300,10,38
2120,LINK,198,72,app1,1.00001,M.Action,5300,10,39
2121,LINK,0,72,app1,1.00001,M.Action,5400,10,0
2122,LINK,0,72,app1,1.00001,M.Action,5400,10,1
2123,LINK,317,72,app1,1.00001,M.Action,5400,10,2
2124,LINK,51,72,app1,1.00001,M.Action,5400,10,3
2125,LINK,317,72,app1,1.00001,M.Action,5400,10,4
2126,LINK,0,72,app1,1.00001,M.Action,5400,10,5
2127,LINK,51,72,app1,1.00001,M.Action,5400,10,6
2128,LINK,198,72,app1,1.00001,M.Action,5400,10,7
2129,LINK,51,72,app1,1.00001,M.Action,5400,10,8
2130,LINK,89,72,app1,1.00001,M.Action,5400,10,9
2131,LINK,0,72,app1,1.00001,M.Action,5400,10,10
2132,LINK,0,72,app1,1.00001,M.Action,5400,10,11
2133,LINK,198,72,app1,1.00001,M.Action,5400,10,12
2134,LINK,89,72,app1,1.00001,M.Action,5400,10,13
2135,LINK,89,72,app1,1.00001,M.Action,5400,10,14
2136,LINK,0,72,app1,1.00001,M.Action,5400,10,15
2137,LINK,128,72,app1,1.00001,M.Action,5400,10,16
2138,LINK,317,72,app1,1.00001,M.Action,5400,10,17
2139,LINK,89,72,app1,1.00001,M.Action,5400,10,18
2140,LINK,51,72,app1,1.00001,M.Action,5400,10,19
2141,LINK,168,72,app1,1.00001,M.Action,5400,10,20
2142,LINK,317,72,app1,1.00001,M.Action,5400,10,21
2143,LINK,198,72,app1,1.00001,M.Action,5400,10,22
2144,LINK,228,72,app1,1.00001,M.Action,5400,10,23
2145,LINK,89,72,app1,1.00001,M.Action,5400,10,24
2146,LINK,0,72,app1,1.00001,M.Action,5400,10,25
2147,LINK,168,72,app1,1.00001,M.Action,5400,10,26
2148,LINK,198,72,app1,1.00001,M.Action,5400,10,27
2149,LINK,198,72,app1,1.00001,M.Action,5400,10,28
2150,LINK,89,72,app1,1.00001,M.Action,5400,10,29
2151,LINK,0,72,app1,1.00001,M.Action,5400,10,30
2152,LINK,51,72,app1,1.00001,M.Action,5400,10,31
2153,LINK,168,72,app1,1.00001,M.Action,5400,10,32
2154,LINK,317,72,app1,1.00001,M.Action,5400,10,33
2155,LINK,89,72,app1,1.00001,M.Action,5400,10,34
2156,LINK,89,72,app1,1.00001,M.Action,5400,10,35
2157,LINK,168,72,app1,1.00001,M.Action,5400,10,36
2158,LINK,168,72,app1,1.00001,M.Action,5400,10,37
2159,LINK,0,72,app1,1.00001,M.Action,5400,10,38
2160,LINK,198,72,app1,1.00001,M.Action,5400,10,39
2161,LINK,0,72,app1,1.00001,M.Action,5500,10,0
2162,LINK,0,72,app1,1.00001,M.Action,5500,10,1
2163,LINK,317,72,app1,1.00001,M.Action,5500,10,2
2164,LINK,51,72,app1,1.00001,M.Action,5500,10,3
2165,LINK,317,72,app1,1.00001,M.Action,5500,10,4
2166,LINK,0,72,app1,1.00001,M.Action,5500,10,5
2167,LINK,51,72,app1,1.00001,M.Action,5500,10,6
2168,LINK,198,72,app1,1.00001,M.Action,5500,10,7
2169,LINK,51,72,app1,1.00001,M.Action,5500,10,8
2170,LINK,89,72,app1,1.00001,M.Action,5500,10,9
2171,LINK,0,72,app1,1.00001,M.Action,5500,10,10
2172,LINK,0,72,app1,1.00001,M.Action,5500,10,11
2173,LINK,198,72,app1,1.00001,M.Action,5500,10,12
2174,LINK,89,72,app1,1.00001,M.Action,5500,10,13
2175,LINK,89,72,app1,1.00001,M.Action,5500,10,14
2176,LINK,0,72,app1,1.00001,M.Action,5500,10,15
2177,LINK,128,72,app1,1.00001,M.Action,5500,10,16
2178,LINK,317,72,app1,1.00001,M.Action,5500,10,17
2179,LINK,89,72,app1,1.00001,M.Action,5500,10,18
2180,LINK,51,72,app1,1.00001,M.Action,5500,10,19
2181,LINK,168,72,app1,1.00001,M.Action,5500,10,20
2182,LINK,317,72,app1,1.00001,M.Action,5500,10,21
2183,LINK,198,72,app1,1.00001,M.Action,5500,10,22
2184,LINK,228,72,app1,1.00001,M.Action,5500,10,23
2185,LINK,89,72,app1,1.00001,M.Action,5500,10,24
2186,LINK,0,72,app1,1.00001,M.Action,5500,10,25
2187,LINK,168,72,app1,1.00001,M.Action,5500,10,26
2188,LINK,198,72,app1,1.00001,M.Action,5500,10,27
2189,LINK,198,72,app1,1.00001,M.Action,5500,10,28
2190,LINK,89,72,app1,1.00001,M.Action,5500,10,29
2191,LINK,0,72,app1,1.00001,M.Action,5500,10,30
2192,LINK,51,72,app1,1.00001,M.Action,5500,10,31
2193,LINK,168,72,app1,1.00001,M.Action,5500,10,32
2194,LINK,317,72,app1,1.00001,M.Action,5500,10,33
2195,LINK,89,72,app1,1.00001,M.Action,5500,10,34
2196,LINK,89,72,app1,1.00001,M.Action,5500,10,35
2197,LINK,168,72,app1,1.00001,M.Action,5500,10,36
2198,LINK,168,72,app1,1.00001,M.Action,5500,10,37
2199,LINK,0,72,app1,1.00001,M.Action,5500,10,38
2200,LINK,198,72,app1,1.00001,M.Action,5500,10,39
2201,LINK,0,72,app1,1.00001,M.Action,5600,10,0
2202,LINK,0,72,app1,1.00001,M.Action,5600,10,1
2203,LINK,317,72,app1,1.00001,M.Action,5600,10,2
2204,LINK,51,72,app1,1.00001,M.Action,5600,10,3
2205,LINK,317,72,app1,1.00001,M.Action,5600,10,4
2206,LINK,0,72,app1,1.00001,M.Action,5600,10,5
2207,LINK,51,72,app1,1.00001,M.Action,5600,10,6
2208,LINK,198,72,app1,1.00001,M.Action,5600,10,7
2209,LINK,51,72,app1,1.00001,M.Action,5600,10,8
2210,LINK,89,72,app1,1.00001,M.Action,5600,10,9
2211,LINK,0,72,app1,1.00001,M.Action,5600,10,10
2212,LINK,0,72,app1,1.00001,M.Action,5600,10,11
2213,LINK,198,72,app1,1.00001,M.Action,5600,10,12
2214,LINK,89,72,app1,1.00001,M.Action,5600,10,13
2215,LINK,89,72,app1,1.00001,M.Action,5600,10,14
2216,LINK,0,72,app1,1.00001,M.Action,5600,10,15
2217,LINK,128,72,app1,1.00001,M.Action,5600,10,16
2218,LINK,317,72,app1,1.00001,M.Action,5600,10,17
2219,LINK,89,72,app1,1.00001,M.Action,5600,10,18
2220,LINK,51,72,app1,1.00001,M.Action,5600,10,19
2221,LINK,168,72,app1,1.00001,M.Action,5600,10,20
2222,LINK,317,72,app1,1.00001,M.Action,5600,10,21
2223,LINK,198,72,app1,1.00001,M.Action,5600,10,22
2224,LINK,228,72,app1,1.00001,M.Action,5600,10,23
2225,LINK,89,72,app1,1.00001,M.Action,5600,10,24
2226,LINK,0,72,app1,1.00001,M.Action,5600,10,25
2227,LINK,168,72,app1,1.00001,M.Action,5600,10,26
2228,LINK,198,72,app1,1.00001,M.Action,5600,10,27
2229,LINK,198,72,app1,1.00001,M.Action,5600,10,28
2230,LINK,89,72,app1,1.00001,M.Action,5600,10,29
2231,LINK,0,72,app1,1.00001,M.Action,5600,10,30
2232,LINK,51,72,app1,1.00001,M.Action,5600,10,31
2233,LINK,168,72,app1,1.00001,M.Action,5600,10,32
2234,LINK,317,72,app1,1.00001,M.Action,5600,10,33
2235,LINK,89,72,app1,1.00001,M.Action,5600,10,34
2236,LINK,89,72,app1,1.00001,M.Action,5600,10,35
2237,LINK,168,72,app1,1.00001,M.Action,5600,10,36
2238,LINK,168,72,app1,1.00001,M.Action,5600,10,37
2239,LINK,0,72,app1,1.00001,M.Action,5600,10,38
2240,LINK,198,72,app1,1.00001,M.Action,5600,10,39
2241,LINK,0,72,app1,1.00001,M.Action,5700,10,0
2242,LINK,0,72,app1,1.00001,M.Action,5700,10,1
2243,LINK,317,72,app1,1.00001,M.Action,5700,10,2
2244,LINK,51,72,app1,1.00001,M.Action,5700,10,3
2245,LINK,317,72,app1,1.00001,M.Action,5700,10,4
2246,LINK,0,72,app1,1.00001,M.Action,5700,10,5
2247,LINK,51,72,app1,1.00001,M.Action,5700,10,6
2248,LINK,198,72,app1,1.00001,M.Action,5700,10,7
2249,LINK,51,72,app1,1.00001,M.Action,5700,10,8
2250,LINK,89,72,app1,1.00001,M.Action,5700,10,9
2251,LINK,0,72,app1,1.00001,M.Action,5700,10,10
2252,LINK,0,72,app1,1.00001,M.Action,5700,10,11
2253,LINK,198,72,app1,1.00001,M.Action,5700,10,12
2254,LINK,89,72,app1,1.00001,M.Action,5700,10,13
2255,LINK,89,72,app1,1.00001,M.Action,5700,10,14
2256,LINK,0,72,app1,1.00001,M.Action,5700,10,15
2257,LINK,128,72,app1,1.00001,M.Action,5700,10,16
2258,LINK,317,72,app1,1.00001,M.Action,5700,10,17
2259,LINK,89,72,app1,1.00001,M.Action,5700,10,18
2260,LINK,51,72,app1,1.00001,M.Action,5700,10,19
2261,LINK,168,72,app1,1.00001,M.Action,5700,10,20
2262,LINK,317,72,app1,1.00001,M.Action,5700,10,21
2263,LINK,198,72,app1,1.00001,M.Action,5700,10,22
2264,LINK,228,72,app1,1.00001,M.Action,5700,10,23
2265,LINK,89,72,app1,1.00001,M.Action,5700,10,24
2266,LINK,0,72,app1,1.00001,M.Action,5700,10,25
2267,LINK,168,72,app1,1.00001,M.Action,5700,10,26
2268,LINK,198,72,app1,1.00001,M.Action,5700,10,27
2269,LINK,198,72,app1,1.00001,M.Action,5700,10,28
2270,LINK,89,72,app1,1.00001,M.Action,5700,10,29
2271,LINK,0,72,app1,1.00001,M.Action,5700,10,30
2272,LINK,51,72,app1,1.00001,M.Action,5700,10,31
2273,LINK,168,72,app1,1.00001,M.Action,5700,10,32
2274,LINK,317,72,app1,1.00001,M.Action,5700,10,33
2275,LINK,89,72,app1,1.00001,M.Action,5700,10,34
2276,LINK,89,72,app1,1.00001,M.Action,5700,10,35
2277,LINK,168,72,app1,1.00001,M.Action,5700,10,36
2278,LINK,168,72,app1,1.00001,M.Action,5700,10,37
2279,LINK,0,72,app1,1.00001,M.Action,5700,10,38
2280,LINK,198,72,app1,1.00001,M.Action,5700,10,39
2281,LINK,0,72,app1,1.00001,M.Action,5800,10,0
2282,LINK,0,72,app1,1.00001,M.Action,5800,10,1
2283,LINK,317,72,app1,1.00001,M.Action,5800,10,2
2284,LINK,51,72,app1,1.00001,M.Action,5800,10,3
2285,LINK,317,72,app1,1.00001,M.Action,5800,10,4
2286,LINK,0,72,app1,1.00001,M.Action,5800,10,5
2287,LINK,51,72,app1,1.00001,M.Action,5800,10,6
2288,LINK,198,72,app1,1.00001,M.Action,5800,10,7
2289,LINK,51,72,app1,1.00001,M.Action,5800,10,8
2290,LINK,89,72,app1,1.00001,M.Action,5800,10,9
2291,LINK,0,72,app1,1.00001,M.Action,5800,10,10
2292,LINK,0,72,app1,1.00001,M.Action,5800,10,11
2293,LINK,198,72,app1,1.00001,M.Action,5800,10,12
2294,LINK,89,72,app1,1.00001,M.Action,5800,10,13
2295,LINK,89,72,app1,1.00001,M.Action,5800,10,14
2296,LINK,0,72,app1,1.00001,M.Action,5800,10,15
2297,LINK,128,72,app1,1.00001,M.Action,5800,10,16
2298,LINK,317,72,app1,1.00001,M.Action,5800,10,17
2299,LINK,89,72,app1,1.00001,M.Action,5800,10,18
2300,LINK,51,72,app1,1.00001,M.Action,5800,10,19
2301,LINK,168,72,app1,1.00001,M.Action,5800,10,20
2302,LINK,317,72,app1,1.00001,M.Action,5800,10,21
2303,LINK,198,72,app1,1.00001,M.Action,5800,10,22
2304,LINK,228,72,app1,1.00001,M.Action,5800,10,23
2305,LINK,89,72,app1,1.00001,M.Action,5800,10,24
2306,LINK,0,72,app1,1.00001,M.Action,5800,10,25
2307,LINK,168,72,app1,1.00001,M.Action,5800,10,26
2308,LINK,198,72,app1,1.00001,M.Action,5800,10,27
2309,LINK,198,72,app1,1.00001,M.Action,5800,10,28
2310,LINK,89,72,app1,1.00001,M.Action,5800,10,29
2311,LINK,0,72,app1,1.00001,M.Action,5800,10,30
2312,LINK,51,72,app1,1.00001,M.Action,5800,10,31
2313,LINK,168,72,app1,1.00001,M.Action,5800,10,32
2314,LINK,317,72,app1,1.00001,M.Action,5800,10,33
2315,LINK,89,72,app1,1.00001,M.Action,5800,10,34
2316,LINK,89,72,app1,1.00001,M.Action,5800,10,35
2317,LINK,168,72,app1,1.00001,M.Action,5800,10,36
2318,LINK,168,72,app1,1.00001,M.Action,5800,10,37
2319,LINK,0,72,app1,1.00001,M.Action,5800,10,38
2320,LINK,198,72,app1,1.00001,M.Action,5800,10,39
2321,LINK,0,72,app1,1.00001,M.Action,5900,10,0
2322,LINK,0,72,app1,1.00001,M.Action,5900,10,1
2323,LINK,317,72,app1,1.00001,M.Action,5900,10,2
2324,LINK,51,72,app1,1.00001,M.Action,5900,10,3
2325,LINK,317,72,app1,1.00001,M.Action,5900,10,4
2326,LINK,0,72,app1,1.00001,M.Action,5900,10,5
2327,LINK,51,72,app1,1.00001,M.Action,5900,10,6
2328,LINK,198,72,app1,1.00001,M.Action,5900,10,7
2329,LINK,51,72,app1,1.00001,M.Action,5900,10,8
2330,LINK,89,72,app1,1.00001,M.Action,5900,10,9
2331,LINK,0,72,app1,1.00001,M.Action,5900,10,10
2332,LINK,0,72,app1,1.00001,M.Action,5900,10,11
2333,LINK,198,72,app1,1.00001,M.Action,5900,10,12
2334,LINK,89,72,app1,1.00001,M.Action,5900,10,13
2335,LINK,89,72,app1,1.00001,M.Action,5900,10,14
2336,LINK,0,72,app1,1.00001,M.Action,5900,10,15
2337,LINK,128,72,app1,1.00001,M.Action,5900,10,16
2338,LINK,317,72,app1,1.00001,M.Action,5900,10,17
2339,LINK,89,72,app1,1.00001,M.Action,5900,10,18
2340,LINK,51,72,app1,1.00001,M.Action,5900,10,19
2341,LINK,168,72,app1,1.00001,M.Action,5900,10,20
2342,LINK,317,72,app1,1.00001,M.Action,5900,10,21
2343,LINK,198,72,app1,1.00001,M.Action,5900,10,22
2344,LINK,228,72,app1,1.00001,M.Action,5900,10,23
2345,LINK,89,72,app1,1.00001,M.Action,5900,10,24
2346,LINK,0,72,app1,1.00001,M.Action,5900,10,25
2347,LINK,168,72,app1,1.00001,M.Action,5900,10,26
2348,LINK,198,72,app1,1.00001,M.Action,5900,10,27
2349,LINK,198,72,app1,1.00001,M.Action,5900,10,28
2350,LINK,89,72,app1,1.00001,M.Action,5900,10,29
2351,LINK,0,72,app1,1.00001,M.Action,5900,10,30
2352,LINK,51,72,app1,1.00001,M.Action,5900,10,31
2353,LINK,168,72,app1,1.00001,M.Action,5900,10,32
2354,LINK,317,72,app1,1.00001,M.Action,5900,10,33
2355,LINK,89,72,app1,1.00001,M.Action,5900,10,34
2356,LINK,89,72,app1,1.00001,M.Action,5900,10,35
2357,LINK,168,72,app1,1.00001,M.Action,5900,10,36
2358,LINK,168,72,app1,1.00001,M.Action,5900,10,37
2359,LINK,0,72,app1,1.00001,M.Action,5900,10,38
2360,LINK,198,72,app1,1.00001,M.Action,5900,10,39
2361,LINK,0,72,app1,1.00001,M.Action,6000,10,0
2362,LINK,0,72,app1,1.00001,M.Action,6000,10,1
2363,LINK,317,72,app1,1.00001,M.Action,6000,10,2
2364,LINK,51,72,app1,1.00001,M.Action,6000,10,3
2365,LINK,317,72,app1,1.00001,M.Action,6000,10,4
2366,LINK,0,72,app1,1.00001,M.Action,6000,10,5
2367,LINK,51,72,app1,1.00001,M.Action,6000,10,6
2368,LINK,198,72,app1,1.00001,M.Action,6000,10,7
2369,LINK,51,72,app1,1.00001,M.Action,6000,10,8
2370,LINK,89,72,app1,1.00001,M.Action,6000,10,9
2371,LINK,0,72,app1,1.00001,M.Action,6000,10,10
2372,LINK,0,72,app1,1.00001,M.Action,6000,10,11
2373,LINK,198,72,app1,1.00001,M.Action,6000,10,12
2374,LINK,89,72,app1,1.00001,M.Action,6000,10,13
2375,LINK,89,72,app1,1.00001,M.Action,6000,10,14
2376,LINK,0,72,app1,1.00001,M.Action,6000,10,15
2377,LINK,128,72,app1,1.00001,M.Action,6000,10,16
2378,LINK,317,72,app1,1.00001,M.Action,6000,10,17
2379,LINK,89,72,app1,1.00001,M.Action,6000,10,18
2380,LINK,51,72,app1,1.00001,M.Action,6000,10,19
2381,LINK,168,72,app1,1.00001,M.Action,6000,10,20
2382,LINK,317,72,app1,1.00001,M.Action,6000,10,21
2383,LINK,198,72,app1,1.00001,M.Action,6000,10,22
2384,LINK,228,72,app1,1.00001,M.Action,6000,10,23
2385,LINK,89,72,app1,1.00001,M.Action,6000,10,24
2386,LINK,0,72,app1,1.00001,M.Action,6000,10,25
2387,LINK,168,72,app1,1.00001,M.Action,6000,10,26
2388,LINK,198,72,app1,1.00001,M.Action,6000,10,27
2389,LINK,198,72,app1,1.00001,M.Action,6000,10,28
2390,LINK,89,72,app1,1.00001,M.Action,6000,10,29
2391,LINK,0,72,app1,1.00001,M.Action,6000,10,30
2392,LINK,51,72,app1,1.00001,M.Action,6000,10,31
2393,LINK,168,72,app1,1.00001,M.Action,6000,10,32
2394,LINK,317,72,app1,1.00001,M.Action,6000,10,33
2395,LINK,89,72,app1,1.00001,M.Action,6000,10,34
2396,LINK,89,72,app1,1.00001,M.Action,6000,10,35
2397,LINK,168,72,app1,1.00001,M.Action,6000,10,36
2398,LINK,168,72,app1,1.00001,M.Action,6000,10,37
2399,LINK,0,72,app1,1.00001,M.Action,6000,10,38
2400,LINK,198,72,app1,1.00001,M.Action,6000,10,39
2401,LINK,0,72,app1,1.00001,M.Action,6100,10,0
2402,LINK,0,72,app1,1.00001,M.Action,6100,10,1
2403,LINK,317,72,app1,1.00001,M.Action,6100,10,2
2404,LINK,51,72,app1,1.00001,M.Action,6100,10,3
2405,LINK,317,72,app1,1.00001,M.Action,6100,10,4
2406,LINK,0,72,app1,1.00001,M.Action,6100,10,5
2407,LINK,51,72,app1,1.00001,M.Action,6100,10,6
2408,LINK,198,72,app1,1.00001,M.Action,6100,10,7
2409,LINK,51,72,app1,1.00001,M.Action,6100,10,8
2410,LINK,89,72,app1,1.00001,M.Action,6100,10,9
2411,LINK,0,72,app1,1.00001,M.Action,6100,10,10
2412,LINK,0,72,app1,1.00001,M.Action,6100,10,11
2413,LINK,198,72,app1,1.00001,M.Action,6100,10,12
2414,LINK,89,72,app1,1.00001,M.Action,6100,10,13
2415,LINK,89,72,app1,1.00001,M.Action,6100,10,14
2416,LINK,0,72,app1,1.00001,M.Action,6100,10,15
2417,LINK,128,72,app1,1.00001,M.Action,6100,10,16
2418,LINK,317,72,app1,1.00001,M.Action,6100,10,17
2419,LINK,89,72,app1,1.00001,M.Action,6100,10,18
2420,LINK,51,72,app1,1.00001,M.Action,6100,10,19
2421,LINK,168,72,app1,1.00001,M.Action,6100,10,20
2422,LINK,317,72,app1,1.00001,M.Action,6100,10,21
2423,LINK,198,72,app1,1.00001,M.Action,6100,10,22
2424,LINK,228,72,app1,1.00001,M.Action,6100,10,23
2425,LINK,89,72,app1,1.00001,M.Action,6100,10,24
2426,LINK,0,72,app1,1.00001,M.Action,6100,10,25
2427,LINK,168,72,app1,1.00001,M.Action,6100,10,26
2428,LINK,198,72,app1,1.00001,M.Action,6100,10,27
2429,LINK,198,72,app1,1.00001,M.Action,6100,10,28
2430,LINK,89,72,app1,1.00001,M.Action,6100,10,29
2431,LINK,0,72,app1,1.00001,M.Action,6100,10,30
2432,LINK,51,72,app1,1.00001,M.Action,6100,10,31
2433,LINK,168,72,app1,1.00001,M.Action,6100,10,32
2434,LINK,317,72,app1,1.00001,M.Action,6100,10,33
2435,LINK,89,72,app1,1.00001,M.Action,6100,10,34
2436,LINK,89,72,app1,1.00001,M.Action,6100,10,35
2437,LINK,168,72,app1,1.00001,M.Action,6100,10,36
2438,LINK,168,72,app1,1.00001,M.Action,6100,10,37
2439,LINK,0,72,app1,1.00001,M.Action,6100,10,38
2440,LINK,198,72,app1,1.00001,M.Action,6100,10,39
2441,LINK,0,72,app1,1.00001,M.Action,6200,10,0
2442,LINK,0,72,app1,1.00001,M.Action,6200,10,1
2443,LINK,317,72,app1,1.00001,M.Action,6200,10,2
2444,LINK,51,72,app1,1.00001,M.Action,6200,10,3
2445,LINK,317,72,app1,1.00001,M.Action,6200,10,4
2446,LINK,0,72,app1,1.00001,M.Action,6200,10,5
2447,LINK,51,72,app1,1.00001,M.Action,6200,10,6
2448,LINK,198,72,app1,1.00001,M.Action,6200,10,7
2449,LINK,51,72,app1,1.00001,M.Action,6200,10,8
2450,LINK,89,72,app1,1.00001,M.Action,6200,10,9
2451,LINK,0,72,app1,1.00001,M.Action,6200,10,10
2452,LINK,0,72,app1,1.00001,M.Action,6200,10,11
2453,LINK,198,72,app1,1.00001,M.Action,6200,10,12
2454,LINK,89,72,app1,1.00001,M.Action,6200,10,13
2455,LINK,89,72,app1,1.00001,M.Action,6200,10,14
2456,LINK,0,72,app1,1.00001,M.Action,6200,10,15
2457,LINK,128,72,app1,1.00001,M.Action,6200,10,16
2458,LINK,317,72,app1,1.00001,M.Action,6200,10,17
2459,LINK,89,72,app1,1.00001,M.Action,6200,10,18
2460,LINK,51,72,app1,1.00001,M.Action,6200,10,19
2461,LINK,168,72,app1,1.00001,M.Action,6200,10,20
2462,LINK,317,72,app1,1.00001,M.Action,6200,10,21
2463,LINK,198,72,app1,1.00001,M.Action,6200,10,22
2464,LINK,228,72,app1,1.00001,M.Action,6200,10,23
2465,LINK,89,72,app1,1.00001,M.Action,6200,10,24
2466,LINK,0,72,app1,1.00001,M.Action,6200,10,25
2467,LINK,168,72,app1,1.00001,M.Action,6200,10,26
2468,LINK,198,72,app1,1.00001,M.Action,6200,10,27
2469,LINK,198,72,app1,1.00001,M.Action,6200,10,28
2470,LINK,89,72,app1,1.00001,M.Action,6200,10,29
2471,LINK,0,72,app1,1.00001,M.Action,6200,10,30
2472,LINK,51,72,app1,1.00001,M.Action,6200,10,31
2473,LINK,168,72,app1,1.00001,M.Action,6200,10,32
2474,LINK,317,72,app1,1.00001,M.Action,6200,10,33
2475,LINK,89,72,app1,1.00001,M.Action,6200,10,34
2476,LINK,89,72,app1,1.00001,M.Action,6200,10,35
2477,LINK,168,72,app1,1.00001,M.Action,6200,10,36
2478,LINK,168,72,app1,1.00001,M.Action,6200,10,37
2479,LINK,0,72,app1,1.00001,M.Action,6200,10,38
2480,LINK,198,72,app1,1.00001,M.Action,6200,10,39
2481,LINK,0,72,app1,1.00001,M.Action,6300,10,0
2482,LINK,0,72,app1,1.00001,M.Action,6300,10,1
2483,LINK,317,72,app1,1.00001,M.Action,6300,10,2
2484,LINK,51,72,app1,1.00001,M.Action,6300,10,3
2485,LINK,317,72,app1,1.00001,M.Action,6300,10,4
2486,LINK,0,72,app1,1.00001,M.Action,6300,10,5
2487,LINK,51,72,app1,1.00001,M.Action,6300,10,6
2488,LINK,198,72,app1,1.00001,M.Action,6300,10,7
2489,LINK,51,72,app1,1.00001,M.Action,6300,10,8
2490,LINK,89,72,app1,1.00001,M.Action,6300,10,9
2491,LINK,0,72,app1,1.00001,M.Action,6300,10,10
2492,LINK,0,72,app1,1.00001,M.Action,6300,10,11
2493,LINK,198,72,app1,1.00001,M.Action,6300,10,12
2494,LINK,89,72,app1,1.00001,M.Action,6300,10,13
2495,LINK,89,72,app1,1.00001,M.Action,6300,10,14
2496,LINK,0,72,app1,1.00001,M.Action,6300,10,15
2497,LINK,128,72,app1,1.00001,M.Action,6300,10,16
2498,LINK,317,72,app1,1.00001,M.Action,6300,10,17
2499,LINK,89,72,app1,1.00001,M.Action,6300,10,18
2500,LINK,51,72,app1,1.00001,M.Action,6300,10,19
2501,LINK,168,72,app1,1.00001,M.Action,6300,10,20
2502,LINK,317,72,app1,1.00001,M.Action,6300,10,21
2503,LINK,198,72,app1,1.00001,M.Action,6300,10,22
2504,LINK,228,72,app1,1.00001,M.Action,6300,10,23
2505,LINK,89,72,app1,1.00001,M.Action,6300,10,24
2506,LINK,0,72,app1,1.00001,M.Action,6300,10,25
2507,LINK,168,72,app1,1.00001,M.Action,6300,10,26
2508,LINK,198,72,app1,1.00001,M.Action,6300,10,27
2509,LINK,198,72,app1,1.00001,M.Action,6300,10,28
2510,LINK,89,72,app1,1.00001,M.Action,6300,10,29
2511,LINK,0,72,app1,1.00001,M.Action,6300,10,30
2512,LINK,51,72,app1,1.00001,M.Action,6300,10,31
2513,LINK,168,72,app1,1.00001,M.Action,6300,10,32
2514,LINK,317,72,app1,1.00001,M.Action,6300,10,33
2515,LINK,89,72,app1,1.00001,M.Action,6300,10,34
2516,LINK,89,72,app1,1.00001,M.Action,6300,10,35
2517,LINK,168,72,app1,1.00001,M.Action,6300,10,36
2518,LINK,168,72,app1,1.00001,M.Action,6300,10,37
2519,LINK,0,72,app1,1.00001,M.Action,6300,10,38
2520,LINK,198,72,app1,1.00001,M.Action,6300,10,39
2521,LINK,0,72,app1,1.00001,M.Action,6400,10,0
2522,LINK,0,72,app1,1.00001,M.Action,6400,10,1
2523,LINK,317,72,app1,1.00001,M.Action,6400,10,2
2524,LINK,51,72,app1,1.00001,M.Action,6400,10,3
2525,LINK,317,72,app1,1.00001,M.Action,6400,10,4
2526,LINK,0,72,app1,1.00001,M.Action,6400,10,5
2527,LINK,51,72,app1,1.00001,M.Action,6400,10,6
2528,LINK,198,72,app1,1.00001,M.Action,6400,10,7
2529,LINK,51,72,app1,1.00001,M.Action,6400,10,8
2530,LINK,89,72,app1,1.00001,M.Action,6400,10,9
2531,LINK,0,72,app1,1.00001,M.Action,6400,10,10
2532,LINK,0,72,app1,1.00001,M.Action,6400,10,11
2533,LINK,198,72,app1,1.00001,M.Action,6400,10,12
2534,LINK,89,72,app1,1.00001,M.Action,6400,10,13
2535,LINK,89,72,app1,1.00001,M.Action,6400,10,14
2536,LINK,0,72,app1,1.00001,M.Action,6400,10,15
2537,LINK,128,72,app1,1.00001,M.Action,6400,10,16
2538,LINK,317,72,app1,1.00001,M.Action,6400,10,17
2539,LINK,89,72,app1,1.00001,M.Action,6400,10,18
2540,LINK,51,72,app1,1.00001,M.Action,6400,10,19
2541,LINK,168,72,app1,1.00001,M.Action,6400,10,20
2542,LINK,317,72,app1,1.00001,M.Action,6400,10,21
2543,LINK,198,72,app1,1.00001,M.Action,6400,10,22
2544,LINK,228,72,app1,1.00001,M.Action,6400,10,23
2545,LINK,89,72,app1,1.00001,M.Action,6400,10,24
2546,LINK,0,72,app1,1.00001,M.Action,6400,10,25
2547,LINK,168,72,app1,1.00001,M.Action,6400,10,26
2548,LINK,198,72,app1,1.00001,M.Action,6400,10,27
2549,LINK,198,72,app1,1.00001,M.Action,6400,10,28
2550,LINK,89,72,app1,1.00001,M.Action,6400,10,29
2551,LINK,0,72,app1,1.00001,M.Action,6400,10,30
2552,LINK,51,72,app1,1.00001,M.Action,6400,10,31
2553,LINK,168,72,app1,1.00001,M.Action,6400,10,32
2554,LINK,317,72,app1,1.00001,M.Action,6400,10,33
2555,LINK,89,72,app1,1.00001,M.Action,6400,10,34
2556,LINK,89,72,app1,1.00001,M.Action,6400,10,35
2557,LINK,168,72,app1,1.00001,M.Action,6400,10,36
2558,LINK,168,72,app1,1.00001,M.Action,6400,10,37
2559,LINK,0,72,app1,1.00001,M.Action,6400,10,38
2560,LINK,198,72,app1,1.00001,M.Action,6400,10,39
2561,LINK,0,72,app1,1.00001,M.Action,6500,10,0
2562,LINK,0,72,app1,1.00001,M.Action,6500,10,1
2563,LINK,317,72,app1,1.00001,M.Action,6500,10,2
2564,LINK,51,72,app1,1.00001,M.Action,6500,10,3
2565,LINK,317,72,app1,1.00001,M.Action,6500,10,4
2566,LINK,0,72,app1,1.00001,M.Action,6500,10,5
2567,LINK,51,72,app1,1.00001,M.Action,6500,10,6
2568,LINK,198,72,app1,1.00001,M.Action,6500,10,7
2569,LINK,51,72,app1,1.00001,M.Action,6500,10,8
2570,LINK,89,72,app1,1.00001,M.Action,6500,10,9
2571,LINK,0,72,app1,1.00001,M.Action,6500,10,10
2572,LINK,0,72,app1,1.00001,M.Action,6500,10,11
2573,LINK,198,72,app1,1.00001,M.Action,6500,10,12
2574,LINK,89,72,app1,1.00001,M.Action,6500,10,13
2575,LINK,89,72,app1,1.00001,M.Action,6500,10,14
2576,LINK,0,72,app1,1.00001,M.Action,6500,10,15
2577,LINK,128,72,app1,1.00001,M.Action,6500,10,16
2578,LINK,317,72,app1,1.00001,M.Action,6500,10,17
2579,LINK,89,72,app1,1.00001,M.Action,6500,10,18
2580,LINK,51,72,app1,1.00001,M.Action,6500,10,19
2581,LINK,168,72,app1,1.00001,M.Action,6500,10,20
2582,LINK,317,72,app1,1.00001,M.Action,6500,10,21
2583,LINK,198,72,app1,1.00001,M.Action,6500,10,22
2584,LINK,228,72,app1,1.00001,M.Action,6500,10,23
2585,LINK,89,72,app1,1.00001,M.Action,6500,10,24
2586,LINK,0,72,app1,1.00001,M.Action,6500,10,25
2587,LINK,168,72,app1,1.00001,M.Action,6500,10,26
2588,LINK,198,72,app1,1.00001,M.Action,6500,10,27
2589,LINK,198,72,app1,1.00001,M.Action,6500,10,28
2590,LINK,89,72,app1,1.00001,M.Action,6500,10,29
2591,LINK,0,72,app1,1.00001,M.Action,6500,10,30
2592,LINK,51,72,app1,1.00001,M.Action,6500,10,31
2593,LINK,168,72,app1,1.00001,M.Action,6500,10,32
2594,LINK,317,72,app1,1.00001,M.Action,6500,10,33
2595,LINK,89,72,app1,1.00001,M.Action,6500,10,34
2596,LINK,89,72,app1,1.00001,M.Action,6500,10,35
2597,LINK,168,72,app1,1.00001,M.Action,6500,10,36
2598,LINK,168,72,app1,1.00001,M.Action,6500,10,37
2599,LINK,0,72,app1,1.00001,M.Action,6500,10,38
2600,LINK,198,72,app1,1.00001,M.Action,6500,10,39
2601,LINK,0,72,app1,1.00001,M.Action,6600,10,0
2602,LINK,0,72,app1,1.00001,M.Action,6600,10,1
2603,LINK,317,72,app1,1.00001,M.Action,6600,10,2
2604,LINK,51,72,app1,1.00001,M.Action,6600,10,3
2605,LINK,317,72,app1,1.00001,M.Action,6600,10,4
2606,LINK,0,72,app1,1.00001,M.Action,6600,10,5
2607,LINK,51,72,app1,1.00001,M.Action,6600,10,6
2608,LINK,198,72,app1,1.00001,M.Action,6600,10,7
2609,LINK,51,72,app1,1.00001,M.Action,6600,10,8
2610,LINK,89,72,app1,1.00001,M.Action,6600,10,9
2611,LINK,0,72,app1,1.00001,M.Action,6600,10,10
2612,LINK,0,72,app1,1.00001,M.Action,6600,10,11
2613,LINK,198,72,app1,1.00001,M.Action,6600,10,12
2614,LINK,89,72,app1,1.00001,M.Action,6600,10,13
2615,LINK,89,72,app1,1.00001,M.Action,6600,10,14
2616,LINK,0,72,app1,1.00001,M.Action,6600,10,15
2617,LINK,128,72,app1,1.00001,M.Action,6600,10,16
2618,LINK,317,72,app1,1.00001,M.Action,6600,10,17
2619,LINK,89,72,app1,1.00001,M.Action,6600,10,18
2620,LINK,51,72,app1,1.00001,M.Action,6600,10,19
2621,LINK,168,72,app1,1.00001,M.Action,6600,10,20
2622,LINK,317,72,app1,1.00001,M.Action,6600,10,21
2623,LINK,198,72,app1,1.00001,M.Action,6600,10,22
2624,LINK,228,72,app1,1.00001,M.Action,6600,10,23
2625,LINK,89,72,app1,1.00001,M.Action,6600,10,24
2626,LINK,0,72,app1,1.00001,M.Action,6600,10,25
2627,LINK,168,72,app1,1.00001,M.Action,6600,10,26
2628,LINK,198,72,app1,1.00001,M.Action,6600,10,27
2629,LINK,198,72,app1,1.00001,M.Action,6600,10,28
2630,LINK,89,72,app1,1.00001,M.Action,6600,10,29
2631,LINK,0,72,app1,1.00001,M.Action,6600,10,30
2632,LINK,51,72,app1,1.00001,M.Action,6600,10,31
2633,LINK,168,72,app1,1.00001,M.Action,6600,10,32
2634,LINK,317,72,app1,1.00001,M.Action,6600,10,33
2635,LINK,89,72,app1,1.00001,M.Action,6600,10,34
2636,LINK,89,72,app1,1.00001,M.Action,6600,10,35
2637,LINK,168,72,app1,1.00001,M.Action,6600,10,36
2638,LINK,168,72,app1,1.00001,M.Action,6600,10,37
2639,LINK,0,72,app1,1.00001,M.Action,6600,10,38
2640,LINK,198,72,app1,1.00001,M.Action,6600,10,39
2641,LINK,0,72,app1,1.00001,M.Action,6700,10,0
2642,LINK,0,72,app1,1.00001,M.Action,6700,10,1
2643,LINK,317,72,app1,1.00001,M.Action,6700,10,2
2644,LINK,51,72,app1,1.00001,M.Action,6700,10,3
2645,LINK,317,72,app1,1.00001,M.Action,6700,10,4
2646,LINK,0,72,app1,1.00001,M.Action,6700,10,5
2647,LINK,51,72,app1,1.00001,M.Action,6700,10,6
2648,LINK,198,72,app1,1.00001,M.Action,6700,10,7
2649,LINK,51,72,app1,1.00001,M.Action,6700,10,8
2650,LINK,89,72,app1,1.00001,M.Action,6700,10,9
2651,LINK,0,72,app1,1.00001,M.Action,6700,10,10
2652,LINK,0,72,app1,1.00001,M.Action,6700,10,11
2653,LINK,198,72,app1,1.00001,M.Action,6700,10,12
2654,LINK,89,72,app1,1.00001,M.Action,6700,10,13
2655,LINK,89,72,app1,1.00001,M.Action,6700,10,14
2656,LINK,0,72,app1,1.00001,M.Action,6700,10,15
2657,LINK,128,72,app1,1.00001,M.Action,6700,10,16
2658,LINK,317,72,app1,1.00001,M.Action,6700,10,17
2659,LINK,89,72,app1,1.00001,M.Action,6700,10,18
2660,LINK,51,72,app1,1.00001,M.Action,6700,10,19
2661,LINK,168,72,app1,1.00001,M.Action,6700,10,20
2662,LINK,317,72,app1,1.00001,M.Action,6700,10,21
2663,LINK,198,72,app1,1.00001,M.Action,6700,10,22
2664,LINK,228,72,app1,1.00001,M.Action,6700,10,23
2665,LINK,89,72,app1,1.00001,M.Action,6700,10,24
2666,LINK,0,72,app1,1.00001,M.Action,6700,10,25
2667,LINK,168,72,app1,1.00001,M.Action,6700,10,26
2668,LINK,198,72,app1,1.00001,M.Action,6700,10,27
2669,LINK,198,72,app1,1.00001,M.Action,6700,10,28
2670,LINK,89,72,app1,1.00001,M.Action,6700,10,29
2671,LINK,0,72,app1,1.00001,M.Action,6700,10,30
2672,LINK,51,72,app1,1.00001,M.Action,6700,10,31
2673,LINK,168,72,app1,1.00001,M.Action,6700,10,32
2674,LINK,317,72,app1,1.00001,M.Action,6700,10,33
2675,LINK,89,72,app1,1.00001,M.Action,6700,10,34
2676,LINK,89,72,app1,1.00001,M.Action,6700,10,35
2677,LINK,168,72,app1,1.00001,M.Action,6700,10,36
2678,LINK,168,72,app1,1.00001,M.Action,6700,10,37
2679,LINK,0,72,app1,1.00001,M.Action,6700,10,38
2680,LINK,198,72,app1,1.00001,M.Action,6700,10,39
2681,LINK,0,72,app1,1.00001,M.Action,6800,10,0
2682,LINK,0,72,app1,1.00001,M.Action,6800,10,1
2683,LINK,317,72,app1,1.00001,M.Action,6800,10,2
2684,LINK,51,72,app1,1.00001,M.Action,6800,10,3
2685,LINK,317,72,app1,1.00001,M.Action,6800,10,4
2686,LINK,0,72,app1,1.00001,M.Action,6800,10,5
2687,LINK,51,72,app1,1.00001,M.Action,6800,10,6
2688,LINK,198,72,app1,1.00001,M.Action,6800,10,7
2689,LINK,51,72,app1,1.00001,M.Action,6800,10,8
2690,LINK,89,72,app1,1.00001,M.Action,6800,10,9
2691,LINK,0,72,app1,1.00001,M.Action,6800,10,10
2692,LINK,0,72,app1,1.00001,M.Action,6800,10,11
2693,LINK,198,72,app1,1.00001,M.Action,6800,10,12
2694,LINK,89,72,app1,1.00001,M.Action,6800,10,13
2695,LINK,89,72,app1,1.00001,M.Action,6800,10,14
2696,LINK,0,72,app1,1.00001,M.Action,6800,10,15
2697,LINK,128,72,app1,1.00001,M.Action,6800,10,16
2698,LINK,317,72,app1,1.00001,M.Action,6800,10,17
2699,LINK,89,72,app1,1.00001,M.Action,6800,10,18
2700,LINK,51,72,app1,1.00001,M.Action,6800,10,19
2701,LINK,168,72,app1,1.00001,M.Action,6800,10,20
2702,LINK,317,72,app1,1.00001,M.Action,6800,10,21
2703,LINK,198,72,app1,1.00001,M.Action,6800,10,22
2704,LINK,228,72,app1,1.00001,M.Action,6800,10,23
2705,LINK,89,72,app1,1.00001,M.Action,6800,10,24
2706,LINK,0,72,app1,1.00001,M.Action,6800,10,25
2707,LINK,168,72,app1,1.00001,M.Action,6800,10,26
2708,LINK,198,72,app1,1.00001,M.Action,6800,10,27
2709,LINK,198,72,app1,1.00001,M.Action,6800,10,28
2710,LINK,89,72,app1,1.00001,M.Action,6800,10,29
2711,LINK,0,72,app1,1.00001,M.Action,6800,10,30
2712,LINK,51,72,app1,1.00001,M.Action,6800,10,31
2713,LINK,168,72,app1,1.00001,M.Action,6800,10,32
2714,LINK,317,72,app1,1.00001,M.Action,6800,10,33
2715,LINK,89,72,app1,1.00001,M.Action,6800,10,34
2716,LINK,89,72,app1,1.00001,M.Action,6800,10,35
2717,LINK,168,72,app1,1.00001,M.Action,6800,10,36
2718,LINK,168,72,app1,1.00001,M.Action,6800,10,37
2719,LINK,0,72,app1,1.00001,M.Action,6800,10,38
2720,LINK,198,72,app1,1.00001,M.Action,6800,10,39
2721,LINK,0,72,app1,1.00001,M.Action,6900,10,0
2722,LINK,0,72,app1,1.00001,M.Action,6900,10,1
2723,LINK,317,72,app1,1.00001,M.Action,6900,10,2
2724,LINK,51,72,app1,1.00001,M.Action,6900,10,3
2725,LINK,317,72,app1,1.00001,M.Action,6900,10,4
2726,LINK,0,72,app1,1.00001,M.Action,6900,10,5
2727,LINK,51,72,app1,1.00001,M.Action,6900,10,6
2728,LINK,198,72,app1,1.00001,M.Action,6900,10,7
2729,LINK,51,72,app1,1.00001,M.Action,6900,10,8
2730,LINK,89,72,app1,1.00001,M.Action,6900,10,9
2731,LINK,0,72,app1,1.00001,M.Action,6900,10,10
2732,LINK,0,72,app1,1.00001,M.Action,6900,10,11
2733,LINK,198,72,app1,1.00001,M.Action,6900,10,12
2734,LINK,89,72,app1,1.00001,M.Action,6900,10,13
2735,LINK,89,72,app1,1.00001,M.Action,6900,10,14
2736,LINK,0,72,app1,1.00001,M.Action,6900,10,15
2737,LINK,128,72,app1,1.00001,M.Action,6900,10,16
2738,LINK,317,72,app1,1.00001,M.Action,6900,10,17
2739,LINK,89,72,app1,1.00001,M.Action,6900,10,18
2740,LINK,51,72,app1,1.00001,M.Action,6900,10,19
2741,LINK,168,72,app1,1.00001,M.Action,6900,10,20
2742,LINK,317,72,app1,1.00001,M.Action,6900,10,21
2743,LINK,198,72,app1,1.00001,M.Action,6900,10,22
2744,LINK,228,72,app1,1.00001,M.Action,6900,10,23
2745,LINK,89,72,app1,1.00001,M.Action,6900,10,24
2746,LINK,0,72,app1,1.00001,M.Action,6900,10,25
2747,LINK,168,72,app1,1.00001,M.Action,6900,10,26
2748,LINK,198,72,app1,1.00001,M.Action,6900,10,27
2749,LINK,198,72,app1,1.00001,M.Action,6900,10,28
2750,LINK,89,72,app1,1.00001,M.Action,6900,10,29
2751,LINK,0,72,app1,1.00001,M.Action,6900,10,30
2752,LINK,51,72,app1,1.00001,M.Action,6900,10,31
2753,LINK,168,72,app1,1.00001,M.Action,6900,10,32
2754,LINK,317,72,app1,1.00001,M.Action,6900,10,33
2755,LINK,89,72,app1,1.00001,M.Action,6900,10,34
2756,LINK,89,72,app1,1.00001,M.Action,6900,10,35
2757,LINK,168,72,app1,1.00001,M.Action,6900,10,36
2758,LINK,168,72,app1,1.00001,M.Action,6900,10,37
2759,LINK,0,72,app1,1.00001,M.Action,6900,10,38
2760,LINK,198,72,app1,1.00001,M.Action,6900,10,39
2761,LINK,0,72,app1,1.00001,M.Action,7000,10,0
2762,LINK,0,72,app1,1.00001,M.Action,7000,10,1
2763,LINK,317,72,app1,1.00001,M.Action,7000,10,2
2764,LINK,51,72,app1,1.00001,M.Action,7000,10,3
2765,LINK,317,72,app1,1.00001,M.Action,7000,10,4
2766,LINK,0,72,app1,1.00001,M.Action,7000,10,5
2767,LINK,51,72,app1,1.00001,M.Action,7000,10,6
2768,LINK,198,72,app1,1.00001,M.Action,7000,10,7
2769,LINK,51,72,app1,1.00001,M.Action,7000,10,8
2770,LINK,89,72,app1,1.00001,M.Action,7000,10,9
2771,LINK,0,72,app1,1.00001,M.Action,7000,10,10
2772,LINK,0,72,app1,1.00001,M.Action,7000,10,11
2773,LINK,198,72,app1,1.00001,M.Action,7000,10,12
2774,LINK,89,72,app1,1.00001,M.Action,7000,10,13
2775,LINK,89,72,app1,1.00001,M.Action,7000,10,14
2776,LINK,0,72,app1,1.00001,M.Action,7000,10,15
2777,LINK,128,72,app1,1.00001,M.Action,7000,10,16
2778,LINK,317,72,app1,1.00001,M.Action,7000,10,17
2779,LINK,89,72,app1,1.00001,M.Action,7000,10,18
2780,LINK,51,72,app1,1.00001,M.Action,7000,10,19
2781,LINK,168,72,app1,1.00001,M.Action,7000,10,20
2782,LINK,317,72,app1,1.00001,M.Action,7000,10,21
2783,LINK,198,72,app1,1.00001,M.Action,7000,10,22
2784,LINK,228,72,app1,1.00001,M.Action,7000,10,23
2785,LINK,89,72,app1,1.00001,M.Action,7000,10,24
2786,LINK,0,72,app1,1.00001,M.Action,7000,10,25
2787,LINK,168,72,app1,1.00001,M.Action,7000,10,26
2788,LINK,198,72,app1,1.00001,M.Action,7000,10,27
2789,LINK,198,72,app1,1.00001,M.Action,7000,10,28
2790,LINK,89,72,app1,1.00001,M.Action,7000,10,29
2791,LINK,0,72,app1,1.00001,M.Action,7000,10,30
2792,LINK,51,72,app1,1.00001,M.Action,7000,10,31
2793,LINK,168,72,app1,1.00001,M.Action,7000,10,32
2794,LINK,317,72,app1,1.00001,M.Action,7000,10,33
2795,LINK,89,72,app1,1.00001,M.Action,7000,10,34
2796,LINK,89,72,app1,1.00001,M.Action,7000,10,35
2797,LINK,168,72,app1,1.00001,M.Action,7000,10,36
2798,LINK,168,72,app1,1.00001,M.Action,7000,10,37
2799,LINK,0,72,app1,1.00001,M.Action,7000,10,38
2800,LINK,198,72,app1,1.00001,M.Action,7000,10,39
2801,LINK,0,72,app1,1.00001,M.Action,7100,10,0
2802,LINK,0,72,app1,1.00001,M.Action,7100,10,1
2803,LINK,317,72,app1,1.00001,M.Action,7100,10,2
2804,LINK,51,72,app1,1.00001,M.Action,7100,10,3
2805,LINK,317,72,app1,1.00001,M.Action,7100,10,4
2806,LINK,0,72,app1,1.00001,M.Action,7100,10,5
2807,LINK,51,72,app1,1.00001,M.Action,7100,10,6
2808,LINK,198,72,app1,1.00001,M.Action,7100,10,7
2809,LINK,51,72,app1,1.00001,M.Action,7100,10,8
2810,LINK,89,72,app1,1.00001,M.Action,7100,10,9
2811,LINK,0,72,app1,1.00001,M.Action,7100,10,10
2812,LINK,0,72,app1,1.00001,M.Action,7100,10,11
2813,LINK,198,72,app1,1.00001,M.Action,7100,10,12
2814,LINK,89,72,app1,1.00001,M.Action,7100,10,13
2815,LINK,89,72,app1,1.00001,M.Action,7100,10,14
2816,LINK,0,72,app1,1.00001,M.Action,7100,10,15
2817,LINK,128,72,app1,1.00001,M.Action,7100,10,16
2818,LINK,317,72,app1,1.00001,M.Action,7100,10,17
2819,LINK,89,72,app1,1.00001,M.Action,7100,10,18
2820,LINK,51,72,app1,1.00001,M.Action,7100,10,19
2821,LINK,168,72,app1,1.00001,M.Action,7100,10,20
2822,LINK,317,72,app1,1.00001,M.Action,7100,10,21
2823,LINK,198,72,app1,1.00001,M.Action,7100,10,22
2824,LINK,228,72,app1,1.00001,M.Action,7100,10,23
2825,LINK,89,72,app1,1.00001,M.Action,7100,10,24
2826,LINK,0,72,app1,1.00001,M.Action,7100,10,25
2827,LINK,168,72,app1,1.00001,M.Action,7100,10,26
2828,LINK,198,72,app1,1.00001,M.Action,7100,10,27
2829,LINK,198,72,app1,1.00001,M.Action,7100,10,28
2830,LINK,89,72,app1,1.00001,M.Action,7100,10,29
2831,LINK,0,72,app1,1.00001,M.Action,7100,10,30
2832,LINK,51,72,app1,1.00001,M.Action,7100,10,31
2833,LINK,168,72,app1,1.00001,M.Action,7100,10,32
2834,LINK,317,72,app1,1.00001,M.Action,7100,10,33
2835,LINK,89,72,app1,1.00001,M.Action,7100,10,34
2836,LINK,89,72,app1,1.00001,M.Action,7100,10,35
2837,LINK,168,72,app1,1.00001,M.Action,7100,10,36
2838,LINK,168,72,app1,1.00001,M.Action,7100,10,37
2839,LINK,0,72,app1,1.00001,M.Action,7100,10,38
2840,LINK,198,72,app1,1.00001,M.Action,7100,10,39
2841,LINK,0,72,app1,1.00001,M.Action,7200,10,0
2842,LINK,0,72,app1,1.00001,M.Action,7200,10,1
2843,LINK,317,72,app1,1.00001,M.Action,7200,10,2
2844,LINK,51,72,app1,1.00001,M.Action,7200,10,3
2845,LINK,317,72,app1,1.00001,M.Action,7200,10,4
2846,LINK,0,72,app1,1.00001,M.Action,7200,10,5
2847,LINK,51,72,app1,1.00001,M.Action,7200,10,6
2848,LINK,198,72,app1,1.00001,M.Action,7200,10,7
2849,LINK,51,72,app1,1.00001,M.Action,7200,10,8
2850,LINK,89,72,app1,1.00001,M.Action,7200,10,9
2851,LINK,0,72,app1,1.00001,M.Action,7200,10,10
2852,LINK,0,72,app1,1.00001,M.Action,7200,10,11
2853,LINK,198,72,app1,1.00001,M.Action,7200,10,12
2854,LINK,89,72,app1,1.00001,M.Action,7200,10,13
2855,LINK,89,72,app1,1.00001,M.Action,7200,10,14
2856,LINK,0,72,app1,1.00001,M.Action,7200,10,15
2857,LINK,128,72,app1,1.00001,M.Action,7200,10,16
2858,LINK,317,72,app1,1.00001,M.Action,7200,10,17
2859,LINK,89,72,app1,1.00001,M.Action,7200,10,18
2860,LINK,51,72,app1,1.00001,M.Action,7200,10,19
2861,LINK,168,72,app1,1.00001,M.Action,7200,10,20
2862,LINK,317,72,app1,1.00001,M.Action,7200,10,21
2863,LINK,198,72,app1,1.00001,M.Action,7200,10,22
2864,LINK,228,72,app1,1.00001,M.Action,7200,10,23
2865,LINK,89,72,app1,1.00001,M.Action,7200,10,24
2866,LINK,0,72,app1,1.00001,M.Action,7200,10,25
2867,LINK,168,72,app1,1.00001,M.Action,7200,10,26
2868,LINK,198,72,app1,1.00001,M.Action,7200,10,27
2869,LINK,198,72,app1,1.00001,M.Action,7200,10,28
2870,LINK,89,72,app1,1.00001,M.Action,7200,10,29
2871,LINK,0,72,app1,1.00001,M.Action,7200,10,30
2872,LINK,51,72,app1,1.00001,M.Action,7200,10,31
2873,LINK,168,72,app1,1.00001,M.Action,7200,10,32
2874,LINK,317,72,app1,1.00001,M.Action,7200,10,33
2875,LINK,89,72,app1,1.00001,M.Action,7200,10,34
2876,LINK,89,72,app1,1.00001,M.Action,7200,10,35
2877,LINK,168,72,app1,1.00001,M.Action,7200,10,36
2878,LINK,168,72,app1,1.00001,M.Action,7200,10,37
2879,LINK,0,72,app1,1.00001,M.Action,7200,10,38
2880,LINK,198,72,app1,1.00001,M.Action,7200,10,39
2881,LINK,0,72,app1,1.00001,M.Action,7300,10,0
2882,LINK,0,72,app1,1.00001,M.Action,7300,10,1
2883,LINK,317,72,app1,1.00001,M.Action,7300,10,2
2884,LINK,51,72,app1,1.00001,M.Action,7300,10,3
2885,LINK,317,72,app1,1.00001,M.Action,7300,10,4
2886,LINK,0,72,app1,1.00001,M.Action,7300,10,5
2887,LINK,51,72,app1,1.00001,M.Action,7300,10,6
2888,LINK,198,72,app1,1.00001,M.Action,7300,10,7
2889,LINK,51,72,app1,1.00001,M.Action,7300,10,8
2890,LINK,89,72,app1,1.00001,M.Action,7300,10,9
2891,LINK,0,72,app1,1.00001,M.Action,7300,10,10
2892,LINK,0,72,app1,1.00001,M.Action,7300,10,11
2893,LINK,198,72,app1,1.00001,M.Action,7300,10,12
2894,LINK,89,72,app1,1.00001,M.Action,7300,10,13
2895,LINK,89,72,app1,1.00001,M.Action,7300,10,14
2896,LINK,0,72,app1,1.00001,M.Action,7300,10,15
2897,LINK,128,72,app1,1.00001,M.Action,7300,10,16
2898,LINK,317,72,app1,1.00001,M.Action,7300,10,17
2899,LINK,89,72,app1,1.00001,M.Action,7300,10,18
2900,LINK,51,72,app1,1.00001,M.Action,7300,10,19
2901,LINK,168,72,app1,1.00001,M.Action,7300,10,20
2902,LINK,317,72,app1,1.00001,M.Action,7300,10,21
2903,LINK,198,72,app1,1.00001,M.Action,7300,10,22
2904,LINK,228,72,app1,1.00001,M.Action,7300,10,23
2905,LINK,89,72,app1,1.00001,M.Action,7300,10,24
2906,LINK,0,72,app1,1.00001,M.Action,7300,10,25
2907,LINK,168,72,app1,1.00001,M.Action,7300,10,26
2908,LINK,198,72,app1,1.00001,M.Action,7300,10,27
2909,LINK,198,72,app1,1.00001,M.Action,7300,10,28
2910,LINK,89,72,app1,1.00001,M.Action,7300,10,29
2911,LINK,0,72,app1,1.00001,M.Action,7300,10,30
2912,LINK,51,72,app1,1.00001,M.Action,7300,10,31
2913,LINK,168,72,app1,1.00001,M.Action,7300,10,32
2914,LINK,317,72,app1,1.00001,M.Action,7300,10,33
2915,LINK,89,72,app1,1.00001,M.Action,7300,10,34
2916,LINK,89,72,app1,1.00001,M.Action,7300,10,35
2917,LINK,168,72,app1,1.00001,M.Action,7300,10,36
2918,LINK,168,72,app1,1.00001,M.Action,7300,10,37
2919,LINK,0,72,app1,1.00001,M.Action,7300,10,38
2920,LINK,198,72,app1,1.00001,M.Action,7300,10,39
2921,LINK,0,72,app1,1.00001,M.Action,7400,10,0
2922,LINK,0,72,app1,1.00001,M.Action,7400,10,1
2923,LINK,317,72,app1,1.00001,M.Action,7400,10,2
2924,LINK,51,72,app1,1.00001,M.Action,7400,10,3
2925,LINK,317,72,app1,1.00001,M.Action,7400,10,4
2926,LINK,0,72,app1,1.00001,M.Action,7400,10,5
2927,LINK,51,72,app1,1.00001,M.Action,7400,10,6
2928,LINK,198,72,app1,1.00001,M.Action,7400,10,7
2929,LINK,51,72,app1,1.00001,M.Action,7400,10,8
2930,LINK,89,72,app1,1.00001,M.Action,7400,10,9
2931,LINK,0,72,app1,1.00001,M.Action,7400,10,10
2932,LINK,0,72,app1,1.00001,M.Action,7400,10,11
2933,LINK,198,72,app1,1.00001,M.Action,7400,10,12
2934,LINK,89,72,app1,1.00001,M.Action,7400,10,13
2935,LINK,89,72,app1,1.00001,M.Action,7400,10,14
2936,LINK,0,72,app1,1.00001,M.Action,7400,10,15
2937,LINK,128,72,app1,1.00001,M.Action,7400,10,16
2938,LINK,317,72,app1,1.00001,M.Action,7400,10,17
2939,LINK,89,72,app1,1.00001,M.Action,7400,10,18
2940,LINK,51,72,app1,1.00001,M.Action,7400,10,19
2941,LINK,168,72,app1,1.00001,M.Action,7400,10,20
2942,LINK,317,72,app1,1.00001,M.Action,7400,10,21
2943,LINK,198,72,app1,1.00001,M.Action,7400,10,22
2944,LINK,228,72,app1,1.00001,M.Action,7400,10,23
2945,LINK,89,72,app1,1.00001,M.Action,7400,10,24
2946,LINK,0,72,app1,1.00001,M.Action,7400,10,25
2947,LINK,168,72,app1,1.00001,M.Action,7400,10,26
2948,LINK,198,72,app1,1.00001,M.Action,7400,10,27
2949,LINK,198,72,app1,1.00001,M.Action,7400,10,28
2950,LINK,89,72,app1,1.00001,M.Action,7400,10,29
2951,LINK,0,72,app1,1.00001,M.Action,7400,10,30
2952,LINK,51,72,app1,1.00001,M.Action,7400,10,31
2953,LINK,168,72,app1,1.00001,M.Action,7400,10,32
2954,LINK,317,72,app1,1.00001,M.Action,7400,10,33
2955,LINK,89,72,app1,1.00001,M.Action,7400,10,34
2956,LINK,89,72,app1,1.00001,M.Action,7400,10,35
2957,LINK,168,72,app1,1.00001,M.Action,7400,10,36
2958,LINK,168,72,app1,1.00001,M.Action,7400,10,37
2959,LINK,0,72,app1,1.00001,M.Action,7400,10,38
2960,LINK,198,72,app1,1.00001,M.Action,7400,10,39
2961,LINK,0,72,app1,1.00001,M.Action,7500,10,0
2962,LINK,0,72,app1,1.00001,M.Action,7500,10,1
2963,LINK,317,72,app1,1.00001,M.Action,7500,10,2
2964,LINK,51,72,app1,1.00001,M.Action,7500,10,3
2965,LINK,317,72,app1,1.00001,M.Action,7500,10,4
2966,LINK,0,72,app1,1.00001,M.Action,7500,10,5
2967,LINK,51,72,app1,1.00001,M.Action,7500,10,6
2968,LINK,198,72,app1,1.00001,M.Action,7500,10,7
2969,LINK,51,72,app1,1.00001,M.Action,7500,10,8
2970,LINK,89,72,app1,1.00001,M.Action,7500,10,9
2971,LINK,0,72,app1,1.00001,M.Action,7500,10,10
2972,LINK,0,72,app1,1.00001,M.Action,7500,10,11
2973,LINK,198,72,app1,1.00001,M.Action,7500,10,12
2974,LINK,89,72,app1,1.00001,M.Action,7500,10,13
2975,LINK,89,72,app1,1.00001,M.Action,7500,10,14
2976,LINK,0,72,app1,1.00001,M.Action,7500,10,15
2977,LINK,128,72,app1,1.00001,M.Action,7500,10,16
2978,LINK,317,72,app1,1.00001,M.Action,7500,10,17
2979,LINK,89,72,app1,1.00001,M.Action,7500,10,18
2980,LINK,51,72,app1,1.00001,M.Action,7500,10,19
2981,LINK,168,72,app1,1.00001,M.Action,7500,10,20
2982,LINK,317,72,app1,1.00001,M.Action,7500,10,21
2983,LINK,198,72,app1,1.00001,M.Action,7500,10,22
2984,LINK,228,72,app1,1.00001,M.Action,7500,10,23
2985,LINK,89,72,app1,1.00001,M.Action,7500,10,24
2986,LINK,0,72,app1,1.00001,M.Action,7500,10,25
2987,LINK,168,72,app1,1.00001,M.Action,7500,10,26
2988,LINK,198,72,app1,1.00001,M.Action,7500,10,27
2989,LINK,198,72,app1,1.00001,M.Action,7500,10,28
2990,LINK,89,72,app1,1.00001,M.Action,7500,10,29
2991,LINK,0,72,app1,1.00001,M.Action,7500,10,30
2992,LINK,51,72,app1,1.00001,M.Action,7500,10,31
2993,LINK,168,72,app1,1.00001,M.Action,7500,10,32
2994,LINK,317,72,app1,1.00001,M.Action,7500,10,33
2995,LINK,89,72,app1,1.00001,M.Action,7500,10,34
2996,LINK,89,72,app1,1.00001,M.Action,7500,10,35
2997,LINK,168,72,app1,1.00001,M.Action,7500,10,36
2998,LINK,168,72,app1,1.00001,M.Action,7500,10,37
2999,LINK,0,72,app1,1.00001,M.Action,7500,10,38
3000,LINK,198,72,app1,1.00001,M.Action,7500,10,39
3001,LINK,0,72,app1,1.00001,M.Action,7600,10,0
3002,LINK,0,72,app1,1.00001,M.Action,7600,10,1
3003,LINK,317,72,app1,1.00001,M.Action,7600,10,2
3004,LINK,51,72,app1,1.00001,M.Action,7600,10,3
3005,LINK,317,72,app1,1.00001,M.Action,7600,10,4
3006,LINK,0,72,app1,1.00001,M.Action,7600,10,5
3007,LINK,51,72,app1,1.00001,M.Action,7600,10,6
3008,LINK,198,72,app1,1.00001,M.Action,7600,10,7
3009,LINK,51,72,app1,1.00001,M.Action,7600,10,8
3010,LINK,89,72,app1,1.00001,M.Action,7600,10,9
3011,LINK,0,72,app1,1.00001,M.Action,7600,10,10
3012,LINK,0,72,app1,1.00001,M.Action,7600,10,11
3013,LINK,198,72,app1,1.00001,M.Action,7600,10,12
3014,LINK,89,72,app1,1.00001,M.Action,7600,10,13
3015,LINK,89,72,app1,1.00001,M.Action,7600,10,14
3016,LINK,0,72,app1,1.00001,M.Action,7600,10,15
3017,LINK,128,72,app1,1.00001,M.Action,7600,10,16
3018,LINK,317,72,app1,1.00001,M.Action,7600,10,17
3019,LINK,89,72,app1,1.00001,M.Action,7600,10,18
3020,LINK,51,72,app1,1.00001,M.Action,7600,10,19
3021,LINK,168,72,app1,1.00001,M.Action,7600,10,20
3022,LINK,317,72,app1,1.00001,M.Action,7600,10,21
3023,LINK,198,72,app1,1.00001,M.Action,7600,10,22
3024,LINK,228,72,app1,1.00001,M.Action,7600,10,23
3025,LINK,89,72,app1,1.00001,M.Action,7600,10,24
3026,LINK,0,72,app1,1.00001,M.Action,7600,10,25
3027,LINK,168,72,app1,1.00001,M.Action,7600,10,26
3028,LINK,198,72,app1,1.00001,M.Action,7600,10,27
3029,LINK,198,72,app1,1.00001,M.Action,7600,10,28
3030,LINK,89,72,app1,1.00001,M.Action,7600,10,29
3031,LINK,0,72,app1,1.00001,M.Action,7600,10,30
3032,LINK,51,72,app1,1.00001,M.Action,7600,10,31
3033,LINK,168,72,app1,1.00001,M.Action,7600,10,32
3034,LINK,317,72,app1,1.00001,M.Action,7600,10,33
3035,LINK,89,72,app1,1.00001,M.Action,7600,10,34
3036,LINK,89,72,app1,1.00001,M.Action,7600,10,35
3037,LINK,168,72,app1,1.00001,M.Action,7600,10,36
3038,LINK,168,72,app1,1.00001,M.Action,7600,10,37
3039,LINK,0,72,app1,1.00001,M.Action,7600,10,38
3040,LINK,198,72,app1,1.00001,M.Action,7600,10,39
3041,LINK,0,72,app1,1.00001,M.Action,7700,10,0
3042,LINK,0,72,app1,1.00001,M.Action,7700,10,1
3043,LINK,317,72,app1,1.00001,M.Action,7700,10,2
3044,LINK,51,72,app1,1.00001,M.Action,7700,10,3
3045,LINK,317,72,app1,1.00001,M.Action,7700,10,4
3046,LINK,0,72,app1,1.00001,M.Action,7700,10,5
3047,LINK,51,72,app1,1.00001,M.Action,7700,10,6
3048,LINK,198,72,app1,1.00001,M.Action,7700,10,7
3049,LINK,51,72,app1,1.00001,M.Action,7700,10,8
3050,LINK,89,72,app1,1.00001,M.Action,7700,10,9
3051,LINK,0,72,app1,1.00001,M.Action,7700,10,10
3052,LINK,0,72,app1,1.00001,M.Action,7700,10,11
3053,LINK,198,72,app1,1.00001,M.Action,7700,10,12
3054,LINK,89,72,app1,1.00001,M.Action,7700,10,13
3055,LINK,89,72,app1,1.00001,M.Action,7700,10,14
3056,LINK,0,72,app1,1.00001,M.Action,7700,10,15
3057,LINK,128,72,app1,1.00001,M.Action,7700,10,16
3058,LINK,317,72,app1,1.00001,M.Action,7700,10,17
3059,LINK,89,72,app1,1.00001,M.Action,7700,10,18
3060,LINK,51,72,app1,1.00001,M.Action,7700,10,19
3061,LINK,168,72,app1,1.00001,M.Action,7700,10,20
3062,LINK,317,72,app1,1.00001,M.Action,7700,10,21
3063,LINK,198,72,app1,1.00001,M.Action,7700,10,22
3064,LINK,228,72,app1,1.00001,M.Action,7700,10,23
3065,LINK,89,72,app1,1.00001,M.Action,7700,10,24
3066,LINK,0,72,app1,1.00001,M.Action,7700,10,25
3067,LINK,168,72,app1,1.00001,M.Action,7700,10,26
3068,LINK,198,72,app1,1.00001,M.Action,7700,10,27
3069,LINK,198,72,app1,1.00001,M.Action,7700,10,28
3070,LINK,89,72,app1,1.00001,M.Action,7700,10,29
3071,LINK,0,72,app1,1.00001,M.Action,7700,10,30
3072,LINK,51,72,app1,1.00001,M.Action,7700,10,31
3073,LINK,168,72,app1,1.00001,M.Action,7700,10,32
3074,LINK,317,72,app1,1.00001,M.Action,7700,10,33
3075,LINK,89,72,app1,1.00001,M.Action,7700,10,34
3076,LINK,89,72,app1,1.00001,M.Action,7700,10,35
3077,LINK,168,72,app1,1.00001,M.Action,7700,10,36
3078,LINK,168,72,app1,1.00001,M.Action,7700,10,37
3079,LINK,0,72,app1,1.00001,M.Action,7700,10,38
3080,LINK,198,72,app1,1.00001,M.Action,7700,10,39
3081,LINK,0,72,app1,1.00001,M.Action,7800,10,0
3082,LINK,0,72,app1,1.00001,M.Action,7800,10,1
3083,LINK,317,72,app1,1.00001,M.Action,7800,10,2
3084,LINK,51,72,app1,1.00001,M.Action,7800,10,3
3085,LINK,317,72,app1,1.00001,M.Action,7800,10,4
3086,LINK,0,72,app1,1.00001,M.Action,7800,10,5
3087,LINK,51,72,app1,1.00001,M.Action,7800,10,6
3088,LINK,198,72,app1,1.00001,M.Action,7800,10,7
3089,LINK,51,72,app1,1.00001,M.Action,7800,10,8
3090,LINK,89,72,app1,1.00001,M.Action,7800,10,9
3091,LINK,0,72,app1,1.00001,M.Action,7800,10,10
3092,LINK,0,72,app1,1.00001,M.Action,7800,10,11
3093,LINK,198,72,app1,1.00001,M.Action,7800,10,12
3094,LINK,89,72,app1,1.00001,M.Action,7800,10,13
3095,LINK,89,72,app1,1.00001,M.Action,7800,10,14
3096,LINK,0,72,app1,1.00001,M.Action,7800,10,15
3097,LINK,128,72,app1,1.00001,M.Action,7800,10,16
3098,LINK,317,72,app1,1.00001,M.Action,7800,10,17
3099,LINK,89,72,app1,1.00001,M.Action,7800,10,18
3100,LINK,51,72,app1,1.00001,M.Action,7800,10,19
3101,LINK,168,72,app1,1.00001,M.Action,7800,10,20
3102,LINK,317,72,app1,1.00001,M.Action,7800,10,21
3103,LINK,198,72,app1,1.00001,M.Action,7800,10,22
3104,LINK,228,72,app1,1.00001,M.Action,7800,10,23
3105,LINK,89,72,app1,1.00001,M.Action,7800,10,24
3106,LINK,0,72,app1,1.00001,M.Action,7800,10,25
3107,LINK,168,72,app1,1.00001,M.Action,7800,10,26
3108,LINK,198,72,app1,1.00001,M.Action,7800,10,27
3109,LINK,198,72,app1,1.00001,M.Action,7800,10,28
3110,LINK,89,72,app1,1.00001,M.Action,7800,10,29
3111,LINK,0,72,app1,1.00001,M.Action,7800,10,30
3112,LINK,51,72,app1,1.00001,M.Action,7800,10,31
3113,LINK,168,72,app1,1.00001,M.Action,7800,10,32
3114,LINK,317,72,app1,1.00001,M.Action,7800,10,33
3115,LINK,89,72,app1,1.00001,M.Action,7800,10,34
3116,LINK,89,72,app1,1.00001,M.Action,7800,10,35
3117,LINK,168,72,app1,1.00001,M.Action,7800,10,36
3118,LINK,168,72,app1,1.00001,M.Action,7800,10,37
3119,LINK,0,72,app1,1.00001,M.Action,7800,10,38
3120,LINK,198,72,app1,1.00001,M.Action,7800,10,39
3121,LINK,0,72,app1,1.00001,M.Action,7900,10,0
3122,LINK,0,72,app1,1.00001,M.Action,7900,10,1
3123,LINK,317,72,app1,1.00001,M.Action,7900,10,2
3124,LINK,51,72,app1,1.00001,M.Action,7900,10,3
3125,LINK,317,72,app1,1.00001,M.Action,7900,10,4
3126,LINK,0,72,app1,1.00001,M.Action,7900,10,5
3127,LINK,51,72,app1,1.00001,M.Action,7900,10,6
3128,LINK,198,72,app1,1.00001,M.Action,7900,10,7
3129,LINK,51,72,app1,1.00001,M.Action,7900,10,8
3130,LINK,89,72,app1,1.00001,M.Action,7900,10,9
3131,LINK,0,72,app1,1.00001,M.Action,7900,10,10
3132,LINK,0,72,app1,1.00001,M.Action,7900,10,11
3133,LINK,198,72,app1,1.00001,M.Action,7900,10,12
3134,LINK,89,72,app1,1.00001,M.Action,7900,10,13
3135,LINK,89,72,app1,1.00001,M.Action,7900,10,14
3136,LINK,0,72,app1,1.00001,M.Action,7900,10,15
3137,LINK,128,72,app1,1.00001,M.Action,7900,10,16
3138,LINK,317,72,app1,1.00001,M.Action,7900,10,17
3139,LINK,89,72,app1,1.00001,M.Action,7900,10,18
3140,LINK,51,72,app1,1.00001,M.Action,7900,10,19
3141,LINK,168,72,app1,1.00001,M.Action,7900,10,20
3142,LINK,317,72,app1,1.00001,M.Action,7900,10,21
3143,LINK,198,72,app1,1.00001,M.Action,7900,10,22
3144,LINK,228,72,app1,1.00001,M.Action,7900,10,23
3145,LINK,89,72,app1,1.00001,M.Action,7900,10,24
3146,LINK,0,72,app1,1.00001,M.Action,7900,10,25
3147,LINK,168,72,app1,1.00001,M.Action,7900,10,26
3148,LINK,198,72,app1,1.00001,M.Action,7900,10,27
3149,LINK,198,72,app1,1.00001,M.Action,7900,10,28
3150,LINK,89,72,app1,1.00001,M.Action,7900,10,29
3151,LINK,0,72,app1,1.00001,M.Action,7900,10,30
3152,LINK,51,72,app1,1.00001,M.Action,7900,10,31
3153,LINK,168,72,app1,1.00001,M.Action,7900,10,32
3154,LINK,317,72,app1,1.00001,M.Action,7900,10,33
3155,LINK,89,72,app1,1.00001,M.Action,7900,10,34
3156,LINK,89,72,app1,1.00001,M.Action,7900,10,35
3157,LINK,168,72,app1,1.00001,M.Action,7900,10,36
3158,LINK,168,72,app1,1.00001,M.Action,7900,10,37
3159,LINK,0,72,app1,1.00001,M.Action,7900,10,38
3160,LINK,198,72,app1,1.00001,M.Action,7900,10,39
3161,LINK,0,72,app1,1.00001,M.Action,8000,10,0
3162,LINK,0,72,app1,1.00001,M.Action,8000,10,1
3163,LINK,317,72,app1,1.00001,M.Action,8000,10,2
3164,LINK,51,72,app1,1.00001,M.Action,8000,10,3
3165,LINK,317,72,app1,1.00001,M.Action,8000,10,4
3166,LINK,0,72,app1,1.00001,M.Action,8000,10,5
3167,LINK,51,72,app1,1.00001,M.Action,8000,10,6
3168,LINK,198,72,app1,1.00001,M.Action,8000,10,7
3169,LINK,51,72,app1,1.00001,M.Action,8000,10,8
3170,LINK,89,72,app1,1.00001,M.Action,8000,10,9
3171,LINK,0,72,app1,1.00001,M.Action,8000,10,10
3172,LINK,0,72,app1,1.00001,M.Action,8000,10,11
3173,LINK,198,72,app1,1.00001,M.Action,8000,10,12
3174,LINK,89,72,app1,1.00001,M.Action,8000,10,13
3175,LINK,89,72,app1,1.00001,M.Action,8000,10,14
3176,LINK,0,72,app1,1.00001,M.Action,8000,10,15
3177,LINK,128,72,app1,1.00001,M.Action,8000,10,16
3178,LINK,317,72,app1,1.00001,M.Action,8000,10,17
3179,LINK,89,72,app1,1.00001,M.Action,8000,10,18
3180,LINK,51,72,app1,1.00001,M.Action,8000,10,19
3181,LINK,168,72,app1,1.00001,M.Action,8000,10,20
3182,LINK,317,72,app1,1.00001,M.Action,8000,10,21
3183,LINK,198,72,app1,1.00001,M.Action,8000,10,22
3184,LINK,228,72,app1,1.00001,M.Action,8000,10,23
3185,LINK,89,72,app1,1.00001,M.Action,8000,10,24
3186,LINK,0,72,app1,1.00001,M.Action,8000,10,25
3187,LINK,168,72,app1,1.00001,M.Action,8000,10,26
3188,LINK,198,72,app1,1.00001,M.Action,8000,10,27
3189,LINK,198,72,app1,1.00001,M.Action,8000,10,28
3190,LINK,89,72,app1,1.00001,M.Action,8000,10,29
3191,LINK,0,72,app1,1.00001,M.Action,8000,10,30
3192,LINK,51,72,app1,1.00001,M.Action,8000,10,31
3193,LINK,168,72,app1,1.00001,M.Action,8000,10,32
3194,LINK,317,72,app1,1.00001,M.Action,8000,10,33
3195,LINK,89,72,app1,1.00001,M.Action,8000,10,34
3196,LINK,89,72,app1,1.00001,M.Action,8000,10,35
3197,LINK,168,72,app1,1.00001,M.Action,8000,10,36
3198,LINK,168,72,app1,1.00001,M.Action,8000,10,37
3199,LINK,0,72,app1,1.00001,M.Action,8000,10,38
3200,LINK,198,72,app1,1.00001,M.Action,8000,10,39
3201,LINK,0,72,app1,1.00001,M.Action,8100,10,0
3202,LINK,0,72,app1,1.00001,M.Action,8100,10,1
3203,LINK,317,72,app1,1.00001,M.Action,8100,10,2
3204,LINK,51,72,app1,1.00001,M.Action,8100,10,3
3205,LINK,317,72,app1,1.00001,M.Action,8100,10,4
3206,LINK,0,72,app1,1.00001,M.Action,8100,10,5
3207,LINK,51,72,app1,1.00001,M.Action,8100,10,6
3208,LINK,198,72,app1,1.00001,M.Action,8100,10,7
3209,LINK,51,72,app1,1.00001,M.Action,8100,10,8
3210,LINK,89,72,app1,1.00001,M.Action,8100,10,9
3211,LINK,0,72,app1,1.00001,M.Action,8100,10,10
3212,LINK,0,72,app1,1.00001,M.Action,8100,10,11
3213,LINK,198,72,app1,1.00001,M.Action,8100,10,12
3214,LINK,89,72,app1,1.00001,M.Action,8100,10,13
3215,LINK,89,72,app1,1.00001,M.Action,8100,10,14
3216,LINK,0,72,app1,1.00001,M.Action,8100,10,15
3217,LINK,128,72,app1,1.00001,M.Action,8100,10,16
3218,LINK,317,72,app1,1.00001,M.Action,8100,10,17
3219,LINK,89,72,app1,1.00001,M.Action,8100,10,18
3220,LINK,51,72,app1,1.00001,M.Action,8100,10,19
3221,LINK,168,72,app1,1.00001,M.Action,8100,10,20
3222,LINK,317,72,app1,1.00001,M.Action,8100,10,21
3223,LINK,198,72,app1,1.00001,M.Action,8100,10,22
3224,LINK,228,72,app1,1.00001,M.Action,8100,10,23
3225,LINK,89,72,app1,1.00001,M.Action,8100,10,24
3226,LINK,0,72,app1,1.00001,M.Action,8100,10,25
3227,LINK,168,72,app1,1.00001,M.Action,8100,10,26
3228,LINK,198,72,app1,1.00001,M.Action,8100,10,27
3229,LINK,198,72,app1,1.00001,M.Action,8100,10,28
3230,LINK,89,72,app1,1.00001,M.Action,8100,10,29
3231,LINK,0,72,app1,1.00001,M.Action,8100,10,30
3232,LINK,51,72,app1,1.00001,M.Action,8100,10,31
3233,LINK,168,72,app1,1.00001,M.Action,8100,10,32
3234,LINK,317,72,app1,1.00001,M.Action,8100,10,33
3235,LINK,89,72,app1,1.00001,M.Action,8100,10,34
3236,LINK,89,72,app1,1.00001,M.Action,8100,10,35
3237,LINK,168,72,app1,1.00001,M.Action,8100,10,36
3238,LINK,168,72,app1,1.00001,M.Action,8100,10,37
3239,LINK,0,72,app1,1.00001,M.Action,8100,10,38
3240,LINK,198,72,app1,1.00001,M.Action,8100,10,39
3241,LINK,0,72,app1,1.00001,M.Action,8200,10,0
3242,LINK,0,72,app1,1.00001,M.Action,8200,10,1
3243,LINK,317,72,app1,1.00001,M.Action,8200,10,2
3244,LINK,51,72,app1,1.00001,M.Action,8200,10,3
3245,LINK,317,72,app1,1.00001,M.Action,8200,10,4
3246,LINK,0,72,app1,1.00001,M.Action,8200,10,5
3247,LINK,51,72,app1,1.00001,M.Action,8200,10,6
3248,LINK,198,72,app1,1.00001,M.Action,8200,10,7
3249,LINK,51,72,app1,1.00001,M.Action,8200,10,8
3250,LINK,89,72,app1,1.00001,M.Action,8200,10,9
3251,LINK,0,72,app1,1.00001,M.Action,8200,10,10
3252,LINK,0,72,app1,1.00001,M.Action,8200,10,11
3253,LINK,198,72,app1,1.00001,M.Action,8200,10,12
3254,LINK,89,72,app1,1.00001,M.Action,8200,10,13
3255,LINK,89,72,app1,1.00001,M.Action,8200,10,14
3256,LINK,0,72,app1,1.00001,M.Action,8200,10,15
3257,LINK,128,72,app1,1.00001,M.Action,8200,10,16
3258,LINK,317,72,app1,1.00001,M.Action,8200,10,17
3259,LINK,89,72,app1,1.00001,M.Action,8200,10,18
3260,LINK,51,72,app1,1.00001,M.Action,8200,10,19
3261,LINK,168,72,app1,1.00001,M.Action,8200,10,20
3262,LINK,317,72,app1,1.00001,M.Action,8200,10,21
3263,LINK,198,72,app1,1.00001,M.Action,8200,10,22
3264,LINK,228,72,app1,1.00001,M.Action,8200,10,23
3265,LINK,89,72,app1,1.00001,M.Action,8200,10,24
3266,LINK,0,72,app1,1.00001,M.Action,8200,10,25
3267,LINK,168,72,app1,1.00001,M.Action,8200,10,26
3268,LINK,198,72,app1,1.00001,M.Action,8200,10,27
3269,LINK,198,72,app1,1.00001,M.Action,8200,10,28
3270,LINK,89,72,app1,1.00001,M.Action,8200,10,29
3271,LINK,0,72,app1,1.00001,M.Action,8200,10,30
3272,LINK,51,72,app1,1.00001,M.Action,8200,10,31
3273,LINK,168,72,app1,1.00001,M.Action,8200,10,32
3274,LINK,317,72,app1,1.00001,M.Action,8200,10,33
3275,LINK,89,72,app1,1.00001,M.Action,8200,10,34
3276,LINK,89,72,app1,1.00001,M.Action,8200,10,35
3277,LINK,168,72,app1,1.00001,M.Action,8200,10,36
3278,LINK,168,72,app1,1.00001,M.Action,8200,10,37
3279,LINK,0,72,app1,1.00001,M.Action,8200,10,38
3280,LINK,198,72,app1,1.00001,M.Action,8200,10,39
3281,LINK,0,72,app1,1.00001,M.Action,8300,10,0
3282,LINK,0,72,app1,1.00001,M.Action,8300,10,1
3283,LINK,317,72,app1,1.00001,M.Action,8300,10,2
3284,LINK,51,72,app1,1.00001,M.Action,8300,10,3
3285,LINK,317,72,app1,1.00001,M.Action,8300,10,4
3286,LINK,0,72,app1,1.00001,M.Action,8300,10,5
3287,LINK,51,72,app1,1.00001,M.Action,8300,10,6
3288,LINK,198,72,app1,1.00001,M.Action,8300,10,7
3289,LINK,51,72,app1,1.00001,M.Action,8300,10,8
3290,LINK,89,72,app1,1.00001,M.Action,8300,10,9
3291,LINK,0,72,app1,1.00001,M.Action,8300,10,10
3292,LINK,0,72,app1,1.00001,M.Action,8300,10,11
3293,LINK,198,72,app1,1.00001,M.Action,8300,10,12
3294,LINK,89,72,app1,1.00001,M.Action,8300,10,13
3295,LINK,89,72,app1,1.00001,M.Action,8300,10,14
3296,LINK,0,72,app1,1.00001,M.Action,8300,10,15
3297,LINK,128,72,app1,1.00001,M.Action,8300,10,16
3298,LINK,317,72,app1,1.00001,M.Action,8300,10,17
3299,LINK,89,72,app1,1.00001,M.Action,8300,10,18
3300,LINK,51,72,app1,1.00001,M.Action,8300,10,19
3301,LINK,168,72,app1,1.00001,M.Action,8300,10,20
3302,LINK,317,72,app1,1.00001,M.Action,8300,10,21
3303,LINK,198,72,app1,1.00001,M.Action,8300,10,22
3304,LINK,228,72,app1,1.00001,M.Action,8300,10,23
3305,LINK,89,72,app1,1.00001,M.Action,8300,10,24
3306,LINK,0,72,app1,1.00001,M.Action,8300,10,25
3307,LINK,168,72,app1,1.00001,M.Action,8300,10,26
3308,LINK,198,72,app1,1.00001,M.Action,8300,10,27
3309,LINK,198,72,app1,1.00001,M.Action,8300,10,28
3310,LINK,89,72,app1,1.00001,M.Action,8300,10,29
3311,LINK,0,72,app1,1.00001,M.Action,8300,10,30
3312,LINK,51,72,app1,1.00001,M.Action,8300,10,31
3313,LINK,168,72,app1,1.00001,M.Action,8300,10,32
3314,LINK,317,72,app1,1.00001,M.Action,8300,10,33
3315,LINK,89,72,app1,1.00001,M.Action,8300,10,34
3316,LINK,89,72,app1,1.00001,M.Action,8300,10,35
3317,LINK,168,72,app1,1.00001,M.Action,8300,10,36
3318,LINK,168,72,app1,1.00001,M.Action,8300,10,37
3319,LINK,0,72,app1,1.00001,M.Action,8300,10,38
3320,LINK,198,72,app1,1.00001,M.Action,8300,10,39
3321,LINK,0,72,app1,1.00001,M.Action,8400,10,0
3322,LINK,0,72,app1,1.00001,M.Action,8400,10,1
3323,LINK,317,72,app1,1.00001,M.Action,8400,10,2
3324,LINK,51,72,app1,1.00001,M.Action,8400,10,3
3325,LINK,317,72,app1,1.00001,M.Action,8400,10,4
3326,LINK,0,72,app1,1.00001,M.Action,8400,10,5
3327,LINK,51,72,app1,1.00001,M.Action,8400,10,6
3328,LINK,198,72,app1,1.00001,M.Action,8400,10,7
3329,LINK,51,72,app1,1.00001,M.Action,8400,10,8
3330,LINK,89,72,app1,1.00001,M.Action,8400,10,9
3331,LINK,0,72,app1,1.00001,M.Action,8400,10,10
3332,LINK,0,72,app1,1.00001,M.Action,8400,10,11
3333,LINK,198,72,app1,1.00001,M.Action,8400,10,12
3334,LINK,89,72,app1,1.00001,M.Action,8400,10,13
3335,LINK,89,72,app1,1.00001,M.Action,8400,10,14
3336,LINK,0,72,app1,1.00001,M.Action,8400,10,15
3337,LINK,128,72,app1,1.00001,M.Action,8400,10,16
3338,LINK,317,72,app1,1.00001,M.Action,8400,10,17
3339,LINK,89,72,app1,1.00001,M.Action,8400,10,18
3340,LINK,51,72,app1,1.00001,M.Action,8400,10,19
3341,LINK,168,72,app1,1.00001,M.Action,8400,10,20
3342,LINK,317,72,app1,1.00001,M.Action,8400,10,21
3343,LINK,198,72,app1,1.00001,M.Action,8400,10,22
3344,LINK,228,72,app1,1.00001,M.Action,8400,10,23
3345,LINK,89,72,app1,1.00001,M.Action,8400,10,24
3346,LINK,0,72,app1,1.00001,M.Action,8400,10,25
3347,LINK,168,72,app1,1.00001,M.Action,8400,10,26
3348,LINK,198,72,app1,1.00001,M.Action,8400,10,27
3349,LINK,198,72,app1,1.00001,M.Action,8400,10,28
3350,LINK,89,72,app1,1.00001,M.Action,8400,10,29
3351,LINK,0,72,app1,1.00001,M.Action,8400,10,30
3352,LINK,51,72,app1,1.00001,M.Action,8400,10,31
3353,LINK,168,72,app1,1.00001,M.Action,8400,10,32
3354,LINK,317,72,app1,1.00001,M.Action,8400,10,33
3355,LINK,89,72,app1,1.00001,M.Action,8400,10,34
3356,LINK,89,72,app1,1.00001,M.Action,8400,10,35
3357,LINK,168,72,app1,1.00001,M.Action,8400,10,36
3358,LINK,168,72,app1,1.00001,M.Action,8400,10,37
3359,LINK,0,72,app1,1.00001,M.Action,8400,10,38
3360,LINK,198,72,app1,1.00001,M.Action,8400,10,39
3361,LINK,0,72,app1,1.00001,M.Action,8500,10,0
3362,LINK,0,72,app1,1.00001,M.Action,8500,10,1
3363,LINK,317,72,app1,1.00001,M.Action,8500,10,2
3364,LINK,51,72,app1,1.00001,M.Action,8500,10,3
3365,LINK,317,72,app1,1.00001,M.Action,8500,10,4
3366,LINK,0,72,app1,1.00001,M.Action,8500,10,5
3367,LINK,51,72,app1,1.00001,M.Action,8500,10,6
3368,LINK,198,72,app1,1.00001,M.Action,8500,10,7
3369,LINK,51,72,app1,1.00001,M.Action,8500,10,8
3370,LINK,89,72,app1,1.00001,M.Action,8500,10,9
3371,LINK,0,72,app1,1.00001,M.Action,8500,10,10
3372,LINK,0,72,app1,1.00001,M.Action,8500,10,11
3373,LINK,198,72,app1,1.00001,M.Action,8500,10,12
3374,LINK,89,72,app1,1.00001,M.Action,8500,10,13
3375,LINK,89,72,app1,1.00001,M.Action,8500,10,14
3376,LINK,0,72,app1,1.00001,M.Action,8500,10,15
3377,LINK,128,72,app1,1.00001,M.Action,8500,10,16
3378,LINK,317,72,app1,1.00001,M.Action,8500,10,17
3379,LINK,89,72,app1,1.00001,M.Action,8500,10,18
3380,LINK,51,72,app1,1.00001,M.Action,8500,10,19
3381,LINK,168,72,app1,1.00001,M.Action,8500,10,20
3382,LINK,317,72,app1,1.00001,M.Action,8500,10,21
3383,LINK,198,72,app1,1.00001,M.Action,8500,10,22
3384,LINK,228,72,app1,1.00001,M.Action,8500,10,23
3385,LINK,89,72,app1,1.00001,M.Action,8500,10,24
3386,LINK,0,72,app1,1.00001,M.Action,8500,10,25
3387,LINK,168,72,app1,1.00001,M.Action,8500,10,26
3388,LINK,198,72,app1,1.00001,M.Action,8500,10,27
3389,LINK,198,72,app1,1.00001,M.Action,8500,10,28
3390,LINK,89,72,app1,1.00001,M.Action,8500,10,29
3391,LINK,0,72,app1,1.00001,M.Action,8500,10,30
3392,LINK,51,72,app1,1.00001,M.Action,8500,10,31
3393,LINK,168,72,app1,1.00001,M.Action,8500,10,32
3394,LINK,317,72,app1,1.00001,M.Action,8500,10,33
3395,LINK,89,72,app1,1.00001,M.Action,8500,10,34
3396,LINK,89,72,app1,1.00001,M.Action,8500,10,35
3397,LINK,168,72,app1,1.00001,M.Action,8500,10,36
3398,LINK,168,72,app1,1.00001,M.Action,8500,10,37
3399,LINK,0,72,app1,1.00001,M.Action,8500,10,38
3400,LINK,198,72,app1,1.00001,M.Action,8500,10,39
3401,LINK,0,72,app1,1.00001,M.Action,8600,10,0
3402,LINK,0,72,app1,1.00001,M.Action,8600,10,1
3403,LINK,317,72,app1,1.00001,M.Action,8600,10,2
3404,LINK,51,72,app1,1.00001,M.Action,8600,10,3
3405,LINK,317,72,app1,1.00001,M.Action,8600,10,4
3406,LINK,0,72,app1,1.00001,M.Action,8600,10,5
3407,LINK,51,72,app1,1.00001,M.Action,8600,10,6
3408,LINK,198,72,app1,1.00001,M.Action,8600,10,7
3409,LINK,51,72,app1,1.00001,M.Action,8600,10,8
3410,LINK,89,72,app1,1.00001,M.Action,8600,10,9
3411,LINK,0,72,app1,1.00001,M.Action,8600,10,10
3412,LINK,0,72,app1,1.00001,M.Action,8600,10,11
3413,LINK,198,72,app1,1.00001,M.Action,8600,10,12
3414,LINK,89,72,app1,1.00001,M.Action,8600,10,13
3415,LINK,89,72,app1,1.00001,M.Action,8600,10,14
3416,LINK,0,72,app1,1.00001,M.Action,8600,10,15
3417,LINK,128,72,app1,1.00001,M.Action,8600,10,16
3418,LINK,317,72,app1,1.00001,M.Action,8600,10,17
3419,LINK,89,72,app1,1.00001,M.Action,8600,10,18
3420,LINK,51,72,app1,1.00001,M.Action,8600,10,19
3421,LINK,168,72,app1,1.00001,M.Action,8600,10,20
3422,LINK,317,72,app1,1.00001,M.Action,8600,10,21
3423,LINK,198,72,app1,1.00001,M.Action,8600,10,22
3424,LINK,228,72,app1,1.00001,M.Action,8600,10,23
3425,LINK,89,72,app1,1.00001,M.Action,8600,10,24
3426,LINK,0,72,app1,1.00001,M.Action,8600,10,25
3427,LINK,168,72,app1,1.00001,M.Action,8600,10,26
3428,LINK,198,72,app1,1.00001,M.Action,8600,10,27
3429,LINK,198,72,app1,1.00001,M.Action,8600,10,28
3430,LINK,89,72,app1,1.00001,M.Action,8600,10,29
3431,LINK,0,72,app1,1.00001,M.Action,8600,10,30
3432,LINK,51,72,app1,1.00001,M.Action,8600,10,31
3433,LINK,168,72,app1,1.00001,M.Action,8600,10,32
3434,LINK,317,72,app1,1.00001,M.Action,8600,10,33
3435,LINK,89,72,app1,1.00001,M.Action,8600,10,34
3436,LINK,89,72,app1,1.00001,M.Action,8600,10,35
3437,LINK,168,72,app1,1.00001,M.Action,8600,10,36
3438,LINK,168,72,app1,1.00001,M.Action,8600,10,37
3439,LINK,0,72,app1,1.00001,M.Action,8600,10,38
3440,LINK,198,72,app1,1.00001,M.Action,8600,10,39
3441,LINK,0,72,app1,1.00001,M.Action,8700,10,0
3442,LINK,0,72,app1,1.00001,M.Action,8700,10,1
3443,LINK,317,72,app1,1.00001,M.Action,8700,10,2
3444,LINK,51,72,app1,1.00001,M.Action,8700,10,3
3445,LINK,317,72,app1,1.00001,M.Action,8700,10,4
3446,LINK,0,72,app1,1.00001,M.Action,8700,10,5
3447,LINK,51,72,app1,1.00001,M.Action,8700,10,6
3448,LINK,198,72,app1,1.00001,M.Action,8700,10,7
3449,LINK,51,72,app1,1.00001,M.Action,8700,10,8
3450,LINK,89,72,app1,1.00001,M.Action,8700,10,9
3451,LINK,0,72,app1,1.00001,M.Action,8700,10,10
3452,LINK,0,72,app1,1.00001,M.Action,8700,10,11
3453,LINK,198,72,app1,1.00001,M.Action,8700,10,12
3454,LINK,89,72,app1,1.00001,M.Action,8700,10,13
3455,LINK,89,72,app1,1.00001,M.Action,8700,10,14
3456,LINK,0,72,app1,1.00001,M.Action,8700,10,15
3457,LINK,128,72,app1,1.00001,M.Action,8700,10,16
3458,LINK,317,72,app1,1.00001,M.Action,8700,10,17
3459,LINK,89,72,app1,1.00001,M.Action,8700,10,18
3460,LINK,51,72,app1,1.00001,M.Action,8700,10,19
3461,LINK,168,72,app1,1.00001,M.Action,8700,10,20
3462,LINK,317,72,app1,1.00001,M.Action,8700,10,21
3463,LINK,198,72,app1,1.00001,M.Action,8700,10,22
3464,LINK,228,72,app1,1.00001,M.Action,8700,10,23
3465,LINK,89,72,app1,1.00001,M.Action,8700,10,24
3466,LINK,0,72,app1,1.00001,M.Action,8700,10,25
3467,LINK,168,72,app1,1.00001,M.Action,8700,10,26
3468,LINK,198,72,app1,1.00001,M.Action,8700,10,27
3469,LINK,198,72,app1,1.00001,M.Action,8700,10,28
3470,LINK,89,72,app1,1.00001,M.Action,8700,10,29
3471,LINK,0,72,app1,1.00001,M.Action,8700,10,30
3472,LINK,51,72,app1,1.00001,M.Action,8700,10,31
3473,LINK,168,72,app1,1.00001,M.Action,8700,10,32
3474,LINK,317,72,app1,1.00001,M.Action,8700,10,33
3475,LINK,89,72,app1,1.00001,M.Action,8700,10,34
3476,LINK,89,72,app1,1.00001,M.Action,8700,10,35
3477,LINK,168,72,app1,1.00001,M.Action,8700,10,36
3478,LINK,168,72,app1,1.00001,M.Action,8700,10,37
3479,LINK,0,72,app1,1.00001,M.Action,8700,10,38
3480,LINK,198,72,app1,1.00001,M.Action,8700,10,39
3481,LINK,0,72,app1,1.00001,M.Action,8800,10,0
3482,LINK,0,72,app1,1.00001,M.Action,8800,10,1
3483,LINK,317,72,app1,1.00001,M.Action,8800,10,2
3484,LINK,51,72,app1,1.00001,M.Action,8800,10,3
3485,LINK,317,72,app1,1.00001,M.Action,8800,10,4
3486,LINK,0,72,app1,1.00001,M.Action,8800,10,5
3487,LINK,51,72,app1,1.00001,M.Action,8800,10,6
3488,LINK,198,72,app1,1.00001,M.Action,8800,10,7
3489,LINK,51,72,app1,1.00001,M.Action,8800,10,8
3490,LINK,89,72,app1,1.00001,M.Action,8800,10,9
3491,LINK,0,72,app1,1.00001,M.Action,8800,10,10
3492,LINK,0,72,app1,1.00001,M.Action,8800,10,11
3493,LINK,198,72,app1,1.00001,M.Action,8800,10,12
3494,LINK,89,72,app1,1.00001,M.Action,8800,10,13
3495,LINK,89,72,app1,1.00001,M.Action,8800,10,14
3496,LINK,0,72,app1,1.00001,M.Action,8800,10,15
3497,LINK,128,72,app1,1.00001,M.Action,8800,10,16
3498,LINK,317,72,app1,1.00001,M.Action,8800,10,17
3499,LINK,89,72,app1,1.00001,M.Action,8800,10,18
3500,LINK,51,72,app1,1.00001,M.Action,8800,10,19
3501,LINK,168,72,app1,1.00001,M.Action,8800,10,20
3502,LINK,317,72,app1,1.00001,M.Action,8800,10,21
3503,LINK,198,72,app1,1.00001,M.Action,8800,10,22
3504,LINK,228,72,app1,1.00001,M.Action,8800,10,23
3505,LINK,89,72,app1,1.00001,M.Action,8800,10,24
3506,LINK,0,72,app1,1.00001,M.Action,8800,10,25
3507,LINK,168,72,app1,1.00001,M.Action,8800,10,26
3508,LINK,198,72,app1,1.00001,M.Action,8800,10,27
3509,LINK,198,72,app1,1.00001,M.Action,8800,10,28
3510,LINK,89,72,app1,1.00001,M.Action,8800,10,29
3511,LINK,0,72,app1,1.00001,M.Action,8800,10,30
3512,LINK,51,72,app1,1.00001,M.Action,8800,10,31
3513,LINK,168,72,app1,1.00001,M.Action,8800,10,32
3514,LINK,317,72,app1,1.00001,M.Action,8800,10,33
3515,LINK,89,72,app1,1.00001,M.Action,8800,10,34
3516,LINK,89,72,app1,1.00001,M.Action,8800,10,35
3517,LINK,168,72,app1,1.00001,M.Action,8800,10,36
3518,LINK,168,72,app1,1.00001,M.Action,8800,10,37
3519,LINK,0,72,app1,1.00001,M.Action,8800,10,38
3520,LINK,198,72,app1,1.00001,M.Action,8800,10,39
3521,LINK,0,72,app1,1.00001,M.Action,8900,10,0
3522,LINK,0,72,app1,1.00001,M.Action,8900,10,1
3523,LINK,317,72,app1,1.00001,M.Action,8900,10,2
3524,LINK,51,72,app1,1.00001,M.Action,8900,10,3
3525,LINK,317,72,app1,1.00001,M.Action,8900,10,4
3526,LINK,0,72,app1,1.00001,M.Action,8900,10,5
3527,LINK,51,72,app1,1.00001,M.Action,8900,10,6
3528,LINK,198,72,app1,1.00001,M.Action,8900,10,7
3529,LINK,51,72,app1,1.00001,M.Action,8900,10,8
3530,LINK,89,72,app1,1.00001,M.Action,8900,10,9
3531,LINK,0,72,app1,1.00001,M.Action,8900,10,10
3532,LINK,0,72,app1,1.00001,M.Action,8900,10,11
3533,LINK,198,72,app1,1.00001,M.Action,8900,10,12
3534,LINK,89,72,app1,1.00001,M.Action,8900,10,13
3535,LINK,89,72,app1,1.00001,M.Action,8900,10,14
3536,LINK,0,72,app1,1.00001,M.Action,8900,10,15
3537,LINK,128,72,app1,1.00001,M.Action,8900,10,16
3538,LINK,317,72,app1,1.00001,M.Action,8900,10,17
3539,LINK,89,72,app1,1.00001,M.Action,8900,10,18
3540,LINK,51,72,app1,1.00001,M.Action,8900,10,19
3541,LINK,168,72,app1,1.00001,M.Action,8900,10,20
3542,LINK,317,72,app1,1.00001,M.Action,8900,10,21
3543,LINK,198,72,app1,1.00001,M.Action,8900,10,22
3544,LINK,228,72,app1,1.00001,M.Action,8900,10,23
3545,LINK,89,72,app1,1.00001,M.Action,8900,10,24
3546,LINK,0,72,app1,1.00001,M.Action,8900,10,25
3547,LINK,168,72,app1,1.00001,M.Action,8900,10,26
3548,LINK,198,72,app1,1.00001,M.Action,8900,10,27
3549,LINK,198,72,app1,1.00001,M.Action,8900,10,28
3550,LINK,89,72,app1,1.00001,M.Action,8900,10,29
3551,LINK,0,72,app1,1.00001,M.Action,8900,10,30
3552,LINK,51,72,app1,1.00001,M.Action,8900,10,31
3553,LINK,168,72,app1,1.00001,M.Action,8900,10,32
3554,LINK,317,72,app1,1.00001,M.Action,8900,10,33
3555,LINK,89,72,app1,1.00001,M.Action,8900,10,34
3556,LINK,89,72,app1,1.00001,M.Action,8900,10,35
3557,LINK,168,72,app1,1.00001,M.Action,8900,10,36
3558,LINK,168,72,app1,1.00001,M.Action,8900,10,37
3559,LINK,0,72,app1,1.00001,M.Action,8900,10,38
3560,LINK,198,72,app1,1.00001,M.Action,8900,10,39
3561,LINK,0,72,app1,1.00001,M.Action,9000,10,0
3562,LINK,0,72,app1,1.00001,M.Action,9000,10,1
3563,LINK,317,72,app1,1.00001,M.Action,9000,10,2
3564,LINK,51,72,app1,1.00001,M.Action,9000,10,3
3565,LINK,317,72,app1,1.00001,M.Action,9000,10,4
3566,LINK,0,72,app1,1.00001,M.Action,9000,10,5
3567,LINK,51,72,app1,1.00001,M.Action,9000,10,6
3568,LINK,198,72,app1,1.00001,M.Action,9000,10,7
3569,LINK,51,72,app1,1.00001,M.Action,9000,10,8
3570,LINK,89,72,app1,1.00001,M.Action,9000,10,9
3571,LINK,0,72,app1,1.00001,M.Action,9000,10,10
3572,LINK,0,72,app1,1.00001,M.Action,9000,10,11
3573,LINK,198,72,app1,1.00001,M.Action,9000,10,12
3574,LINK,89,72,app1,1.00001,M.Action,9000,10,13
3575,LINK,89,72,app1,1.00001,M.Action,9000,10,14
3576,LINK,0,72,app1,1.00001,M.Action,9000,10,15
3577,LINK,128,72,app1,1.00001,M.Action,9000,10,16
3578,LINK,317,72,app1,1.00001,M.Action,9000,10,17
3579,LINK,89,72,app1,1.00001,M.Action,9000,10,18
3580,LINK,51,72,app1,1.00001,M.Action,9000,10,19
3581,LINK,168,72,app1,1.00001,M.Action,9000,10,20
3582,LINK,317,72,app1,1.00001,M.Action,9000,10,21
3583,LINK,198,72,app1,1.00001,M.Action,9000,10,22
3584,LINK,228,72,app1,1.00001,M.Action,9000,10,23
3585,LINK,89,72,app1,1.00001,M.Action,9000,10,24
3586,LINK,0,72,app1,1.00001,M.Action,9000,10,25
3587,LINK,168,72,app1,1.00001,M.Action,9000,10,26
3588,LINK,198,72,app1,1.00001,M.Action,9000,10,27
3589,LINK,198,72,app1,1.00001,M.Action,9000,10,28
3590,LINK,89,72,app1,1.00001,M.Action,9000,10,29
3591,LINK,0,72,app1,1.00001,M.Action,9000,10,30
3592,LINK,51,72,app1,1.00001,M.Action,9000,10,31
3593,LINK,168,72,app1,1.00001,M.Action,9000,10,32
3594,LINK,317,72,app1,1.00001,M.Action,9000,10,33
3595,LINK,89,72,app1,1.00001,M.Action,9000,10,34
3596,LINK,89,72,app1,1.00001,M.Action,9000,10,35
3597,LINK,168,72,app1,1.00001,M.Action,9000,10,36
3598,LINK,168,72,app1,1.00001,M.Action,9000,10,37
3599,LINK,0,72,app1,1.00001,M.Action,9000,10,38
3600,LINK,198,72,app1,1.00001,M.Action,9000,10,39
3601,LINK,0,72,app1,1.00001,M.Action,9100,10,0
3602,LINK,0,72,app1,1.00001,M.Action,9100,10,1
3603,LINK,317,72,app1,1.00001,M.Action,9100,10,2
3604,LINK,51,72,app1,1.00001,M.Action,9100,10,3
3605,LINK,317,72,app1,1.00001,M.Action,9100,10,4
3606,LINK,0,72,app1,1.00001,M.Action,9100,10,5
3607,LINK,51,72,app1,1.00001,M.Action,9100,10,6
3608,LINK,198,72,app1,1.00001,M.Action,9100,10,7
3609,LINK,51,72,app1,1.00001,M.Action,9100,10,8
3610,LINK,89,72,app1,1.00001,M.Action,9100,10,9
3611,LINK,0,72,app1,1.00001,M.Action,9100,10,10
3612,LINK,0,72,app1,1.00001,M.Action,9100,10,11
3613,LINK,198,72,app1,1.00001,M.Action,9100,10,12
3614,LINK,89,72,app1,1.00001,M.Action,9100,10,13
3615,LINK,89,72,app1,1.00001,M.Action,9100,10,14
3616,LINK,0,72,app1,1.00001,M.Action,9100,10,15
3617,LINK,128,72,app1,1.00001,M.Action,9100,10,16
3618,LINK,317,72,app1,1.00001,M.Action,9100,10,17
3619,LINK,89,72,app1,1.00001,M.Action,9100,10,18
3620,LINK,51,72,app1,1.00001,M.Action,9100,10,19
3621,LINK,168,72,app1,1.00001,M.Action,9100,10,20
3622,LINK,317,72,app1,1.00001,M.Action,9100,10,21
3623,LINK,198,72,app1,1.00001,M.Action,9100,10,22
3624,LINK,228,72,app1,1.00001,M.Action,9100,10,23
3625,LINK,89,72,app1,1.00001,M.Action,9100,10,24
3626,LINK,0,72,app1,1.00001,M.Action,9100,10,25
3627,LINK,168,72,app1,1.00001,M.Action,9100,10,26
3628,LINK,198,72,app1,1.00001,M.Action,9100,10,27
3629,LINK,198,72,app1,1.00001,M.Action,9100,10,28
3630,LINK,89,72,app1,1.00001,M.Action,9100,10,29
3631,LINK,0,72,app1,1.00001,M.Action,9100,10,30
3632,LINK,51,72,app1,1.00001,M.Action,9100,10,31
3633,LINK,168,72,app1,1.00001,M.Action,9100,10,32
3634,LINK,317,72,app1,1.00001,M.Action,9100,10,33
3635,LINK,89,72,app1,1.00001,M.Action,9100,10,34
3636,LINK,89,72,app1,1.00001,M.Action,9100,10,35
3637,LINK,168,72,app1,1.00001,M.Action,9100,10,36
3638,LINK,168,72,app1,1.00001,M.Action,9100,10,37
3639,LINK,0,72,app1,1.00001,M.Action,9100,10,38
3640,LINK,198,72,app1,1.00001,M.Action,9100,10,39
3641,LINK,0,72,app1,1.00001,M.Action,9200,10,0
3642,LINK,0,72,app1,1.00001,M.Action,9200,10,1
3643,LINK,317,72,app1,1.00001,M.Action,9200,10,2
3644,LINK,51,72,app1,1.00001,M.Action,9200,10,3
3645,LINK,317,72,app1,1.00001,M.Action,9200,10,4
3646,LINK,0,72,app1,1.00001,M.Action,9200,10,5
3647,LINK,51,72,app1,1.00001,M.Action,9200,10,6
3648,LINK,198,72,app1,1.00001,M.Action,9200,10,7
3649,LINK,51,72,app1,1.00001,M.Action,9200,10,8
3650,LINK,89,72,app1,1.00001,M.Action,9200,10,9
3651,LINK,0,72,app1,1.00001,M.Action,9200,10,10
3652,LINK,0,72,app1,1.00001,M.Action,9200,10,11
3653,LINK,198,72,app1,1.00001,M.Action,9200,10,12
3654,LINK,89,72,app1,1.00001,M.Action,9200,10,13
3655,LINK,89,72,app1,1.00001,M.Action,9200,10,14
3656,LINK,0,72,app1,1.00001,M.Action,9200,10,15
3657,LINK,128,72,app1,1.00001,M.Action,9200,10,16
3658,LINK,317,72,app1,1.00001,M.Action,9200,10,17
3659,LINK,89,72,app1,1.00001,M.Action,9200,10,18
3660,LINK,51,72,app1,1.00001,M.Action,9200,10,19
3661,LINK,168,72,app1,1.00001,M.Action,9200,10,20
3662,LINK,317,72,app1,1.00001,M.Action,9200,10,21
3663,LINK,198,72,app1,1.00001,M.Action,9200,10,22
3664,LINK,228,72,app1,1.00001,M.Action,9200,10,23
3665,LINK,89,72,app1,1.00001,M.Action,9200,10,24
3666,LINK,0,72,app1,1.00001,M.Action,9200,10,25
3667,LINK,168,72,app1,1.00001,M.Action,9200,10,26
3668,LINK,198,72,app1,1.00001,M.Action,9200,10,27
3669,LINK,198,72,app1,1.00001,M.Action,9200,10,28
3670,LINK,89,72,app1,1.00001,M.Action,9200,10,29
3671,LINK,0,72,app1,1.00001,M.Action,9200,10,30
3672,LINK,51,72,app1,1.00001,M.Action,9200,10,31
3673,LINK,168,72,app1,1.00001,M.Action,9200,10,32
3674,LINK,317,72,app1,1.00001,M.Action,9200,10,33
3675,LINK,89,72,app1,1.00001,M.Action,9200,10,34
3676,LINK,89,72,app1,1.00001,M.Action,9200,10,35
3677,LINK,168,72,app1,1.00001,M.Action,9200,10,36
3678,LINK,168,72,app1,1.00001,M.Action,9200,10,37
3679,LINK,0,72,app1,1.00001,M.Action,9200,10,38
3680,LINK,198,72,app1,1.00001,M.Action,9200,10,39
3681,LINK,0,72,app1,1.00001,M.Action,9300,10,0
3682,LINK,0,72,app1,1.00001,M.Action,9300,10,1
3683,LINK,317,72,app1,1.00001,M.Action,9300,10,2
3684,LINK,51,72,app1,1.00001,M.Action,9300,10,3
3685,LINK,317,72,app1,1.00001,M.Action,9300,10,4
3686,LINK,0,72,app1,1.00001,M.Action,9300,10,5
3687,LINK,51,72,app1,1.00001,M.Action,9300,10,6
3688,LINK,198,72,app1,1.00001,M.Action,9300,10,7
3689,LINK,51,72,app1,1.00001,M.Action,9300,10,8
3690,LINK,89,72,app1,1.00001,M.Action,9300,10,9
3691,LINK,0,72,app1,1.00001,M.Action,9300,10,10
3692,LINK,0,72,app1,1.00001,M.Action,9300,10,11
3693,LINK,198,72,app1,1.00001,M.Action,9300,10,12
3694,LINK,89,72,app1,1.00001,M.Action,9300,10,13
3695,LINK,89,72,app1,1.00001,M.Action,9300,10,14
3696,LINK,0,72,app1,1.00001,M.Action,9300,10,15
3697,LINK,128,72,app1,1.00001,M.Action,9300,10,16
3698,LINK,317,72,app1,1.00001,M.Action,9300,10,17
3699,LINK,89,72,app1,1.00001,M.Action,9300,10,18
3700,LINK,51,72,app1,1.00001,M.Action,9300,10,19
3701,LINK,168,72,app1,1.00001,M.Action,9300,10,20
3702,LINK,317,72,app1,1.00001,M.Action,9300,10,21
3703,LINK,198,72,app1,1.00001,M.Action,9300,10,22
3704,LINK,228,72,app1,1.00001,M.Action,9300,10,23
3705,LINK,89,72,app1,1.00001,M.Action,9300,10,24
3706,LINK,0,72,app1,1.00001,M.Action,9300,10,25
3707,LINK,168,72,app1,1.00001,M.Action,9300,10,26
3708,LINK,198,72,app1,1.00001,M.Action,9300,10,27
3709,LINK,198,72,app1,1.00001,M.Action,9300,10,28
3710,LINK,89,72,app1,1.00001,M.Action,9300,10,29
3711,LINK,0,72,app1,1.00001,M.Action,9300,10,30
3712,LINK,51,72,app1,1.00001,M.Action,9300,10,31
3713,LINK,168,72,app1,1.00001,M.Action,9300,10,32
3714,LINK,317,72,app1,1.00001,M.Action,9300,10,33
3715,LINK,89,72,app1,1.00001,M.Action,9300,10,34
3716,LINK,89,72,app1,1.00001,M.Action,9300,10,35
3717,LINK,168,72,app1,1.00001,M.Action,9300,10,36
3718,LINK,168,72,app1,1.00001,M.Action,9300,10,37
3719,LINK,0,72,app1,1.00001,M.Action,9300,10,38
3720,LINK,198,72,app1,1.00001,M.Action,9300,10,39
3721,LINK,0,72,app1,1.00001,M.Action,9400,10,0
3722,LINK,0,72,app1,1.00001,M.Action,9400,10,1
3723,LINK,317,72,app1,1.00001,M.Action,9400,10,2
3724,LINK,51,72,app1,1.00001,M.Action,9400,10,3
3725,LINK,317,72,app1,1.00001,M.Action,9400,10,4
3726,LINK,0,72,app1,1.00001,M.Action,9400,10,5
3727,LINK,51,72,app1,1.00001,M.Action,9400,10,6
3728,LINK,198,72,app1,1.00001,M.Action,9400,10,7
3729,LINK,51,72,app1,1.00001,M.Action,9400,10,8
3730,LINK,89,72,app1,1.00001,M.Action,9400,10,9
3731,LINK,0,72,app1,1.00001,M.Action,9400,10,10
3732,LINK,0,72,app1,1.00001,M.Action,9400,10,11
3733,LINK,198,72,app1,1.00001,M.Action,9400,10,12
3734,LINK,89,72,app1,1.00001,M.Action,9400,10,13
3735,LINK,89,72,app1,1.00001,M.Action,9400,10,14
3736,LINK,0,72,app1,1.00001,M.Action,9400,10,15
3737,LINK,128,72,app1,1.00001,M.Action,9400,10,16
3738,LINK,317,72,app1,1.00001,M.Action,9400,10,17
3739,LINK,89,72,app1,1.00001,M.Action,9400,10,18
3740,LINK,51,72,app1,1.00001,M.Action,9400,10,19
3741,LINK,168,72,app1,1.00001,M.Action,9400,10,20
3742,LINK,317,72,app1,1.00001,M.Action,9400,10,21
3743,LINK,198,72,app1,1.00001,M.Action,9400,10,22
3744,LINK,228,72,app1,1.00001,M.Action,9400,10,23
3745,LINK,89,72,app1,1.00001,M.Action,9400,10,24
3746,LINK,0,72,app1,1.00001,M.Action,9400,10,25
3747,LINK,168,72,app1,1.00001,M.Action,9400,10,26
3748,LINK,198,72,app1,1.00001,M.Action,9400,10,27
3749,LINK,198,72,app1,1.00001,M.Action,9400,10,28
3750,LINK,89,72,app1,1.00001,M.Action,9400,10,29
3751,LINK,0,72,app1,1.00001,M.Action,9400,10,30
3752,LINK,51,72,app1,1.00001,M.Action,9400,10,31
3753,LINK,168,72,app1,1.00001,M.Action,9400,10,32
3754,LINK,317,72,app1,1.00001,M.Action,9400,10,33
3755,LINK,89,72,app1,1.00001,M.Action,9400,10,34
3756,LINK,89,72,app1,1.00001,M.Action,9400,10,35
3757,LINK,168,72,app1,1.00001,M.Action,9400,10,36
3758,LINK,168,72,app1,1.00001,M.Action,9400,10,37
3759,LINK,0,72,app1,1.00001,M.Action,9400,10,38
3760,LINK,198,72,app1,1.00001,M.Action,9400,10,39
3761,LINK,0,72,app1,1.00001,M.Action,9500,10,0
3762,LINK,0,72,app1,1.00001,M.Action,9500,10,1
3763,LINK,317,72,app1,1.00001,M.Action,9500,10,2
3764,LINK,51,72,app1,1.00001,M.Action,9500,10,3
3765,LINK,317,72,app1,1.00001,M.Action,9500,10,4
3766,LINK,0,72,app1,1.00001,M.Action,9500,10,5
3767,LINK,51,72,app1,1.00001,M.Action,9500,10,6
3768,LINK,198,72,app1,1.00001,M.Action,9500,10,7
3769,LINK,51,72,app1,1.00001,M.Action,9500,10,8
3770,LINK,89,72,app1,1.00001,M.Action,9500,10,9
3771,LINK,0,72,app1,1.00001,M.Action,9500,10,10
3772,LINK,0,72,app1,1.00001,M.Action,9500,10,11
3773,LINK,198,72,app1,1.00001,M.Action,9500,10,12
3774,LINK,89,72,app1,1.00001,M.Action,9500,10,13
3775,LINK,89,72,app1,1.00001,M.Action,9500,10,14
3776,LINK,0,72,app1,1.00001,M.Action,9500,10,15
3777,LINK,128,72,app1,1.00001,M.Action,9500,10,16
3778,LINK,317,72,app1,1.00001,M.Action,9500,10,17
3779,LINK,89,72,app1,1.00001,M.Action,9500,10,18
3780,LINK,51,72,app1,1.00001,M.Action,9500,10,19
3781,LINK,168,72,app1,1.00001,M.Action,9500,10,20
3782,LINK,317,72,app1,1.00001,M.Action,9500,10,21
3783,LINK,198,72,app1,1.00001,M.Action,9500,10,22
3784,LINK,228,72,app1,1.00001,M.Action,9500,10,23
3785,LINK,89,72,app1,1.00001,M.Action,9500,10,24
3786,LINK,0,72,app1,1.00001,M.Action,9500,10,25
3787,LINK,168,72,app1,1.00001,M.Action,9500,10,26
3788,LINK,198,72,app1,1.00001,M.Action,9500,10,27
3789,LINK,198,72,app1,1.00001,M.Action,9500,10,28
3790,LINK,89,72,app1,1.00001,M.Action,9500,10,29
3791,LINK,0,72,app1,1.00001,M.Action,9500,10,30
3792,LINK,51,72,app1,1.00001,M.Action,9500,10,31
3793,LINK,168,72,app1,1.00001,M.Action,9500,10,32
3794,LINK,317,72,app1,1.00001,M.Action,9500,10,33
3795,LINK,89,72,app1,1.00001,M.Action,9500,10,34
3796,LINK,89,72,app1,1.00001,M.Action,9500,10,35
3797,LINK,168,72,app1,1.00001,M.Action,9500,10,36
3798,LINK,168,72,app1,1.00001,M.Action,9500,10,37
3799,LINK,0,72,app1,1.00001,M.Action,9500,10,38
3800,LINK,198,72,app1,1.00001,M.Action,9500,10,39
3801,LINK,0,72,app1,1.00001,M.Action,9600,10,0
3802,LINK,0,72,app1,1.00001,M.Action,9600,10,1
3803,LINK,317,72,app1,1.00001,M.Action,9600,10,2
3804,LINK,51,72,app1,1.00001,M.Action,9600,10,3
3805,LINK,317,72,app1,1.00001,M.Action,9600,10,4
3806,LINK,0,72,app1,1.00001,M.Action,9600,10,5
3807,LINK,51,72,app1,1.00001,M.Action,9600,10,6
3808,LINK,198,72,app1,1.00001,M.Action,9600,10,7
3809,LINK,51,72,app1,1.00001,M.Action,9600,10,8
3810,LINK,89,72,app1,1.00001,M.Action,9600,10,9
3811,LINK,0,72,app1,1.00001,M.Action,9600,10,10
3812,LINK,0,72,app1,1.00001,M.Action,9600,10,11
3813,LINK,198,72,app1,1.00001,M.Action,9600,10,12
3814,LINK,89,72,app1,1.00001,M.Action,9600,10,13
3815,LINK,89,72,app1,1.00001,M.Action,9600,10,14
3816,LINK,0,72,app1,1.00001,M.Action,9600,10,15
3817,LINK,128,72,app1,1.00001,M.Action,9600,10,16
3818,LINK,317,72,app1,1.00001,M.Action,9600,10,17
3819,LINK,89,72,app1,1.00001,M.Action,9600,10,18
3820,LINK,51,72,app1,1.00001,M.Action,9600,10,19
3821,LINK,168,72,app1,1.00001,M.Action,9600,10,20
3822,LINK,317,72,app1,1.00001,M.Action,9600,10,21
3823,LINK,198,72,app1,1.00001,M.Action,9600,10,22
3824,LINK,228,72,app1,1.00001,M.Action,9600,10,23
3825,LINK,89,72,app1,1.00001,M.Action,9600,10,24
3826,LINK,0,72,app1,1.00001,M.Action,9600,10,25
3827,LINK,168,72,app1,1.00001,M.Action,9600,10,26
3828,LINK,198,72,app1,1.00001,M.Action,9600,10,27
3829,LINK,198,72,app1,1.00001,M.Action,9600,10,28
3830,LINK,89,72,app1,1.00001,M.Action,9600,10,29
3831,LINK,0,72,app1,1.00001,M.Action,9600,10,30
3832,LINK,51,72,app1,1.00001,M.Action,9600,10,31
3833,LINK,168,72,app1,1.00001,M.Action,9600,10,32
3834,LINK,317,72,app1,1.00001,M.Action,9600,10,33
3835,LINK,89,72,app1,1.00001,M.Action,9600,10,34
3836,LINK,89,72,app1,1.00001,M.Action,9600,10,35
3837,LINK,168,72,app1,1.00001,M.Action,9600,10,36
3838,LINK,168,72,app1,1.00001,M.Action,9600,10,37
3839,LINK,0,72,app1,1.00001,M.Action,9600,10,38
3840,LINK,198,72,app1,1.00001,M.Action,9600,10,39
3841,LINK,0,72,app1,1.00001,M.Action,9700,10,0
3842,LINK,0,72,app1,1.00001,M.Action,9700,10,1
3843,LINK,317,72,app1,1.00001,M.Action,9700,10,2
3844,LINK,51,72,app1,1.00001,M.Action,9700,10,3
3845,LINK,317,72,app1,1.00001,M.Action,9700,10,4
3846,LINK,0,72,app1,1.00001,M.Action,9700,10,5
3847,LINK,51,72,app1,1.00001,M.Action,9700,10,6
3848,LINK,198,72,app1,1.00001,M.Action,9700,10,7
3849,LINK,51,72,app1,1.00001,M.Action,9700,10,8
3850,LINK,89,72,app1,1.00001,M.Action,9700,10,9
3851,LINK,0,72,app1,1.00001,M.Action,9700,10,10
3852,LINK,0,72,app1,1.00001,M.Action,9700,10,11
3853,LINK,198,72,app1,1.00001,M.Action,9700,10,12
3854,LINK,89,72,app1,1.00001,M.Action,9700,10,13
3855,LINK,89,72,app1,1.00001,M.Action,9700,10,14
3856,LINK,0,72,app1,1.00001,M.Action,9700,10,15
3857,LINK,128,72,app1,1.00001,M.Action,9700,10,16
3858,LINK,317,72,app1,1.00001,M.Action,9700,10,17
3859,LINK,89,72,app1,1.00001,M.Action,9700,10,18
3860,LINK,51,72,app1,1.00001,M.Action,9700,10,19
3861,LINK,168,72,app1,1.00001,M.Action,9700,10,20
3862,LINK,317,72,app1,1.00001,M.Action,9700,10,21
3863,LINK,198,72,app1,1.00001,M.Action,9700,10,22
3864,LINK,228,72,app1,1.00001,M.Action,9700,10,23
3865,LINK,89,72,app1,1.00001,M.Action,9700,10,24
3866,LINK,0,72,app1,1.00001,M.Action,9700,10,25
3867,LINK,168,72,app1,1.00001,M.Action,9700,10,26
3868,LINK,198,72,app1,1.00001,M.Action,9700,10,27
3869,LINK,198,72,app1,1.00001,M.Action,9700,10,28
3870,LINK,89,72,app1,1.00001,M.Action,9700,10,29
3871,LINK,0,72,app1,1.00001,M.Action,9700,10,30
3872,LINK,51,72,app1,1.00001,M.Action,9700,10,31
3873,LINK,168,72,app1,1.00001,M.Action,9700,10,32
3874,LINK,317,72,app1,1.00001,M.Action,9700,10,33
3875,LINK,89,72,app1,1.00001,M.Action,9700,10,34
3876,LINK,89,72,app1,1.00001,M.Action,9700,10,35
3877,LINK,168,72,app1,1.00001,M.Action,9700,10,36
3878,LINK,168,72,app1,1.00001,M.Action,9700,10,37
3879,LINK,0,72,app1,1.00001,M.Action,9700,10,38
3880,LINK,198,72,app1,1.00001,M.Action,9700,10,39
3881,LINK,0,72,app1,1.00001,M.Action,9800,10,0
3882,LINK,0,72,app1,1.00001,M.Action,9800,10,1
3883,LINK,317,72,app1,1.00001,M.Action,9800,10,2
3884,LINK,51,72,app1,1.00001,M.Action,9800,10,3
3885,LINK,317,72,app1,1.00001,M.Action,9800,10,4
3886,LINK,0,72,app1,1.00001,M.Action,9800,10,5
3887,LINK,51,72,app1,1.00001,M.Action,9800,10,6
3888,LINK,198,72,app1,1.00001,M.Action,9800,10,7
3889,LINK,51,72,app1,1.00001,M.Action,9800,10,8
3890,LINK,89,72,app1,1.00001,M.Action,9800,10,9
3891,LINK,0,72,app1,1.00001,M.Action,9800,10,10
3892,LINK,0,72,app1,1.00001,M.Action,9800,10,11
3893,LINK,198,72,app1,1.00001,M.Action,9800,10,12
3894,LINK,89,72,app1,1.00001,M.Action,9800,10,13
3895,LINK,89,72,app1,1.00001,M.Action,9800,10,14
3896,LINK,0,72,app1,1.00001,M.Action,9800,10,15
3897,LINK,128,72,app1,1.00001,M.Action,9800,10,16
3898,LINK,317,72,app1,1.00001,M.Action,9800,10,17
3899,LINK,89,72,app1,1.00001,M.Action,9800,10,18
3900,LINK,51,72,app1,1.00001,M.Action,9800,10,19
3901,LINK,168,72,app1,1.00001,M.Action,9800,10,20
3902,LINK,317,72,app1,1.00001,M.Action,9800,10,21
3903,LINK,198,72,app1,1.00001,M.Action,9800,10,22
3904,LINK,228,72,app1,1.00001,M.Action,9800,10,23
3905,LINK,89,72,app1,1.00001,M.Action,9800,10,24
3906,LINK,0,72,app1,1.00001,M.Action,9800,10,25
3907,LINK,168,72,app1,1.00001,M.Action,9800,10,26
3908,LINK,198,72,app1,1.00001,M.Action,9800,10,27
3909,LINK,198,72,app1,1.00001,M.Action,9800,10,28
3910,LINK,89,72,app1,1.00001,M.Action,9800,10,29
3911,LINK,0,72,app1,1.00001,M.Action,9800,10,30
3912,LINK,51,72,app1,1.00001,M.Action,9800,10,31
3913,LINK,168,72,app1,1.00001,M.Action,9800,10,32
3914,LINK,317,72,app1,1.00001,M.Action,9800,10,33
3915,LINK,89,72,app1,1.00001,M.Action,9800,10,34
3916,LINK,89,72,app1,1.00001,M.Action,9800,10,35
3917,LINK,168,72,app1,1.00001,M.Action,9800,10,36
3918,LINK,168,72,app1,1.00001,M.Action,9800,10,37
3919,LINK,0,72,app1,1.00001,M.Action,9800,10,38
3920,LINK,198,72,app1,1.00001,M.Action,9800,10,39
3921,LINK,0,72,app1,1.00001,M.Action,9900,10,0
3922,LINK,0,72,app1,1.00001,M.Action,9900,10,1
3923,LINK,317,72,app1,1.00001,M.Action,9900,10,2
3924,LINK,51,72,app1,1.00001,M.Action,9900,10,3
3925,LINK,317,72,app1,1.00001,M.Action,9900,10,4
3926,LINK,0,72,app1,1.00001,M.Action,9900,10,5
3927,LINK,51,72,app1,1.00001,M.Action,9900,10,6
3928,LINK,198,72,app1,1.00001,M.Action,9900,10,7
3929,LINK,51,72,app1,1.00001,M.Action,9900,10,8
3930,LINK,89,72,app1,1.00001,M.Action,9900,10,9
3931,LINK,0,72,app1,1.00001,M.Action,9900,10,10
3932,LINK,0,72,app1,1.00001,M.Action,9900,10,11
3933,LINK,198,72,app1,1.00001,M.Action,9900,10,12
3934,LINK,89,72,app1,1.00001,M.Action,9900,10,13
3935,LINK,89,72,app1,1.00001,M.Action,9900,10,14
3936,LINK,0,72,app1,1.00001,M.Action,9900,10,15
3937,LINK,128,72,app1,1.00001,M.Action,9900,10,16
3938,LINK,317,72,app1,1.00001,M.Action,9900,10,17
3939,LINK,89,72,app1,1.00001,M.Action,9900,10,18
3940,LINK,51,72,app1,1.00001,M.Action,9900,10,19
3941,LINK,168,72,app1,1.00001,M.Action,9900,10,20
3942,LINK,317,72,app1,1.00001,M.Action,9900,10,21
3943,LINK,198,72,app1,1.00001,M.Action,9900,10,22
3944,LINK,228,72,app1,1.00001,M.Action,9900,10,23
3945,LINK,89,72,app1,1.00001,M.Action,9900,10,24
3946,LINK,0,72,app1,1.00001,M.Action,9900,10,25
3947,LINK,168,72,app1,1.00001,M.Action,9900,10,26
3948,LINK,198,72,app1,1.00001,M.Action,9900,10,27
3949,LINK,198,72,app1,1.00001,M.Action,9900,10,28
3950,LINK,89,72,app1,1.00001,M.Action,9900,10,29
3951,LINK,0,72,app1,1.00001,M.Action,9900,10,30
3952,LINK,51,72,app1,1.00001,M.Action,9900,10,31
3953,LINK,168,72,app1,1.00001,M.Action,9900,10,32
3954,LINK,317,72,app1,1.00001,M.Action,9900,10,33
3955,LINK,89,72,app1,1.00001,M.Action,9900,10,34
3956,LINK,89,72,app1,1.00001,M.Action,9900,10,35
3957,LINK,168,72,app1,1.00001,M.Action,9900,10,36
3958,LINK,168,72,app1,1.00001,M.Action,9900,10,37
3959,LINK,0,72,app1,1.00001,M.Action,9900,10,38
3960,LINK,198,72,app1,1.00001,M.Action,9900,10,39
