id,type,app,module,message,DES.src,DES.dst,TOPO.src,TOPO.dst,module.src,service,time_in,time_out,time_emit,time_reception
24,SINK_M,app1,Actuator,M.Action,23,63,228,72,Generator,0,101.00001,101.00001,100.0,101.00001
3,SINK_M,app1,Actuator,M.Action,2,42,391,72,Generator,0,102.00002,102.00002,100.0,102.00002
4,SINK_M,app1,Actuator,M.Action,3,43,32,72,Generator,0,103.00003000000001,103.00003000000001,100.0,103.00003000000001
6,SINK_M,app1,Actuator,M.Action,5,45,60,72,Generator,0,103.00003000000001,103.00003000000001,100.0,103.00003000000001
36,SINK_M,app1,Actuator,M.Action,35,75,4,72,Generator,0,103.00003000000001,103.00003000000001,100.0,103.00003000000001
5,SINK_M,app1,Actuator,M.Action,4,44,130,72,Generator,0,104.00004000000001,104.00004000000001,100.0,104.00004000000001
7,SINK_M,app1,Actuator,M.Action,6,46,253,72,Generator,0,104.00004000000001,104.00004000000001,100.0,104.00004000000001
15,SINK_M,app1,Actuator,M.Action,14,54,249,72,Generator,0,104.00004000000001,104.00004000000001,100.0,104.00004000000001
38,SINK_M,app1,Actuator,M.Action,37,77,351,72,Generator,0,104.00004000000001,104.00004000000001,100.0,104.00004000000001
8,SINK_M,app1,Actuator,M.Action,7,47,389,72,Generator,0,105.00005000000002,105.00005000000002,100.0,105.00005000000002
9,SINK_M,app1,Actuator,M.Action,8,48,230,72,Generator,0,105.00005000000002,105.00005000000002,100.0,105.00005000000002
16,SINK_M,app1,Actuator,M.Action,15,55,14,72,Generator,0,105.00005000000002,105.00005000000002,100.0,105.00005000000002
19,SINK_M,app1,Actuator,M.Action,18,58,311,72,Generator,0,105.00005000000002,105.00005000000002,100.0,105.00005000000002
20,SINK_M,app1,Actuator,M.Action,19,59,390,72,Generator,0,106.00006000000002,106.00006000000002,100.0,106.00006000000002
13,SINK_M,app1,Actuator,M.Action,12,52,107,72,Generator,0,106.00006000000002,106.00006000000002,100.0,106.00006000000002
31,SINK_M,app1,Actuator,M.Action,30,70,15,72,Generator,0,106.00006000000002,106.00006000000002,100.0,106.00006000000002
22,SINK_M,app1,Actuator,M.Action,21,61,1,72,Generator,0,106.00006000000002,106.00006000000002,100.0,106.00006000000002
37,SINK_M,app1,Actuator,M.Action,36,76,195,72,Generator,0,106.00006000000002,106.00006000000002,100.0,106.00006000000002
28,SINK_M,app1,Actuator,M.Action,27,67,302,72,Generator,0,107.00007000000002,107.00007000000002,100.0,107.00007000000002
1,SINK_M,app1,Actuator,M.Action,0,40,68,72,Generator,0,107.00007000000002,107.00007000000002,100.0,107.00007000000002
2,SINK_M,app1,Actuator,M.Action,1,41,291,72,Generator,0,107.00007000000002,107.00007000000002,100.0,107.00007000000002
17,SINK_M,app1,Actuator,M.Action,16,56,199,72,Generator,0,107.00007000000002,107.00007000000002,100.0,107.00007000000002
32,SINK_M,app1,Actuator,M.Action,31,71,11,72,Generator,0,107.00007000000002,107.00007000000002,100.0,107.00007000000002
35,SINK_M,app1,Actuator,M.Action,34,74,277,72,Generator,0,107.00007000000002,107.00007000000002,100.0,107.00007000000002
18,SINK_M,app1,Actuator,M.Action,17,57,221,72,Generator,0,108.00008000000003,108.00008000000003,100.0,108.00008000000003
29,SINK_M,app1,Actuator,M.Action,28,68,52,72,Generator,0,108.00008000000003,108.00008000000003,100.0,108.00008000000003
12,SINK_M,app1,Actuator,M.Action,11,51,194,72,Generator,0,108.00008000000003,108.00008000000003,100.0,108.00008000000003
21,SINK_M,app1,Actuator,M.Action,20,60,392,72,Generator,0,108.00008000000003,108.00008000000003,100.0,108.00008000000003
25,SINK_M,app1,Actuator,M.Action,24,64,136,72,Generator,0,108.00008000000003,108.00008000000003,100.0,108.00008000000003
34,SINK_M,app1,Actuator,M.Action,33,73,332,72,Generator,0,109.00009000000003,109.00009000000003,100.0,109.00009000000003
33,SINK_M,app1,Actuator,M.Action,32,72,13,72,Generator,0,109.00009000000003,109.00009000000003,100.0,109.00009000000003
23,SINK_M,app1,Actuator,M.Action,22,62,356,72,Generator,0,109.00009000000003,109.00009000000003,100.0,109.00009000000003
39,SINK_M,app1,Actuator,M.Action,38,78,110,72,Generator,0,109.00009000000003,109.00009000000003,100.0,109.00009000000003
30,SINK_M,app1,Actuator,M.Action,29,69,162,72,Generator,0,109.00009000000003,109.00009000000003,100.0,109.00009000000003
40,SINK_M,app1,Actuator,M.Action,39,79,216,72,Generator,0,110.00010000000003,110.00010000000003,100.0,110.00010000000003
11,SINK_M,app1,Actuator,M.Action,10,50,333,72,Generator,0,110.00010000000003,110.00010000000003,100.0,110.00010000000003
10,SINK_M,app1,Actuator,M.Action,9,49,241,72,Generator,0,110.00010000000003,110.00010000000003,100.0,110.00010000000003
26,SINK_M,app1,Actuator,M.Action,25,65,369,72,Generator,0,110.00010000000003,110.00010000000003,100.0,110.00010000000003
27,SINK_M,app1,Actuator,M.Action,26,66,117,72,Generator,0,111.00011000000003,111.00011000000003,100.0,111.00011000000003
14,SINK_M,app1,Actuator,M.Action,13,53,48,72,Generator,0,112.00012000000004,112.00012000000004,100.0,112.00012000000004
64,SINK_M,app1,Actuator,M.Action,23,63,228,72,Generator,0,201.00001,201.00001,200.0,201.00001
43,SINK_M,app1,Actuator,M.Action,2,42,391,72,Generator,0,202.00002,202.00002,200.0,202.00002
44,SINK_M,app1,Actuator,M.Action,3,43,32,72,Generator,0,203.00003,203.00003,200.0,203.00003
46,SINK_M,app1,Actuator,M.Action,5,45,60,72,Generator,0,203.00003,203.00003,200.0,203.00003
76,SINK_M,app1,Actuator,M.Action,35,75,4,72,Generator,0,203.00003,203.00003,200.0,203.00003
45,SINK_M,app1,Actuator,M.Action,4,44,130,72,Generator,0,204.00004,204.00004,200.0,204.00004
47,SINK_M,app1,Actuator,M.Action,6,46,253,72,Generator,0,204.00004,204.00004,200.0,204.00004
55,SINK_M,app1,Actuator,M.Action,14,54,249,72,Generator,0,204.00004,204.00004,200.0,204.00004
78,SINK_M,app1,Actuator,M.Action,37,77,351,72,Generator,0,204.00004,204.00004,200.0,204.00004
48,SINK_M,app1,Actuator,M.Action,7,47,389,72,Generator,0,205.00005000000002,205.00005000000002,200.0,205.00005000000002
49,SINK_M,app1,Actuator,M.Action,8,48,230,72,Generator,0,205.00005000000002,205.00005000000002,200.0,205.00005000000002
56,SINK_M,app1,Actuator,M.Action,15,55,14,72,Generator,0,205.00005000000002,205.00005000000002,200.0,205.00005000000002
59,SINK_M,app1,Actuator,M.Action,18,58,311,72,Generator,0,205.00005000000002,205.00005000000002,200.0,205.00005000000002
60,SINK_M,app1,Actuator,M.Action,19,59,390,72,Generator,0,206.00006000000002,206.00006000000002,200.0,206.00006000000002
53,SINK_M,app1,Actuator,M.Action,12,52,107,72,Generator,0,206.00006000000002,206.00006000000002,200.0,206.00006000000002
71,SINK_M,app1,Actuator,M.Action,30,70,15,72,Generator,0,206.00006000000002,206.00006000000002,200.0,206.00006000000002
62,SINK_M,app1,Actuator,M.Action,21,61,1,72,Generator,0,206.00006000000002,206.00006000000002,200.0,206.00006000000002
77,SINK_M,app1,Actuator,M.Action,36,76,195,72,Generator,0,206.00006000000002,206.00006000000002,200.0,206.00006000000002
68,SINK_M,app1,Actuator,M.Action,27,67,302,72,Generator,0,207.00007000000002,207.00007000000002,200.0,207.00007000000002
41,SINK_M,app1,Actuator,M.Action,0,40,68,72,Generator,0,207.00007000000002,207.00007000000002,200.0,207.00007000000002
42,SINK_M,app1,Actuator,M.Action,1,41,291,72,Generator,0,207.00007000000002,207.00007000000002,200.0,207.00007000000002
57,SINK_M,app1,Actuator,M.Action,16,56,199,72,Generator,0,207.00007000000002,207.00007000000002,200.0,207.00007000000002
72,SINK_M,app1,Actuator,M.Action,31,71,11,72,Generator,0,207.00007000000002,207.00007000000002,200.0,207.00007000000002
75,SINK_M,app1,Actuator,M.Action,34,74,277,72,Generator,0,207.00007000000002,207.00007000000002,200.0,207.00007000000002
58,SINK_M,app1,Actuator,M.Action,17,57,221,72,Generator,0,208.00008000000003,208.00008000000003,200.0,208.00008000000003
69,SINK_M,app1,Actuator,M.Action,28,68,52,72,Generator,0,208.00008000000003,208.00008000000003,200.0,208.00008000000003
52,SINK_M,app1,Actuator,M.Action,11,51,194,72,Generator,0,208.00008000000003,208.00008000000003,200.0,208.00008000000003
61,SINK_M,app1,Actuator,M.Action,20,60,392,72,Generator,0,208.00008000000003,208.00008000000003,200.0,208.00008000000003
65,SINK_M,app1,Actuator,M.Action,24,64,136,72,Generator,0,208.00008000000003,208.00008000000003,200.0,208.00008000000003
74,SINK_M,app1,Actuator,M.Action,33,73,332,72,Generator,0,209.00009000000003,209.00009000000003,200.0,209.00009000000003
73,SINK_M,app1,Actuator,M.Action,32,72,13,72,Generator,0,209.00009000000003,209.00009000000003,200.0,209.00009000000003
63,SINK_M,app1,Actuator,M.Action,22,62,356,72,Generator,0,209.00009000000003,209.00009000000003,200.0,209.00009000000003
79,SINK_M,app1,Actuator,M.Action,38,78,110,72,Generator,0,209.00009000000003,209.00009000000003,200.0,209.00009000000003
70,SINK_M,app1,Actuator,M.Action,29,69,162,72,Generator,0,209.00009000000003,209.00009000000003,200.0,209.00009000000003
80,SINK_M,app1,Actuator,M.Action,39,79,216,72,Generator,0,210.00010000000003,210.00010000000003,200.0,210.00010000000003
51,SINK_M,app1,Actuator,M.Action,10,50,333,72,Generator,0,210.00010000000003,210.00010000000003,200.0,210.00010000000003
50,SINK_M,app1,Actuator,M.Action,9,49,241,72,Generator,0,210.00010000000003,210.00010000000003,200.0,210.00010000000003
66,SINK_M,app1,Actuator,M.Action,25,65,369,72,Generator,0,210.00010000000003,210.00010000000003,200.0,210.00010000000003
67,SINK_M,app1,Actuator,M.Action,26,66,117,72,Generator,0,211.00011000000003,211.00011000000003,200.0,211.00011000000003
54,SINK_M,app1,Actuator,M.Action,13,53,48,72,Generator,0,212.00012000000004,212.00012000000004,200.0,212.00012000000004
104,SINK_M,app1,Actuator,M.Action,23,63,228,72,Generator,0,301.00001,301.00001,300.0,301.00001
83,SINK_M,app1,Actuator,M.Action,2,42,391,72,Generator,0,302.00001999999995,302.00001999999995,300.0,302.00001999999995
84,SINK_M,app1,Actuator,M.Action,3,43,32,72,Generator,0,303.0000299999999,303.0000299999999,300.0,303.0000299999999
86,SINK_M,app1,Actuator,M.Action,5,45,60,72,Generator,0,303.0000299999999,303.0000299999999,300.0,303.0000299999999
116,SINK_M,app1,Actuator,M.Action,35,75,4,72,Generator,0,303.0000299999999,303.0000299999999,300.0,303.0000299999999
85,SINK_M,app1,Actuator,M.Action,4,44,130,72,Generator,0,304.0000399999999,304.0000399999999,300.0,304.0000399999999
87,SINK_M,app1,Actuator,M.Action,6,46,253,72,Generator,0,304.0000399999999,304.0000399999999,300.0,304.0000399999999
95,SINK_M,app1,Actuator,M.Action,14,54,249,72,Generator,0,304.0000399999999,304.0000399999999,300.0,304.0000399999999
118,SINK_M,app1,Actuator,M.Action,37,77,351,72,Generator,0,304.0000399999999,304.0000399999999,300.0,304.0000399999999
88,SINK_M,app1,Actuator,M.Action,7,47,389,72,Generator,0,305.0000499999999,305.0000499999999,300.0,305.0000499999999
89,SINK_M,app1,Actuator,M.Action,8,48,230,72,Generator,0,305.0000499999999,305.0000499999999,300.0,305.0000499999999
96,SINK_M,app1,Actuator,M.Action,15,55,14,72,Generator,0,305.0000499999999,305.0000499999999,300.0,305.0000499999999
99,SINK_M,app1,Actuator,M.Action,18,58,311,72,Generator,0,305.0000499999999,305.0000499999999,300.0,305.0000499999999
100,SINK_M,app1,Actuator,M.Action,19,59,390,72,Generator,0,306.00005999999985,306.00005999999985,300.0,306.00005999999985
93,SINK_M,app1,Actuator,M.Action,12,52,107,72,Generator,0,306.00005999999985,306.00005999999985,300.0,306.00005999999985
111,SINK_M,app1,Actuator,M.Action,30,70,15,72,Generator,0,306.00005999999985,306.00005999999985,300.0,306.00005999999985
102,SINK_M,app1,Actuator,M.Action,21,61,1,72,Generator,0,306.00005999999985,306.00005999999985,300.0,306.00005999999985
117,SINK_M,app1,Actuator,M.Action,36,76,195,72,Generator,0,306.00005999999985,306.00005999999985,300.0,306.00005999999985
108,SINK_M,app1,Actuator,M.Action,27,67,302,72,Generator,0,307.0000699999998,307.0000699999998,300.0,307.0000699999998
81,SINK_M,app1,Actuator,M.Action,0,40,68,72,Generator,0,307.0000699999998,307.0000699999998,300.0,307.0000699999998
82,SINK_M,app1,Actuator,M.Action,1,41,291,72,Generator,0,307.0000699999998,307.0000699999998,300.0,307.0000699999998
97,SINK_M,app1,Actuator,M.Action,16,56,199,72,Generator,0,307.0000699999998,307.0000699999998,300.0,307.0000699999998
112,SINK_M,app1,Actuator,M.Action,31,71,11,72,Generator,0,307.0000699999998,307.0000699999998,300.0,307.0000699999998
115,SINK_M,app1,Actuator,M.Action,34,74,277,72,Generator,0,307.0000699999998,307.0000699999998,300.0,307.0000699999998
98,SINK_M,app1,Actuator,M.Action,17,57,221,72,Generator,0,308.0000799999998,308.0000799999998,300.0,308.0000799999998
109,SINK_M,app1,Actuator,M.Action,28,68,52,72,Generator,0,308.0000799999998,308.0000799999998,300.0,308.0000799999998
92,SINK_M,app1,Actuator,M.Action,11,51,194,72,Generator,0,308.0000799999998,308.0000799999998,300.0,308.0000799999998
101,SINK_M,app1,Actuator,M.Action,20,60,392,72,Generator,0,308.0000799999998,308.0000799999998,300.0,308.0000799999998
105,SINK_M,app1,Actuator,M.Action,24,64,136,72,Generator,0,308.0000799999998,308.0000799999998,300.0,308.0000799999998
114,SINK_M,app1,Actuator,M.Action,33,73,332,72,Generator,0,309.0000899999998,309.0000899999998,300.0,309.0000899999998
113,SINK_M,app1,Actuator,M.Action,32,72,13,72,Generator,0,309.0000899999998,309.0000899999998,300.0,309.0000899999998
103,SINK_M,app1,Actuator,M.Action,22,62,356,72,Generator,0,309.0000899999998,309.0000899999998,300.0,309.0000899999998
119,SINK_M,app1,Actuator,M.Action,38,78,110,72,Generator,0,309.0000899999998,309.0000899999998,300.0,309.0000899999998
110,SINK_M,app1,Actuator,M.Action,29,69,162,72,Generator,0,309.0000899999998,309.0000899999998,300.0,309.0000899999998
120,SINK_M,app1,Actuator,M.Action,39,79,216,72,Generator,0,310.00009999999975,310.00009999999975,300.0,310.00009999999975
91,SINK_M,app1,Actuator,M.Action,10,50,333,72,Generator,0,310.00009999999975,310.00009999999975,300.0,310.00009999999975
90,SINK_M,app1,Actuator,M.Action,9,49,241,72,Generator,0,310.00009999999975,310.00009999999975,300.0,310.00009999999975
106,SINK_M,app1,Actuator,M.Action,25,65,369,72,Generator,0,310.00009999999975,310.00009999999975,300.0,310.00009999999975
107,SINK_M,app1,Actuator,M.Action,26,66,117,72,Generator,0,311.0001099999997,311.0001099999997,300.0,311.0001099999997
94,SINK_M,app1,Actuator,M.Action,13,53,48,72,Generator,0,312.0001199999997,312.0001199999997,300.0,312.0001199999997
144,SINK_M,app1,Actuator,M.Action,23,63,228,72,Generator,0,401.00001,401.00001,400.0,401.00001
123,SINK_M,app1,Actuator,M.Action,2,42,391,72,Generator,0,402.00001999999995,402.00001999999995,400.0,402.00001999999995
124,SINK_M,app1,Actuator,M.Action,3,43,32,72,Generator,0,403.0000299999999,403.0000299999999,400.0,403.0000299999999
126,SINK_M,app1,Actuator,M.Action,5,45,60,72,Generator,0,403.0000299999999,403.0000299999999,400.0,403.0000299999999
156,SINK_M,app1,Actuator,M.Action,35,75,4,72,Generator,0,403.0000299999999,403.0000299999999,400.0,403.0000299999999
125,SINK_M,app1,Actuator,M.Action,4,44,130,72,Generator,0,404.0000399999999,404.0000399999999,400.0,404.0000399999999
127,SINK_M,app1,Actuator,M.Action,6,46,253,72,Generator,0,404.0000399999999,404.0000399999999,400.0,404.0000399999999
135,SINK_M,app1,Actuator,M.Action,14,54,249,72,Generator,0,404.0000399999999,404.0000399999999,400.0,404.0000399999999
158,SINK_M,app1,Actuator,M.Action,37,77,351,72,Generator,0,404.0000399999999,404.0000399999999,400.0,404.0000399999999
128,SINK_M,app1,Actuator,M.Action,7,47,389,72,Generator,0,405.0000499999999,405.0000499999999,400.0,405.0000499999999
129,SINK_M,app1,Actuator,M.Action,8,48,230,72,Generator,0,405.0000499999999,405.0000499999999,400.0,405.0000499999999
136,SINK_M,app1,Actuator,M.Action,15,55,14,72,Generator,0,405.0000499999999,405.0000499999999,400.0,405.0000499999999
139,SINK_M,app1,Actuator,M.Action,18,58,311,72,Generator,0,405.0000499999999,405.0000499999999,400.0,405.0000499999999
140,SINK_M,app1,Actuator,M.Action,19,59,390,72,Generator,0,406.00005999999985,406.00005999999985,400.0,406.00005999999985
133,SINK_M,app1,Actuator,M.Action,12,52,107,72,Generator,0,406.00005999999985,406.00005999999985,400.0,406.00005999999985
151,SINK_M,app1,Actuator,M.Action,30,70,15,72,Generator,0,406.00005999999985,406.00005999999985,400.0,406.00005999999985
142,SINK_M,app1,Actuator,M.Action,21,61,1,72,Generator,0,406.00005999999985,406.00005999999985,400.0,406.00005999999985
157,SINK_M,app1,Actuator,M.Action,36,76,195,72,Generator,0,406.00005999999985,406.00005999999985,400.0,406.00005999999985
148,SINK_M,app1,Actuator,M.Action,27,67,302,72,Generator,0,407.0000699999998,407.0000699999998,400.0,407.0000699999998
121,SINK_M,app1,Actuator,M.Action,0,40,68,72,Generator,0,407.0000699999998,407.0000699999998,400.0,407.0000699999998
122,SINK_M,app1,Actuator,M.Action,1,41,291,72,Generator,0,407.0000699999998,407.0000699999998,400.0,407.0000699999998
137,SINK_M,app1,Actuator,M.Action,16,56,199,72,Generator,0,407.0000699999998,407.0000699999998,400.0,407.0000699999998
152,SINK_M,app1,Actuator,M.Action,31,71,11,72,Generator,0,407.0000699999998,407.0000699999998,400.0,407.0000699999998
155,SINK_M,app1,Actuator,M.Action,34,74,277,72,Generator,0,407.0000699999998,407.0000699999998,400.0,407.0000699999998
138,SINK_M,app1,Actuator,M.Action,17,57,221,72,Generator,0,408.0000799999998,408.0000799999998,400.0,408.0000799999998
149,SINK_M,app1,Actuator,M.Action,28,68,52,72,Generator,0,408.0000799999998,408.0000799999998,400.0,408.0000799999998
132,SINK_M,app1,Actuator,M.Action,11,51,194,72,Generator,0,408.0000799999998,408.0000799999998,400.0,408.0000799999998
141,SINK_M,app1,Actuator,M.Action,20,60,392,72,Generator,0,408.0000799999998,408.0000799999998,400.0,408.0000799999998
145,SINK_M,app1,Actuator,M.Action,24,64,136,72,Generator,0,408.0000799999998,408.0000799999998,400.0,408.0000799999998
154,SINK_M,app1,Actuator,M.Action,33,73,332,72,Generator,0,409.0000899999998,409.0000899999998,400.0,409.0000899999998
153,SINK_M,app1,Actuator,M.Action,32,72,13,72,Generator,0,409.0000899999998,409.0000899999998,400.0,409.0000899999998
143,SINK_M,app1,Actuator,M.Action,22,62,356,72,Generator,0,409.0000899999998,409.0000899999998,400.0,409.0000899999998
159,SINK_M,app1,Actuator,M.Action,38,78,110,72,Generator,0,409.0000899999998,409.0000899999998,400.0,409.0000899999998
150,SINK_M,app1,Actuator,M.Action,29,69,162,72,Generator,0,409.0000899999998,409.0000899999998,400.0,409.0000899999998
160,SINK_M,app1,Actuator,M.Action,39,79,216,72,Generator,0,410.00009999999975,410.00009999999975,400.0,410.00009999999975
131,SINK_M,app1,Actuator,M.Action,10,50,333,72,Generator,0,410.00009999999975,410.00009999999975,400.0,410.00009999999975
130,SINK_M,app1,Actuator,M.Action,9,49,241,72,Generator,0,410.00009999999975,410.00009999999975,400.0,410.00009999999975
146,SINK_M,app1,Actuator,M.Action,25,65,369,72,Generator,0,410.00009999999975,410.00009999999975,400.0,410.00009999999975
147,SINK_M,app1,Actuator,M.Action,26,66,117,72,Generator,0,411.0001099999997,411.0001099999997,400.0,411.0001099999997
134,SINK_M,app1,Actuator,M.Action,13,53,48,72,Generator,0,412.0001199999997,412.0001199999997,400.0,412.0001199999997
163,SINK_M,app1,Actuator,M.Action,2,42,317,72,Generator,0,501.00001,501.00001,500.0,501.00001
184,SINK_M,app1,Actuator,M.Action,23,63,228,72,Generator,0,501.00001,501.00001,500.0,501.00001
164,SINK_M,app1,Actuator,M.Action,3,43,42,72,Generator,0,502.00001999999995,502.00001999999995,500.0,502.00001999999995
166,SINK_M,app1,Actuator,M.Action,5,45,218,72,Generator,0,502.00001999999995,502.00001999999995,500.0,502.00001999999995
196,SINK_M,app1,Actuator,M.Action,35,75,85,72,Generator,0,502.00001999999995,502.00001999999995,500.0,502.00001999999995
165,SINK_M,app1,Actuator,M.Action,4,44,114,72,Generator,0,503.0000299999999,503.0000299999999,500.0,503.0000299999999
167,SINK_M,app1,Actuator,M.Action,6,46,78,72,Generator,0,503.0000299999999,503.0000299999999,500.0,503.0000299999999
175,SINK_M,app1,Actuator,M.Action,14,54,4,72,Generator,0,503.0000299999999,503.0000299999999,500.0,503.0000299999999
198,SINK_M,app1,Actuator,M.Action,37,77,105,72,Generator,0,503.0000299999999,503.0000299999999,500.0,503.0000299999999
168,SINK_M,app1,Actuator,M.Action,7,47,56,72,Generator,0,504.0000399999999,504.0000399999999,500.0,504.0000399999999
169,SINK_M,app1,Actuator,M.Action,8,48,176,72,Generator,0,504.0000399999999,504.0000399999999,500.0,504.0000399999999
176,SINK_M,app1,Actuator,M.Action,15,55,28,72,Generator,0,504.0000399999999,504.0000399999999,500.0,504.0000399999999
179,SINK_M,app1,Actuator,M.Action,18,58,49,72,Generator,0,504.0000399999999,504.0000399999999,500.0,504.0000399999999
180,SINK_M,app1,Actuator,M.Action,19,59,157,72,Generator,0,505.0000499999999,505.0000499999999,500.0,505.0000499999999
173,SINK_M,app1,Actuator,M.Action,12,52,138,72,Generator,0,505.0000499999999,505.0000499999999,500.0,505.0000499999999
182,SINK_M,app1,Actuator,M.Action,21,61,8,72,Generator,0,505.0000499999999,505.0000499999999,500.0,505.0000499999999
197,SINK_M,app1,Actuator,M.Action,36,76,296,72,Generator,0,505.0000499999999,505.0000499999999,500.0,505.0000499999999
191,SINK_M,app1,Actuator,M.Action,30,70,28,72,Generator,0,506.00005999999985,506.00005999999985,500.0,506.00005999999985
188,SINK_M,app1,Actuator,M.Action,27,67,56,72,Generator,0,506.00005999999985,506.00005999999985,500.0,506.00005999999985
162,SINK_M,app1,Actuator,M.Action,1,41,73,72,Generator,0,506.00005999999985,506.00005999999985,500.0,506.00005999999985
192,SINK_M,app1,Actuator,M.Action,31,71,3,72,Generator,0,506.00005999999985,506.00005999999985,500.0,506.00005999999985
195,SINK_M,app1,Actuator,M.Action,34,74,206,72,Generator,0,506.00005999999985,506.00005999999985,500.0,506.00005999999985
161,SINK_M,app1,Actuator,M.Action,0,40,2,72,Generator,0,507.0000699999998,507.0000699999998,500.0,507.0000699999998
177,SINK_M,app1,Actuator,M.Action,16,56,301,72,Generator,0,507.0000699999998,507.0000699999998,500.0,507.0000699999998
189,SINK_M,app1,Actuator,M.Action,28,68,57,72,Generator,0,507.0000699999998,507.0000699999998,500.0,507.0000699999998
181,SINK_M,app1,Actuator,M.Action,20,60,178,72,Generator,0,507.0000699999998,507.0000699999998,500.0,507.0000699999998
172,SINK_M,app1,Actuator,M.Action,11,51,2,72,Generator,0,508.0000799999998,508.0000799999998,500.0,508.0000799999998
178,SINK_M,app1,Actuator,M.Action,17,57,19,72,Generator,0,508.0000799999998,508.0000799999998,500.0,508.0000799999998
185,SINK_M,app1,Actuator,M.Action,24,64,104,72,Generator,0,508.0000799999998,508.0000799999998,500.0,508.0000799999998
183,SINK_M,app1,Actuator,M.Action,22,62,23,72,Generator,0,508.0000799999998,508.0000799999998,500.0,508.0000799999998
190,SINK_M,app1,Actuator,M.Action,29,69,259,72,Generator,0,508.0000799999998,508.0000799999998,500.0,508.0000799999998
199,SINK_M,app1,Actuator,M.Action,38,78,2,72,Generator,0,509.0000899999998,509.0000899999998,500.0,509.0000899999998
187,SINK_M,app1,Actuator,M.Action,26,66,59,72,Generator,0,509.0000899999998,509.0000899999998,500.0,509.0000899999998
194,SINK_M,app1,Actuator,M.Action,33,73,19,72,Generator,0,509.0000899999998,509.0000899999998,500.0,509.0000899999998
200,SINK_M,app1,Actuator,M.Action,39,79,62,72,Generator,0,509.0000899999998,509.0000899999998,500.0,509.0000899999998
170,SINK_M,app1,Actuator,M.Action,9,49,91,72,Generator,0,509.0000899999998,509.0000899999998,500.0,509.0000899999998
193,SINK_M,app1,Actuator,M.Action,32,72,69,72,Generator,0,510.00009999999975,510.00009999999975,500.0,510.00009999999975
171,SINK_M,app1,Actuator,M.Action,10,50,68,72,Generator,0,510.00009999999975,510.00009999999975,500.0,510.00009999999975
186,SINK_M,app1,Actuator,M.Action,25,65,41,72,Generator,0,510.00009999999975,510.00009999999975,500.0,510.00009999999975
174,SINK_M,app1,Actuator,M.Action,13,53,143,72,Generator,0,510.00009999999975,510.00009999999975,500.0,510.00009999999975
203,SINK_M,app1,Actuator,M.Action,2,42,317,72,Generator,0,601.00001,601.00001,600.0,601.00001
224,SINK_M,app1,Actuator,M.Action,23,63,228,72,Generator,0,601.00001,601.00001,600.0,601.00001
204,SINK_M,app1,Actuator,M.Action,3,43,42,72,Generator,0,602.00002,602.00002,600.0,602.00002
206,SINK_M,app1,Actuator,M.Action,5,45,218,72,Generator,0,602.00002,602.00002,600.0,602.00002
236,SINK_M,app1,Actuator,M.Action,35,75,85,72,Generator,0,602.00002,602.00002,600.0,602.00002
205,SINK_M,app1,Actuator,M.Action,4,44,114,72,Generator,0,603.0000299999999,603.0000299999999,600.0,603.0000299999999
207,SINK_M,app1,Actuator,M.Action,6,46,78,72,Generator,0,603.0000299999999,603.0000299999999,600.0,603.0000299999999
215,SINK_M,app1,Actuator,M.Action,14,54,4,72,Generator,0,603.0000299999999,603.0000299999999,600.0,603.0000299999999
238,SINK_M,app1,Actuator,M.Action,37,77,105,72,Generator,0,603.0000299999999,603.0000299999999,600.0,603.0000299999999
208,SINK_M,app1,Actuator,M.Action,7,47,56,72,Generator,0,604.0000399999999,604.0000399999999,600.0,604.0000399999999
209,SINK_M,app1,Actuator,M.Action,8,48,176,72,Generator,0,604.0000399999999,604.0000399999999,600.0,604.0000399999999
216,SINK_M,app1,Actuator,M.Action,15,55,28,72,Generator,0,604.0000399999999,604.0000399999999,600.0,604.0000399999999
219,SINK_M,app1,Actuator,M.Action,18,58,49,72,Generator,0,604.0000399999999,604.0000399999999,600.0,604.0000399999999
220,SINK_M,app1,Actuator,M.Action,19,59,157,72,Generator,0,605.0000499999999,605.0000499999999,600.0,605.0000499999999
213,SINK_M,app1,Actuator,M.Action,12,52,138,72,Generator,0,605.0000499999999,605.0000499999999,600.0,605.0000499999999
222,SINK_M,app1,Actuator,M.Action,21,61,8,72,Generator,0,605.0000499999999,605.0000499999999,600.0,605.0000499999999
237,SINK_M,app1,Actuator,M.Action,36,76,296,72,Generator,0,605.0000499999999,605.0000499999999,600.0,605.0000499999999
231,SINK_M,app1,Actuator,M.Action,30,70,28,72,Generator,0,606.0000599999998,606.0000599999998,600.0,606.0000599999998
228,SINK_M,app1,Actuator,M.Action,27,67,56,72,Generator,0,606.0000599999998,606.0000599999998,600.0,606.0000599999998
202,SINK_M,app1,Actuator,M.Action,1,41,73,72,Generator,0,606.0000599999998,606.0000599999998,600.0,606.0000599999998
232,SINK_M,app1,Actuator,M.Action,31,71,3,72,Generator,0,606.0000599999998,606.0000599999998,600.0,606.0000599999998
235,SINK_M,app1,Actuator,M.Action,34,74,206,72,Generator,0,606.0000599999998,606.0000599999998,600.0,606.0000599999998
201,SINK_M,app1,Actuator,M.Action,0,40,2,72,Generator,0,607.0000699999998,607.0000699999998,600.0,607.0000699999998
217,SINK_M,app1,Actuator,M.Action,16,56,301,72,Generator,0,607.0000699999998,607.0000699999998,600.0,607.0000699999998
229,SINK_M,app1,Actuator,M.Action,28,68,57,72,Generator,0,607.0000699999998,607.0000699999998,600.0,607.0000699999998
221,SINK_M,app1,Actuator,M.Action,20,60,178,72,Generator,0,607.0000699999998,607.0000699999998,600.0,607.0000699999998
212,SINK_M,app1,Actuator,M.Action,11,51,2,72,Generator,0,608.0000799999998,608.0000799999998,600.0,608.0000799999998
218,SINK_M,app1,Actuator,M.Action,17,57,19,72,Generator,0,608.0000799999998,608.0000799999998,600.0,608.0000799999998
225,SINK_M,app1,Actuator,M.Action,24,64,104,72,Generator,0,608.0000799999998,608.0000799999998,600.0,608.0000799999998
223,SINK_M,app1,Actuator,M.Action,22,62,23,72,Generator,0,608.0000799999998,608.0000799999998,600.0,608.0000799999998
230,SINK_M,app1,Actuator,M.Action,29,69,259,72,Generator,0,608.0000799999998,608.0000799999998,600.0,608.0000799999998
239,SINK_M,app1,Actuator,M.Action,38,78,2,72,Generator,0,609.0000899999998,609.0000899999998,600.0,609.0000899999998
227,SINK_M,app1,Actuator,M.Action,26,66,59,72,Generator,0,609.0000899999998,609.0000899999998,600.0,609.0000899999998
234,SINK_M,app1,Actuator,M.Action,33,73,19,72,Generator,0,609.0000899999998,609.0000899999998,600.0,609.0000899999998
240,SINK_M,app1,Actuator,M.Action,39,79,62,72,Generator,0,609.0000899999998,609.0000899999998,600.0,609.0000899999998
210,SINK_M,app1,Actuator,M.Action,9,49,91,72,Generator,0,609.0000899999998,609.0000899999998,600.0,609.0000899999998
233,SINK_M,app1,Actuator,M.Action,32,72,69,72,Generator,0,610.0000999999997,610.0000999999997,600.0,610.0000999999997
211,SINK_M,app1,Actuator,M.Action,10,50,68,72,Generator,0,610.0000999999997,610.0000999999997,600.0,610.0000999999997
226,SINK_M,app1,Actuator,M.Action,25,65,41,72,Generator,0,610.0000999999997,610.0000999999997,600.0,610.0000999999997
214,SINK_M,app1,Actuator,M.Action,13,53,143,72,Generator,0,610.0000999999997,610.0000999999997,600.0,610.0000999999997
243,SINK_M,app1,Actuator,M.Action,2,42,317,72,Generator,0,701.00001,701.00001,700.0,701.00001
264,SINK_M,app1,Actuator,M.Action,23,63,228,72,Generator,0,701.00001,701.00001,700.0,701.00001
244,SINK_M,app1,Actuator,M.Action,3,43,42,72,Generator,0,702.00002,702.00002,700.0,702.00002
246,SINK_M,app1,Actuator,M.Action,5,45,218,72,Generator,0,702.00002,702.00002,700.0,702.00002
276,SINK_M,app1,Actuator,M.Action,35,75,85,72,Generator,0,702.00002,702.00002,700.0,702.00002
245,SINK_M,app1,Actuator,M.Action,4,44,114,72,Generator,0,703.0000299999999,703.0000299999999,700.0,703.0000299999999
247,SINK_M,app1,Actuator,M.Action,6,46,78,72,Generator,0,703.0000299999999,703.0000299999999,700.0,703.0000299999999
255,SINK_M,app1,Actuator,M.Action,14,54,4,72,Generator,0,703.0000299999999,703.0000299999999,700.0,703.0000299999999
278,SINK_M,app1,Actuator,M.Action,37,77,105,72,Generator,0,703.0000299999999,703.0000299999999,700.0,703.0000299999999
248,SINK_M,app1,Actuator,M.Action,7,47,56,72,Generator,0,704.0000399999999,704.0000399999999,700.0,704.0000399999999
249,SINK_M,app1,Actuator,M.Action,8,48,176,72,Generator,0,704.0000399999999,704.0000399999999,700.0,704.0000399999999
256,SINK_M,app1,Actuator,M.Action,15,55,28,72,Generator,0,704.0000399999999,704.0000399999999,700.0,704.0000399999999
259,SINK_M,app1,Actuator,M.Action,18,58,49,72,Generator,0,704.0000399999999,704.0000399999999,700.0,704.0000399999999
260,SINK_M,app1,Actuator,M.Action,19,59,157,72,Generator,0,705.0000499999999,705.0000499999999,700.0,705.0000499999999
253,SINK_M,app1,Actuator,M.Action,12,52,138,72,Generator,0,705.0000499999999,705.0000499999999,700.0,705.0000499999999
262,SINK_M,app1,Actuator,M.Action,21,61,8,72,Generator,0,705.0000499999999,705.0000499999999,700.0,705.0000499999999
277,SINK_M,app1,Actuator,M.Action,36,76,296,72,Generator,0,705.0000499999999,705.0000499999999,700.0,705.0000499999999
271,SINK_M,app1,Actuator,M.Action,30,70,28,72,Generator,0,706.0000599999998,706.0000599999998,700.0,706.0000599999998
268,SINK_M,app1,Actuator,M.Action,27,67,56,72,Generator,0,706.0000599999998,706.0000599999998,700.0,706.0000599999998
242,SINK_M,app1,Actuator,M.Action,1,41,73,72,Generator,0,706.0000599999998,706.0000599999998,700.0,706.0000599999998
272,SINK_M,app1,Actuator,M.Action,31,71,3,72,Generator,0,706.0000599999998,706.0000599999998,700.0,706.0000599999998
275,SINK_M,app1,Actuator,M.Action,34,74,206,72,Generator,0,706.0000599999998,706.0000599999998,700.0,706.0000599999998
241,SINK_M,app1,Actuator,M.Action,0,40,2,72,Generator,0,707.0000699999998,707.0000699999998,700.0,707.0000699999998
257,SINK_M,app1,Actuator,M.Action,16,56,301,72,Generator,0,707.0000699999998,707.0000699999998,700.0,707.0000699999998
269,SINK_M,app1,Actuator,M.Action,28,68,57,72,Generator,0,707.0000699999998,707.0000699999998,700.0,707.0000699999998
261,SINK_M,app1,Actuator,M.Action,20,60,178,72,Generator,0,707.0000699999998,707.0000699999998,700.0,707.0000699999998
252,SINK_M,app1,Actuator,M.Action,11,51,2,72,Generator,0,708.0000799999998,708.0000799999998,700.0,708.0000799999998
258,SINK_M,app1,Actuator,M.Action,17,57,19,72,Generator,0,708.0000799999998,708.0000799999998,700.0,708.0000799999998
265,SINK_M,app1,Actuator,M.Action,24,64,104,72,Generator,0,708.0000799999998,708.0000799999998,700.0,708.0000799999998
263,SINK_M,app1,Actuator,M.Action,22,62,23,72,Generator,0,708.0000799999998,708.0000799999998,700.0,708.0000799999998
270,SINK_M,app1,Actuator,M.Action,29,69,259,72,Generator,0,708.0000799999998,708.0000799999998,700.0,708.0000799999998
279,SINK_M,app1,Actuator,M.Action,38,78,2,72,Generator,0,709.0000899999998,709.0000899999998,700.0,709.0000899999998
267,SINK_M,app1,Actuator,M.Action,26,66,59,72,Generator,0,709.0000899999998,709.0000899999998,700.0,709.0000899999998
274,SINK_M,app1,Actuator,M.Action,33,73,19,72,Generator,0,709.0000899999998,709.0000899999998,700.0,709.0000899999998
280,SINK_M,app1,Actuator,M.Action,39,79,62,72,Generator,0,709.0000899999998,709.0000899999998,700.0,709.0000899999998
250,SINK_M,app1,Actuator,M.Action,9,49,91,72,Generator,0,709.0000899999998,709.0000899999998,700.0,709.0000899999998
273,SINK_M,app1,Actuator,M.Action,32,72,69,72,Generator,0,710.0000999999997,710.0000999999997,700.0,710.0000999999997
251,SINK_M,app1,Actuator,M.Action,10,50,68,72,Generator,0,710.0000999999997,710.0000999999997,700.0,710.0000999999997
266,SINK_M,app1,Actuator,M.Action,25,65,41,72,Generator,0,710.0000999999997,710.0000999999997,700.0,710.0000999999997
254,SINK_M,app1,Actuator,M.Action,13,53,143,72,Generator,0,710.0000999999997,710.0000999999997,700.0,710.0000999999997
283,SINK_M,app1,Actuator,M.Action,2,42,317,72,Generator,0,801.00001,801.00001,800.0,801.00001
304,SINK_M,app1,Actuator,M.Action,23,63,228,72,Generator,0,801.00001,801.00001,800.0,801.00001
284,SINK_M,app1,Actuator,M.Action,3,43,42,72,Generator,0,802.00002,802.00002,800.0,802.00002
286,SINK_M,app1,Actuator,M.Action,5,45,218,72,Generator,0,802.00002,802.00002,800.0,802.00002
316,SINK_M,app1,Actuator,M.Action,35,75,85,72,Generator,0,802.00002,802.00002,800.0,802.00002
285,SINK_M,app1,Actuator,M.Action,4,44,114,72,Generator,0,803.0000299999999,803.0000299999999,800.0,803.0000299999999
287,SINK_M,app1,Actuator,M.Action,6,46,78,72,Generator,0,803.0000299999999,803.0000299999999,800.0,803.0000299999999
295,SINK_M,app1,Actuator,M.Action,14,54,4,72,Generator,0,803.0000299999999,803.0000299999999,800.0,803.0000299999999
318,SINK_M,app1,Actuator,M.Action,37,77,105,72,Generator,0,803.0000299999999,803.0000299999999,800.0,803.0000299999999
288,SINK_M,app1,Actuator,M.Action,7,47,56,72,Generator,0,804.0000399999999,804.0000399999999,800.0,804.0000399999999
289,SINK_M,app1,Actuator,M.Action,8,48,176,72,Generator,0,804.0000399999999,804.0000399999999,800.0,804.0000399999999
296,SINK_M,app1,Actuator,M.Action,15,55,28,72,Generator,0,804.0000399999999,804.0000399999999,800.0,804.0000399999999
299,SINK_M,app1,Actuator,M.Action,18,58,49,72,Generator,0,804.0000399999999,804.0000399999999,800.0,804.0000399999999
300,SINK_M,app1,Actuator,M.Action,19,59,157,72,Generator,0,805.0000499999999,805.0000499999999,800.0,805.0000499999999
293,SINK_M,app1,Actuator,M.Action,12,52,138,72,Generator,0,805.0000499999999,805.0000499999999,800.0,805.0000499999999
302,SINK_M,app1,Actuator,M.Action,21,61,8,72,Generator,0,805.0000499999999,805.0000499999999,800.0,805.0000499999999
317,SINK_M,app1,Actuator,M.Action,36,76,296,72,Generator,0,805.0000499999999,805.0000499999999,800.0,805.0000499999999
311,SINK_M,app1,Actuator,M.Action,30,70,28,72,Generator,0,806.0000599999998,806.0000599999998,800.0,806.0000599999998
308,SINK_M,app1,Actuator,M.Action,27,67,56,72,Generator,0,806.0000599999998,806.0000599999998,800.0,806.0000599999998
282,SINK_M,app1,Actuator,M.Action,1,41,73,72,Generator,0,806.0000599999998,806.0000599999998,800.0,806.0000599999998
312,SINK_M,app1,Actuator,M.Action,31,71,3,72,Generator,0,806.0000599999998,806.0000599999998,800.0,806.0000599999998
315,SINK_M,app1,Actuator,M.Action,34,74,206,72,Generator,0,806.0000599999998,806.0000599999998,800.0,806.0000599999998
281,SINK_M,app1,Actuator,M.Action,0,40,2,72,Generator,0,807.0000699999998,807.0000699999998,800.0,807.0000699999998
297,SINK_M,app1,Actuator,M.Action,16,56,301,72,Generator,0,807.0000699999998,807.0000699999998,800.0,807.0000699999998
309,SINK_M,app1,Actuator,M.Action,28,68,57,72,Generator,0,807.0000699999998,807.0000699999998,800.0,807.0000699999998
301,SINK_M,app1,Actuator,M.Action,20,60,178,72,Generator,0,807.0000699999998,807.0000699999998,800.0,807.0000699999998
292,SINK_M,app1,Actuator,M.Action,11,51,2,72,Generator,0,808.0000799999998,808.0000799999998,800.0,808.0000799999998
298,SINK_M,app1,Actuator,M.Action,17,57,19,72,Generator,0,808.0000799999998,808.0000799999998,800.0,808.0000799999998
305,SINK_M,app1,Actuator,M.Action,24,64,104,72,Generator,0,808.0000799999998,808.0000799999998,800.0,808.0000799999998
303,SINK_M,app1,Actuator,M.Action,22,62,23,72,Generator,0,808.0000799999998,808.0000799999998,800.0,808.0000799999998
310,SINK_M,app1,Actuator,M.Action,29,69,259,72,Generator,0,808.0000799999998,808.0000799999998,800.0,808.0000799999998
319,SINK_M,app1,Actuator,M.Action,38,78,2,72,Generator,0,809.0000899999998,809.0000899999998,800.0,809.0000899999998
307,SINK_M,app1,Actuator,M.Action,26,66,59,72,Generator,0,809.0000899999998,809.0000899999998,800.0,809.0000899999998
314,SINK_M,app1,Actuator,M.Action,33,73,19,72,Generator,0,809.0000899999998,809.0000899999998,800.0,809.0000899999998
320,SINK_M,app1,Actuator,M.Action,39,79,62,72,Generator,0,809.0000899999998,809.0000899999998,800.0,809.0000899999998
290,SINK_M,app1,Actuator,M.Action,9,49,91,72,Generator,0,809.0000899999998,809.0000899999998,800.0,809.0000899999998
313,SINK_M,app1,Actuator,M.Action,32,72,69,72,Generator,0,810.0000999999997,810.0000999999997,800.0,810.0000999999997
291,SINK_M,app1,Actuator,M.Action,10,50,68,72,Generator,0,810.0000999999997,810.0000999999997,800.0,810.0000999999997
306,SINK_M,app1,Actuator,M.Action,25,65,41,72,Generator,0,810.0000999999997,810.0000999999997,800.0,810.0000999999997
294,SINK_M,app1,Actuator,M.Action,13,53,143,72,Generator,0,810.0000999999997,810.0000999999997,800.0,810.0000999999997
323,SINK_M,app1,Actuator,M.Action,2,42,317,72,Generator,0,901.00001,901.00001,900.0,901.00001
324,SINK_M,app1,Actuator,M.Action,3,43,51,72,Generator,0,901.00001,901.00001,900.0,901.00001
326,SINK_M,app1,Actuator,M.Action,5,45,0,72,Generator,0,901.00001,901.00001,900.0,901.00001
344,SINK_M,app1,Actuator,M.Action,23,63,228,72,Generator,0,901.00001,901.00001,900.0,901.00001
356,SINK_M,app1,Actuator,M.Action,35,75,89,72,Generator,0,901.00001,901.00001,900.0,901.00001
325,SINK_M,app1,Actuator,M.Action,4,44,308,72,Generator,0,902.00002,902.00002,900.0,902.00002
327,SINK_M,app1,Actuator,M.Action,6,46,42,72,Generator,0,902.00002,902.00002,900.0,902.00002
335,SINK_M,app1,Actuator,M.Action,14,54,85,72,Generator,0,902.00002,902.00002,900.0,902.00002
358,SINK_M,app1,Actuator,M.Action,37,77,24,72,Generator,0,902.00002,902.00002,900.0,902.00002
328,SINK_M,app1,Actuator,M.Action,7,47,71,72,Generator,0,903.0000299999999,903.0000299999999,900.0,903.0000299999999
329,SINK_M,app1,Actuator,M.Action,8,48,78,72,Generator,0,903.0000299999999,903.0000299999999,900.0,903.0000299999999
336,SINK_M,app1,Actuator,M.Action,15,55,287,72,Generator,0,903.0000299999999,903.0000299999999,900.0,903.0000299999999
339,SINK_M,app1,Actuator,M.Action,18,58,190,72,Generator,0,903.0000299999999,903.0000299999999,900.0,903.0000299999999
340,SINK_M,app1,Actuator,M.Action,19,59,349,72,Generator,0,904.0000399999999,904.0000399999999,900.0,904.0000399999999
333,SINK_M,app1,Actuator,M.Action,12,52,18,72,Generator,0,904.0000399999999,904.0000399999999,900.0,904.0000399999999
351,SINK_M,app1,Actuator,M.Action,30,70,287,72,Generator,0,904.0000399999999,904.0000399999999,900.0,904.0000399999999
342,SINK_M,app1,Actuator,M.Action,21,61,6,72,Generator,0,904.0000399999999,904.0000399999999,900.0,904.0000399999999
357,SINK_M,app1,Actuator,M.Action,36,76,9,72,Generator,0,904.0000399999999,904.0000399999999,900.0,904.0000399999999
348,SINK_M,app1,Actuator,M.Action,27,67,71,72,Generator,0,905.0000499999999,905.0000499999999,900.0,905.0000499999999
321,SINK_M,app1,Actuator,M.Action,0,40,83,72,Generator,0,905.0000499999999,905.0000499999999,900.0,905.0000499999999
322,SINK_M,app1,Actuator,M.Action,1,41,64,72,Generator,0,905.0000499999999,905.0000499999999,900.0,905.0000499999999
352,SINK_M,app1,Actuator,M.Action,31,71,248,72,Generator,0,905.0000499999999,905.0000499999999,900.0,905.0000499999999
355,SINK_M,app1,Actuator,M.Action,34,74,96,72,Generator,0,905.0000499999999,905.0000499999999,900.0,905.0000499999999
337,SINK_M,app1,Actuator,M.Action,16,56,275,72,Generator,0,906.0000599999998,906.0000599999998,900.0,906.0000599999998
349,SINK_M,app1,Actuator,M.Action,28,68,56,72,Generator,0,906.0000599999998,906.0000599999998,900.0,906.0000599999998
332,SINK_M,app1,Actuator,M.Action,11,51,83,72,Generator,0,906.0000599999998,906.0000599999998,900.0,906.0000599999998
341,SINK_M,app1,Actuator,M.Action,20,60,82,72,Generator,0,906.0000599999998,906.0000599999998,900.0,906.0000599999998
345,SINK_M,app1,Actuator,M.Action,24,64,206,72,Generator,0,906.0000599999998,906.0000599999998,900.0,906.0000599999998
338,SINK_M,app1,Actuator,M.Action,17,57,141,72,Generator,0,907.0000699999998,907.0000699999998,900.0,907.0000699999998
347,SINK_M,app1,Actuator,M.Action,26,66,197,72,Generator,0,907.0000699999998,907.0000699999998,900.0,907.0000699999998
343,SINK_M,app1,Actuator,M.Action,22,62,57,72,Generator,0,907.0000699999998,907.0000699999998,900.0,907.0000699999998
359,SINK_M,app1,Actuator,M.Action,38,78,83,72,Generator,0,907.0000699999998,907.0000699999998,900.0,907.0000699999998
350,SINK_M,app1,Actuator,M.Action,29,69,206,72,Generator,0,907.0000699999998,907.0000699999998,900.0,907.0000699999998
354,SINK_M,app1,Actuator,M.Action,33,73,141,72,Generator,0,908.0000799999998,908.0000799999998,900.0,908.0000799999998
353,SINK_M,app1,Actuator,M.Action,32,72,82,72,Generator,0,908.0000799999998,908.0000799999998,900.0,908.0000799999998
360,SINK_M,app1,Actuator,M.Action,39,79,52,72,Generator,0,908.0000799999998,908.0000799999998,900.0,908.0000799999998
331,SINK_M,app1,Actuator,M.Action,10,50,2,72,Generator,0,908.0000799999998,908.0000799999998,900.0,908.0000799999998
330,SINK_M,app1,Actuator,M.Action,9,49,104,72,Generator,0,909.0000899999998,909.0000899999998,900.0,909.0000899999998
346,SINK_M,app1,Actuator,M.Action,25,65,29,72,Generator,0,909.0000899999998,909.0000899999998,900.0,909.0000899999998
334,SINK_M,app1,Actuator,M.Action,13,53,104,72,Generator,0,910.0000999999997,910.0000999999997,900.0,910.0000999999997
363,SINK_M,app1,Actuator,M.Action,2,42,317,72,Generator,0,1001.00001,1001.00001,1000.0,1001.00001
364,SINK_M,app1,Actuator,M.Action,3,43,51,72,Generator,0,1001.00001,1001.00001,1000.0,1001.00001
366,SINK_M,app1,Actuator,M.Action,5,45,0,72,Generator,0,1001.00001,1001.00001,1000.0,1001.00001
384,SINK_M,app1,Actuator,M.Action,23,63,228,72,Generator,0,1001.00001,1001.00001,1000.0,1001.00001
396,SINK_M,app1,Actuator,M.Action,35,75,89,72,Generator,0,1001.00001,1001.00001,1000.0,1001.00001
365,SINK_M,app1,Actuator,M.Action,4,44,308,72,Generator,0,1002.00002,1002.00002,1000.0,1002.00002
367,SINK_M,app1,Actuator,M.Action,6,46,42,72,Generator,0,1002.00002,1002.00002,1000.0,1002.00002
375,SINK_M,app1,Actuator,M.Action,14,54,85,72,Generator,0,1002.00002,1002.00002,1000.0,1002.00002
398,SINK_M,app1,Actuator,M.Action,37,77,24,72,Generator,0,1002.00002,1002.00002,1000.0,1002.00002
368,SINK_M,app1,Actuator,M.Action,7,47,71,72,Generator,0,1003.0000299999999,1003.0000299999999,1000.0,1003.0000299999999
369,SINK_M,app1,Actuator,M.Action,8,48,78,72,Generator,0,1003.0000299999999,1003.0000299999999,1000.0,1003.0000299999999
376,SINK_M,app1,Actuator,M.Action,15,55,287,72,Generator,0,1003.0000299999999,1003.0000299999999,1000.0,1003.0000299999999
379,SINK_M,app1,Actuator,M.Action,18,58,190,72,Generator,0,1003.0000299999999,1003.0000299999999,1000.0,1003.0000299999999
380,SINK_M,app1,Actuator,M.Action,19,59,349,72,Generator,0,1004.0000399999999,1004.0000399999999,1000.0,1004.0000399999999
373,SINK_M,app1,Actuator,M.Action,12,52,18,72,Generator,0,1004.0000399999999,1004.0000399999999,1000.0,1004.0000399999999
391,SINK_M,app1,Actuator,M.Action,30,70,287,72,Generator,0,1004.0000399999999,1004.0000399999999,1000.0,1004.0000399999999
382,SINK_M,app1,Actuator,M.Action,21,61,6,72,Generator,0,1004.0000399999999,1004.0000399999999,1000.0,1004.0000399999999
397,SINK_M,app1,Actuator,M.Action,36,76,9,72,Generator,0,1004.0000399999999,1004.0000399999999,1000.0,1004.0000399999999
388,SINK_M,app1,Actuator,M.Action,27,67,71,72,Generator,0,1005.0000499999999,1005.0000499999999,1000.0,1005.0000499999999
361,SINK_M,app1,Actuator,M.Action,0,40,83,72,Generator,0,1005.0000499999999,1005.0000499999999,1000.0,1005.0000499999999
362,SINK_M,app1,Actuator,M.Action,1,41,64,72,Generator,0,1005.0000499999999,1005.0000499999999,1000.0,1005.0000499999999
392,SINK_M,app1,Actuator,M.Action,31,71,248,72,Generator,0,1005.0000499999999,1005.0000499999999,1000.0,1005.0000499999999
395,SINK_M,app1,Actuator,M.Action,34,74,96,72,Generator,0,1005.0000499999999,1005.0000499999999,1000.0,1005.0000499999999
377,SINK_M,app1,Actuator,M.Action,16,56,275,72,Generator,0,1006.0000599999998,1006.0000599999998,1000.0,1006.0000599999998
389,SINK_M,app1,Actuator,M.Action,28,68,56,72,Generator,0,1006.0000599999998,1006.0000599999998,1000.0,1006.0000599999998
372,SINK_M,app1,Actuator,M.Action,11,51,83,72,Generator,0,1006.0000599999998,1006.0000599999998,1000.0,1006.0000599999998
381,SINK_M,app1,Actuator,M.Action,20,60,82,72,Generator,0,1006.0000599999998,1006.0000599999998,1000.0,1006.0000599999998
385,SINK_M,app1,Actuator,M.Action,24,64,206,72,Generator,0,1006.0000599999998,1006.0000599999998,1000.0,1006.0000599999998
378,SINK_M,app1,Actuator,M.Action,17,57,141,72,Generator,0,1007.0000699999998,1007.0000699999998,1000.0,1007.0000699999998
387,SINK_M,app1,Actuator,M.Action,26,66,197,72,Generator,0,1007.0000699999998,1007.0000699999998,1000.0,1007.0000699999998
383,SINK_M,app1,Actuator,M.Action,22,62,57,72,Generator,0,1007.0000699999998,1007.0000699999998,1000.0,1007.0000699999998
399,SINK_M,app1,Actuator,M.Action,38,78,83,72,Generator,0,1007.0000699999998,1007.0000699999998,1000.0,1007.0000699999998
390,SINK_M,app1,Actuator,M.Action,29,69,206,72,Generator,0,1007.0000699999998,1007.0000699999998,1000.0,1007.0000699999998
394,SINK_M,app1,Actuator,M.Action,33,73,141,72,Generator,0,1008.0000799999998,1008.0000799999998,1000.0,1008.0000799999998
393,SINK_M,app1,Actuator,M.Action,32,72,82,72,Generator,0,1008.0000799999998,1008.0000799999998,1000.0,1008.0000799999998
400,SINK_M,app1,Actuator,M.Action,39,79,52,72,Generator,0,1008.0000799999998,1008.0000799999998,1000.0,1008.0000799999998
371,SINK_M,app1,Actuator,M.Action,10,50,2,72,Generator,0,1008.0000799999998,1008.0000799999998,1000.0,1008.0000799999998
370,SINK_M,app1,Actuator,M.Action,9,49,104,72,Generator,0,1009.0000899999998,1009.0000899999998,1000.0,1009.0000899999998
386,SINK_M,app1,Actuator,M.Action,25,65,29,72,Generator,0,1009.0000899999998,1009.0000899999998,1000.0,1009.0000899999998
374,SINK_M,app1,Actuator,M.Action,13,53,104,72,Generator,0,1010.0000999999997,1010.0000999999997,1000.0,1010.0000999999997
403,SINK_M,app1,Actuator,M.Action,2,42,317,72,Generator,0,1101.00001,1101.00001,1100.0,1101.00001
404,SINK_M,app1,Actuator,M.Action,3,43,51,72,Generator,0,1101.00001,1101.00001,1100.0,1101.00001
406,SINK_M,app1,Actuator,M.Action,5,45,0,72,Generator,0,1101.00001,1101.00001,1100.0,1101.00001
424,SINK_M,app1,Actuator,M.Action,23,63,228,72,Generator,0,1101.00001,1101.00001,1100.0,1101.00001
436,SINK_M,app1,Actuator,M.Action,35,75,89,72,Generator,0,1101.00001,1101.00001,1100.0,1101.00001
405,SINK_M,app1,Actuator,M.Action,4,44,308,72,Generator,0,1102.00002,1102.00002,1100.0,1102.00002
407,SINK_M,app1,Actuator,M.Action,6,46,42,72,Generator,0,1102.00002,1102.00002,1100.0,1102.00002
415,SINK_M,app1,Actuator,M.Action,14,54,85,72,Generator,0,1102.00002,1102.00002,1100.0,1102.00002
438,SINK_M,app1,Actuator,M.Action,37,77,24,72,Generator,0,1102.00002,1102.00002,1100.0,1102.00002
408,SINK_M,app1,Actuator,M.Action,7,47,71,72,Generator,0,1103.00003,1103.00003,1100.0,1103.00003
409,SINK_M,app1,Actuator,M.Action,8,48,78,72,Generator,0,1103.00003,1103.00003,1100.0,1103.00003
416,SINK_M,app1,Actuator,M.Action,15,55,287,72,Generator,0,1103.00003,1103.00003,1100.0,1103.00003
419,SINK_M,app1,Actuator,M.Action,18,58,190,72,Generator,0,1103.00003,1103.00003,1100.0,1103.00003
420,SINK_M,app1,Actuator,M.Action,19,59,349,72,Generator,0,1104.00004,1104.00004,1100.0,1104.00004
413,SINK_M,app1,Actuator,M.Action,12,52,18,72,Generator,0,1104.00004,1104.00004,1100.0,1104.00004
431,SINK_M,app1,Actuator,M.Action,30,70,287,72,Generator,0,1104.00004,1104.00004,1100.0,1104.00004
422,SINK_M,app1,Actuator,M.Action,21,61,6,72,Generator,0,1104.00004,1104.00004,1100.0,1104.00004
437,SINK_M,app1,Actuator,M.Action,36,76,9,72,Generator,0,1104.00004,1104.00004,1100.0,1104.00004
428,SINK_M,app1,Actuator,M.Action,27,67,71,72,Generator,0,1105.0000499999999,1105.0000499999999,1100.0,1105.0000499999999
401,SINK_M,app1,Actuator,M.Action,0,40,83,72,Generator,0,1105.0000499999999,1105.0000499999999,1100.0,1105.0000499999999
402,SINK_M,app1,Actuator,M.Action,1,41,64,72,Generator,0,1105.0000499999999,1105.0000499999999,1100.0,1105.0000499999999
432,SINK_M,app1,Actuator,M.Action,31,71,248,72,Generator,0,1105.0000499999999,1105.0000499999999,1100.0,1105.0000499999999
435,SINK_M,app1,Actuator,M.Action,34,74,96,72,Generator,0,1105.0000499999999,1105.0000499999999,1100.0,1105.0000499999999
417,SINK_M,app1,Actuator,M.Action,16,56,275,72,Generator,0,1106.0000599999998,1106.0000599999998,1100.0,1106.0000599999998
429,SINK_M,app1,Actuator,M.Action,28,68,56,72,Generator,0,1106.0000599999998,1106.0000599999998,1100.0,1106.0000599999998
412,SINK_M,app1,Actuator,M.Action,11,51,83,72,Generator,0,1106.0000599999998,1106.0000599999998,1100.0,1106.0000599999998
421,SINK_M,app1,Actuator,M.Action,20,60,82,72,Generator,0,1106.0000599999998,1106.0000599999998,1100.0,1106.0000599999998
425,SINK_M,app1,Actuator,M.Action,24,64,206,72,Generator,0,1106.0000599999998,1106.0000599999998,1100.0,1106.0000599999998
418,SINK_M,app1,Actuator,M.Action,17,57,141,72,Generator,0,1107.0000699999998,1107.0000699999998,1100.0,1107.0000699999998
427,SINK_M,app1,Actuator,M.Action,26,66,197,72,Generator,0,1107.0000699999998,1107.0000699999998,1100.0,1107.0000699999998
423,SINK_M,app1,Actuator,M.Action,22,62,57,72,Generator,0,1107.0000699999998,1107.0000699999998,1100.0,1107.0000699999998
439,SINK_M,app1,Actuator,M.Action,38,78,83,72,Generator,0,1107.0000699999998,1107.0000699999998,1100.0,1107.0000699999998
430,SINK_M,app1,Actuator,M.Action,29,69,206,72,Generator,0,1107.0000699999998,1107.0000699999998,1100.0,1107.0000699999998
434,SINK_M,app1,Actuator,M.Action,33,73,141,72,Generator,0,1108.0000799999998,1108.0000799999998,1100.0,1108.0000799999998
433,SINK_M,app1,Actuator,M.Action,32,72,82,72,Generator,0,1108.0000799999998,1108.0000799999998,1100.0,1108.0000799999998
440,SINK_M,app1,Actuator,M.Action,39,79,52,72,Generator,0,1108.0000799999998,1108.0000799999998,1100.0,1108.0000799999998
411,SINK_M,app1,Actuator,M.Action,10,50,2,72,Generator,0,1108.0000799999998,1108.0000799999998,1100.0,1108.0000799999998
410,SINK_M,app1,Actuator,M.Action,9,49,104,72,Generator,0,1109.0000899999998,1109.0000899999998,1100.0,1109.0000899999998
426,SINK_M,app1,Actuator,M.Action,25,65,29,72,Generator,0,1109.0000899999998,1109.0000899999998,1100.0,1109.0000899999998
414,SINK_M,app1,Actuator,M.Action,13,53,104,72,Generator,0,1110.0000999999997,1110.0000999999997,1100.0,1110.0000999999997
443,SINK_M,app1,Actuator,M.Action,2,42,317,72,Generator,0,1201.00001,1201.00001,1200.0,1201.00001
444,SINK_M,app1,Actuator,M.Action,3,43,51,72,Generator,0,1201.00001,1201.00001,1200.0,1201.00001
446,SINK_M,app1,Actuator,M.Action,5,45,0,72,Generator,0,1201.00001,1201.00001,1200.0,1201.00001
464,SINK_M,app1,Actuator,M.Action,23,63,228,72,Generator,0,1201.00001,1201.00001,1200.0,1201.00001
476,SINK_M,app1,Actuator,M.Action,35,75,89,72,Generator,0,1201.00001,1201.00001,1200.0,1201.00001
445,SINK_M,app1,Actuator,M.Action,4,44,308,72,Generator,0,1202.00002,1202.00002,1200.0,1202.00002
447,SINK_M,app1,Actuator,M.Action,6,46,42,72,Generator,0,1202.00002,1202.00002,1200.0,1202.00002
455,SINK_M,app1,Actuator,M.Action,14,54,85,72,Generator,0,1202.00002,1202.00002,1200.0,1202.00002
478,SINK_M,app1,Actuator,M.Action,37,77,24,72,Generator,0,1202.00002,1202.00002,1200.0,1202.00002
448,SINK_M,app1,Actuator,M.Action,7,47,71,72,Generator,0,1203.00003,1203.00003,1200.0,1203.00003
449,SINK_M,app1,Actuator,M.Action,8,48,78,72,Generator,0,1203.00003,1203.00003,1200.0,1203.00003
456,SINK_M,app1,Actuator,M.Action,15,55,287,72,Generator,0,1203.00003,1203.00003,1200.0,1203.00003
459,SINK_M,app1,Actuator,M.Action,18,58,190,72,Generator,0,1203.00003,1203.00003,1200.0,1203.00003
460,SINK_M,app1,Actuator,M.Action,19,59,349,72,Generator,0,1204.00004,1204.00004,1200.0,1204.00004
453,SINK_M,app1,Actuator,M.Action,12,52,18,72,Generator,0,1204.00004,1204.00004,1200.0,1204.00004
471,SINK_M,app1,Actuator,M.Action,30,70,287,72,Generator,0,1204.00004,1204.00004,1200.0,1204.00004
462,SINK_M,app1,Actuator,M.Action,21,61,6,72,Generator,0,1204.00004,1204.00004,1200.0,1204.00004
477,SINK_M,app1,Actuator,M.Action,36,76,9,72,Generator,0,1204.00004,1204.00004,1200.0,1204.00004
468,SINK_M,app1,Actuator,M.Action,27,67,71,72,Generator,0,1205.0000499999999,1205.0000499999999,1200.0,1205.0000499999999
441,SINK_M,app1,Actuator,M.Action,0,40,83,72,Generator,0,1205.0000499999999,1205.0000499999999,1200.0,1205.0000499999999
442,SINK_M,app1,Actuator,M.Action,1,41,64,72,Generator,0,1205.0000499999999,1205.0000499999999,1200.0,1205.0000499999999
472,SINK_M,app1,Actuator,M.Action,31,71,248,72,Generator,0,1205.0000499999999,1205.0000499999999,1200.0,1205.0000499999999
475,SINK_M,app1,Actuator,M.Action,34,74,96,72,Generator,0,1205.0000499999999,1205.0000499999999,1200.0,1205.0000499999999
457,SINK_M,app1,Actuator,M.Action,16,56,275,72,Generator,0,1206.0000599999998,1206.0000599999998,1200.0,1206.0000599999998
469,SINK_M,app1,Actuator,M.Action,28,68,56,72,Generator,0,1206.0000599999998,1206.0000599999998,1200.0,1206.0000599999998
452,SINK_M,app1,Actuator,M.Action,11,51,83,72,Generator,0,1206.0000599999998,1206.0000599999998,1200.0,1206.0000599999998
461,SINK_M,app1,Actuator,M.Action,20,60,82,72,Generator,0,1206.0000599999998,1206.0000599999998,1200.0,1206.0000599999998
465,SINK_M,app1,Actuator,M.Action,24,64,206,72,Generator,0,1206.0000599999998,1206.0000599999998,1200.0,1206.0000599999998
458,SINK_M,app1,Actuator,M.Action,17,57,141,72,Generator,0,1207.0000699999998,1207.0000699999998,1200.0,1207.0000699999998
467,SINK_M,app1,Actuator,M.Action,26,66,197,72,Generator,0,1207.0000699999998,1207.0000699999998,1200.0,1207.0000699999998
463,SINK_M,app1,Actuator,M.Action,22,62,57,72,Generator,0,1207.0000699999998,1207.0000699999998,1200.0,1207.0000699999998
479,SINK_M,app1,Actuator,M.Action,38,78,83,72,Generator,0,1207.0000699999998,1207.0000699999998,1200.0,1207.0000699999998
470,SINK_M,app1,Actuator,M.Action,29,69,206,72,Generator,0,1207.0000699999998,1207.0000699999998,1200.0,1207.0000699999998
474,SINK_M,app1,Actuator,M.Action,33,73,141,72,Generator,0,1208.0000799999998,1208.0000799999998,1200.0,1208.0000799999998
473,SINK_M,app1,Actuator,M.Action,32,72,82,72,Generator,0,1208.0000799999998,1208.0000799999998,1200.0,1208.0000799999998
480,SINK_M,app1,Actuator,M.Action,39,79,52,72,Generator,0,1208.0000799999998,1208.0000799999998,1200.0,1208.0000799999998
451,SINK_M,app1,Actuator,M.Action,10,50,2,72,Generator,0,1208.0000799999998,1208.0000799999998,1200.0,1208.0000799999998
450,SINK_M,app1,Actuator,M.Action,9,49,104,72,Generator,0,1209.0000899999998,1209.0000899999998,1200.0,1209.0000899999998
466,SINK_M,app1,Actuator,M.Action,25,65,29,72,Generator,0,1209.0000899999998,1209.0000899999998,1200.0,1209.0000899999998
454,SINK_M,app1,Actuator,M.Action,13,53,104,72,Generator,0,1210.0000999999997,1210.0000999999997,1200.0,1210.0000999999997
483,SINK_M,app1,Actuator,M.Action,2,42,317,72,Generator,0,1301.00001,1301.00001,1300.0,1301.00001
484,SINK_M,app1,Actuator,M.Action,3,43,51,72,Generator,0,1301.00001,1301.00001,1300.0,1301.00001
486,SINK_M,app1,Actuator,M.Action,5,45,0,72,Generator,0,1301.00001,1301.00001,1300.0,1301.00001
495,SINK_M,app1,Actuator,M.Action,14,54,89,72,Generator,0,1301.00001,1301.00001,1300.0,1301.00001
504,SINK_M,app1,Actuator,M.Action,23,63,228,72,Generator,0,1301.00001,1301.00001,1300.0,1301.00001
518,SINK_M,app1,Actuator,M.Action,37,77,168,72,Generator,0,1301.00001,1301.00001,1300.0,1301.00001
485,SINK_M,app1,Actuator,M.Action,4,44,317,72,Generator,0,1302.00002,1302.00002,1300.0,1302.00002
487,SINK_M,app1,Actuator,M.Action,6,46,51,72,Generator,0,1302.00002,1302.00002,1300.0,1302.00002
516,SINK_M,app1,Actuator,M.Action,35,75,89,72,Generator,0,1302.00002,1302.00002,1300.0,1302.00002
488,SINK_M,app1,Actuator,M.Action,7,47,103,72,Generator,0,1302.00002,1302.00002,1300.0,1302.00002
496,SINK_M,app1,Actuator,M.Action,15,55,218,72,Generator,0,1302.00002,1302.00002,1300.0,1302.00002
489,SINK_M,app1,Actuator,M.Action,8,48,42,72,Generator,0,1303.00003,1303.00003,1300.0,1303.00003
499,SINK_M,app1,Actuator,M.Action,18,58,85,72,Generator,0,1303.00003,1303.00003,1300.0,1303.00003
493,SINK_M,app1,Actuator,M.Action,12,52,103,72,Generator,0,1303.00003,1303.00003,1300.0,1303.00003
511,SINK_M,app1,Actuator,M.Action,30,70,218,72,Generator,0,1303.00003,1303.00003,1300.0,1303.00003
502,SINK_M,app1,Actuator,M.Action,21,61,114,72,Generator,0,1303.00003,1303.00003,1300.0,1303.00003
517,SINK_M,app1,Actuator,M.Action,36,76,105,72,Generator,0,1303.00003,1303.00003,1300.0,1303.00003
500,SINK_M,app1,Actuator,M.Action,19,59,170,72,Generator,0,1304.00004,1304.00004,1300.0,1304.00004
508,SINK_M,app1,Actuator,M.Action,27,67,103,72,Generator,0,1304.00004,1304.00004,1300.0,1304.00004
481,SINK_M,app1,Actuator,M.Action,0,40,60,72,Generator,0,1304.00004,1304.00004,1300.0,1304.00004
497,SINK_M,app1,Actuator,M.Action,16,56,270,72,Generator,0,1304.00004,1304.00004,1300.0,1304.00004
498,SINK_M,app1,Actuator,M.Action,17,57,6,72,Generator,0,1304.00004,1304.00004,1300.0,1304.00004
515,SINK_M,app1,Actuator,M.Action,34,74,336,72,Generator,0,1304.00004,1304.00004,1300.0,1304.00004
482,SINK_M,app1,Actuator,M.Action,1,41,61,72,Generator,0,1305.0000499999999,1305.0000499999999,1300.0,1305.0000499999999
512,SINK_M,app1,Actuator,M.Action,31,71,176,72,Generator,0,1305.0000499999999,1305.0000499999999,1300.0,1305.0000499999999
509,SINK_M,app1,Actuator,M.Action,28,68,71,72,Generator,0,1305.0000499999999,1305.0000499999999,1300.0,1305.0000499999999
514,SINK_M,app1,Actuator,M.Action,33,73,6,72,Generator,0,1305.0000499999999,1305.0000499999999,1300.0,1305.0000499999999
501,SINK_M,app1,Actuator,M.Action,20,60,347,72,Generator,0,1305.0000499999999,1305.0000499999999,1300.0,1305.0000499999999
492,SINK_M,app1,Actuator,M.Action,11,51,60,72,Generator,0,1306.0000599999998,1306.0000599999998,1300.0,1306.0000599999998
505,SINK_M,app1,Actuator,M.Action,24,64,96,72,Generator,0,1306.0000599999998,1306.0000599999998,1300.0,1306.0000599999998
503,SINK_M,app1,Actuator,M.Action,22,62,56,72,Generator,0,1306.0000599999998,1306.0000599999998,1300.0,1306.0000599999998
519,SINK_M,app1,Actuator,M.Action,38,78,60,72,Generator,0,1307.0000699999998,1307.0000699999998,1300.0,1307.0000699999998
507,SINK_M,app1,Actuator,M.Action,26,66,132,72,Generator,0,1307.0000699999998,1307.0000699999998,1300.0,1307.0000699999998
520,SINK_M,app1,Actuator,M.Action,39,79,57,72,Generator,0,1307.0000699999998,1307.0000699999998,1300.0,1307.0000699999998
490,SINK_M,app1,Actuator,M.Action,9,49,206,72,Generator,0,1307.0000699999998,1307.0000699999998,1300.0,1307.0000699999998
506,SINK_M,app1,Actuator,M.Action,25,65,140,72,Generator,0,1307.0000699999998,1307.0000699999998,1300.0,1307.0000699999998
513,SINK_M,app1,Actuator,M.Action,32,72,347,72,Generator,0,1308.0000799999998,1308.0000799999998,1300.0,1308.0000799999998
491,SINK_M,app1,Actuator,M.Action,10,50,83,72,Generator,0,1308.0000799999998,1308.0000799999998,1300.0,1308.0000799999998
494,SINK_M,app1,Actuator,M.Action,13,53,206,72,Generator,0,1308.0000799999998,1308.0000799999998,1300.0,1308.0000799999998
510,SINK_M,app1,Actuator,M.Action,29,69,96,72,Generator,0,1309.0000899999998,1309.0000899999998,1300.0,1309.0000899999998
523,SINK_M,app1,Actuator,M.Action,2,42,317,72,Generator,0,1401.00001,1401.00001,1400.0,1401.00001
524,SINK_M,app1,Actuator,M.Action,3,43,51,72,Generator,0,1401.00001,1401.00001,1400.0,1401.00001
526,SINK_M,app1,Actuator,M.Action,5,45,0,72,Generator,0,1401.00001,1401.00001,1400.0,1401.00001
535,SINK_M,app1,Actuator,M.Action,14,54,89,72,Generator,0,1401.00001,1401.00001,1400.0,1401.00001
544,SINK_M,app1,Actuator,M.Action,23,63,228,72,Generator,0,1401.00001,1401.00001,1400.0,1401.00001
558,SINK_M,app1,Actuator,M.Action,37,77,168,72,Generator,0,1401.00001,1401.00001,1400.0,1401.00001
525,SINK_M,app1,Actuator,M.Action,4,44,317,72,Generator,0,1402.00002,1402.00002,1400.0,1402.00002
527,SINK_M,app1,Actuator,M.Action,6,46,51,72,Generator,0,1402.00002,1402.00002,1400.0,1402.00002
556,SINK_M,app1,Actuator,M.Action,35,75,89,72,Generator,0,1402.00002,1402.00002,1400.0,1402.00002
528,SINK_M,app1,Actuator,M.Action,7,47,103,72,Generator,0,1402.00002,1402.00002,1400.0,1402.00002
536,SINK_M,app1,Actuator,M.Action,15,55,218,72,Generator,0,1402.00002,1402.00002,1400.0,1402.00002
529,SINK_M,app1,Actuator,M.Action,8,48,42,72,Generator,0,1403.00003,1403.00003,1400.0,1403.00003
539,SINK_M,app1,Actuator,M.Action,18,58,85,72,Generator,0,1403.00003,1403.00003,1400.0,1403.00003
533,SINK_M,app1,Actuator,M.Action,12,52,103,72,Generator,0,1403.00003,1403.00003,1400.0,1403.00003
551,SINK_M,app1,Actuator,M.Action,30,70,218,72,Generator,0,1403.00003,1403.00003,1400.0,1403.00003
542,SINK_M,app1,Actuator,M.Action,21,61,114,72,Generator,0,1403.00003,1403.00003,1400.0,1403.00003
557,SINK_M,app1,Actuator,M.Action,36,76,105,72,Generator,0,1403.00003,1403.00003,1400.0,1403.00003
540,SINK_M,app1,Actuator,M.Action,19,59,170,72,Generator,0,1404.00004,1404.00004,1400.0,1404.00004
548,SINK_M,app1,Actuator,M.Action,27,67,103,72,Generator,0,1404.00004,1404.00004,1400.0,1404.00004
521,SINK_M,app1,Actuator,M.Action,0,40,60,72,Generator,0,1404.00004,1404.00004,1400.0,1404.00004
537,SINK_M,app1,Actuator,M.Action,16,56,270,72,Generator,0,1404.00004,1404.00004,1400.0,1404.00004
538,SINK_M,app1,Actuator,M.Action,17,57,6,72,Generator,0,1404.00004,1404.00004,1400.0,1404.00004
555,SINK_M,app1,Actuator,M.Action,34,74,336,72,Generator,0,1404.00004,1404.00004,1400.0,1404.00004
522,SINK_M,app1,Actuator,M.Action,1,41,61,72,Generator,0,1405.0000499999999,1405.0000499999999,1400.0,1405.0000499999999
552,SINK_M,app1,Actuator,M.Action,31,71,176,72,Generator,0,1405.0000499999999,1405.0000499999999,1400.0,1405.0000499999999
549,SINK_M,app1,Actuator,M.Action,28,68,71,72,Generator,0,1405.0000499999999,1405.0000499999999,1400.0,1405.0000499999999
554,SINK_M,app1,Actuator,M.Action,33,73,6,72,Generator,0,1405.0000499999999,1405.0000499999999,1400.0,1405.0000499999999
541,SINK_M,app1,Actuator,M.Action,20,60,347,72,Generator,0,1405.0000499999999,1405.0000499999999,1400.0,1405.0000499999999
532,SINK_M,app1,Actuator,M.Action,11,51,60,72,Generator,0,1406.0000599999998,1406.0000599999998,1400.0,1406.0000599999998
545,SINK_M,app1,Actuator,M.Action,24,64,96,72,Generator,0,1406.0000599999998,1406.0000599999998,1400.0,1406.0000599999998
543,SINK_M,app1,Actuator,M.Action,22,62,56,72,Generator,0,1406.0000599999998,1406.0000599999998,1400.0,1406.0000599999998
559,SINK_M,app1,Actuator,M.Action,38,78,60,72,Generator,0,1407.0000699999998,1407.0000699999998,1400.0,1407.0000699999998
547,SINK_M,app1,Actuator,M.Action,26,66,132,72,Generator,0,1407.0000699999998,1407.0000699999998,1400.0,1407.0000699999998
560,SINK_M,app1,Actuator,M.Action,39,79,57,72,Generator,0,1407.0000699999998,1407.0000699999998,1400.0,1407.0000699999998
530,SINK_M,app1,Actuator,M.Action,9,49,206,72,Generator,0,1407.0000699999998,1407.0000699999998,1400.0,1407.0000699999998
546,SINK_M,app1,Actuator,M.Action,25,65,140,72,Generator,0,1407.0000699999998,1407.0000699999998,1400.0,1407.0000699999998
553,SINK_M,app1,Actuator,M.Action,32,72,347,72,Generator,0,1408.0000799999998,1408.0000799999998,1400.0,1408.0000799999998
531,SINK_M,app1,Actuator,M.Action,10,50,83,72,Generator,0,1408.0000799999998,1408.0000799999998,1400.0,1408.0000799999998
534,SINK_M,app1,Actuator,M.Action,13,53,206,72,Generator,0,1408.0000799999998,1408.0000799999998,1400.0,1408.0000799999998
550,SINK_M,app1,Actuator,M.Action,29,69,96,72,Generator,0,1409.0000899999998,1409.0000899999998,1400.0,1409.0000899999998
563,SINK_M,app1,Actuator,M.Action,2,42,317,72,Generator,0,1501.00001,1501.00001,1500.0,1501.00001
564,SINK_M,app1,Actuator,M.Action,3,43,51,72,Generator,0,1501.00001,1501.00001,1500.0,1501.00001
566,SINK_M,app1,Actuator,M.Action,5,45,0,72,Generator,0,1501.00001,1501.00001,1500.0,1501.00001
575,SINK_M,app1,Actuator,M.Action,14,54,89,72,Generator,0,1501.00001,1501.00001,1500.0,1501.00001
584,SINK_M,app1,Actuator,M.Action,23,63,228,72,Generator,0,1501.00001,1501.00001,1500.0,1501.00001
598,SINK_M,app1,Actuator,M.Action,37,77,168,72,Generator,0,1501.00001,1501.00001,1500.0,1501.00001
565,SINK_M,app1,Actuator,M.Action,4,44,317,72,Generator,0,1502.00002,1502.00002,1500.0,1502.00002
567,SINK_M,app1,Actuator,M.Action,6,46,51,72,Generator,0,1502.00002,1502.00002,1500.0,1502.00002
596,SINK_M,app1,Actuator,M.Action,35,75,89,72,Generator,0,1502.00002,1502.00002,1500.0,1502.00002
568,SINK_M,app1,Actuator,M.Action,7,47,103,72,Generator,0,1502.00002,1502.00002,1500.0,1502.00002
576,SINK_M,app1,Actuator,M.Action,15,55,218,72,Generator,0,1502.00002,1502.00002,1500.0,1502.00002
569,SINK_M,app1,Actuator,M.Action,8,48,42,72,Generator,0,1503.00003,1503.00003,1500.0,1503.00003
579,SINK_M,app1,Actuator,M.Action,18,58,85,72,Generator,0,1503.00003,1503.00003,1500.0,1503.00003
573,SINK_M,app1,Actuator,M.Action,12,52,103,72,Generator,0,1503.00003,1503.00003,1500.0,1503.00003
591,SINK_M,app1,Actuator,M.Action,30,70,218,72,Generator,0,1503.00003,1503.00003,1500.0,1503.00003
582,SINK_M,app1,Actuator,M.Action,21,61,114,72,Generator,0,1503.00003,1503.00003,1500.0,1503.00003
597,SINK_M,app1,Actuator,M.Action,36,76,105,72,Generator,0,1503.00003,1503.00003,1500.0,1503.00003
580,SINK_M,app1,Actuator,M.Action,19,59,170,72,Generator,0,1504.00004,1504.00004,1500.0,1504.00004
588,SINK_M,app1,Actuator,M.Action,27,67,103,72,Generator,0,1504.00004,1504.00004,1500.0,1504.00004
561,SINK_M,app1,Actuator,M.Action,0,40,60,72,Generator,0,1504.00004,1504.00004,1500.0,1504.00004
577,SINK_M,app1,Actuator,M.Action,16,56,270,72,Generator,0,1504.00004,1504.00004,1500.0,1504.00004
578,SINK_M,app1,Actuator,M.Action,17,57,6,72,Generator,0,1504.00004,1504.00004,1500.0,1504.00004
595,SINK_M,app1,Actuator,M.Action,34,74,336,72,Generator,0,1504.00004,1504.00004,1500.0,1504.00004
562,SINK_M,app1,Actuator,M.Action,1,41,61,72,Generator,0,1505.0000499999999,1505.0000499999999,1500.0,1505.0000499999999
592,SINK_M,app1,Actuator,M.Action,31,71,176,72,Generator,0,1505.0000499999999,1505.0000499999999,1500.0,1505.0000499999999
589,SINK_M,app1,Actuator,M.Action,28,68,71,72,Generator,0,1505.0000499999999,1505.0000499999999,1500.0,1505.0000499999999
594,SINK_M,app1,Actuator,M.Action,33,73,6,72,Generator,0,1505.0000499999999,1505.0000499999999,1500.0,1505.0000499999999
581,SINK_M,app1,Actuator,M.Action,20,60,347,72,Generator,0,1505.0000499999999,1505.0000499999999,1500.0,1505.0000499999999
572,SINK_M,app1,Actuator,M.Action,11,51,60,72,Generator,0,1506.0000599999998,1506.0000599999998,1500.0,1506.0000599999998
585,SINK_M,app1,Actuator,M.Action,24,64,96,72,Generator,0,1506.0000599999998,1506.0000599999998,1500.0,1506.0000599999998
583,SINK_M,app1,Actuator,M.Action,22,62,56,72,Generator,0,1506.0000599999998,1506.0000599999998,1500.0,1506.0000599999998
599,SINK_M,app1,Actuator,M.Action,38,78,60,72,Generator,0,1507.0000699999998,1507.0000699999998,1500.0,1507.0000699999998
587,SINK_M,app1,Actuator,M.Action,26,66,132,72,Generator,0,1507.0000699999998,1507.0000699999998,1500.0,1507.0000699999998
600,SINK_M,app1,Actuator,M.Action,39,79,57,72,Generator,0,1507.0000699999998,1507.0000699999998,1500.0,1507.0000699999998
570,SINK_M,app1,Actuator,M.Action,9,49,206,72,Generator,0,1507.0000699999998,1507.0000699999998,1500.0,1507.0000699999998
586,SINK_M,app1,Actuator,M.Action,25,65,140,72,Generator,0,1507.0000699999998,1507.0000699999998,1500.0,1507.0000699999998
593,SINK_M,app1,Actuator,M.Action,32,72,347,72,Generator,0,1508.0000799999998,1508.0000799999998,1500.0,1508.0000799999998
571,SINK_M,app1,Actuator,M.Action,10,50,83,72,Generator,0,1508.0000799999998,1508.0000799999998,1500.0,1508.0000799999998
574,SINK_M,app1,Actuator,M.Action,13,53,206,72,Generator,0,1508.0000799999998,1508.0000799999998,1500.0,1508.0000799999998
590,SINK_M,app1,Actuator,M.Action,29,69,96,72,Generator,0,1509.0000899999998,1509.0000899999998,1500.0,1509.0000899999998
603,SINK_M,app1,Actuator,M.Action,2,42,317,72,Generator,0,1601.00001,1601.00001,1600.0,1601.00001
604,SINK_M,app1,Actuator,M.Action,3,43,51,72,Generator,0,1601.00001,1601.00001,1600.0,1601.00001
606,SINK_M,app1,Actuator,M.Action,5,45,0,72,Generator,0,1601.00001,1601.00001,1600.0,1601.00001
615,SINK_M,app1,Actuator,M.Action,14,54,89,72,Generator,0,1601.00001,1601.00001,1600.0,1601.00001
624,SINK_M,app1,Actuator,M.Action,23,63,228,72,Generator,0,1601.00001,1601.00001,1600.0,1601.00001
638,SINK_M,app1,Actuator,M.Action,37,77,168,72,Generator,0,1601.00001,1601.00001,1600.0,1601.00001
605,SINK_M,app1,Actuator,M.Action,4,44,317,72,Generator,0,1602.00002,1602.00002,1600.0,1602.00002
607,SINK_M,app1,Actuator,M.Action,6,46,51,72,Generator,0,1602.00002,1602.00002,1600.0,1602.00002
636,SINK_M,app1,Actuator,M.Action,35,75,89,72,Generator,0,1602.00002,1602.00002,1600.0,1602.00002
608,SINK_M,app1,Actuator,M.Action,7,47,103,72,Generator,0,1602.00002,1602.00002,1600.0,1602.00002
616,SINK_M,app1,Actuator,M.Action,15,55,218,72,Generator,0,1602.00002,1602.00002,1600.0,1602.00002
609,SINK_M,app1,Actuator,M.Action,8,48,42,72,Generator,0,1603.00003,1603.00003,1600.0,1603.00003
619,SINK_M,app1,Actuator,M.Action,18,58,85,72,Generator,0,1603.00003,1603.00003,1600.0,1603.00003
613,SINK_M,app1,Actuator,M.Action,12,52,103,72,Generator,0,1603.00003,1603.00003,1600.0,1603.00003
631,SINK_M,app1,Actuator,M.Action,30,70,218,72,Generator,0,1603.00003,1603.00003,1600.0,1603.00003
622,SINK_M,app1,Actuator,M.Action,21,61,114,72,Generator,0,1603.00003,1603.00003,1600.0,1603.00003
637,SINK_M,app1,Actuator,M.Action,36,76,105,72,Generator,0,1603.00003,1603.00003,1600.0,1603.00003
620,SINK_M,app1,Actuator,M.Action,19,59,170,72,Generator,0,1604.00004,1604.00004,1600.0,1604.00004
628,SINK_M,app1,Actuator,M.Action,27,67,103,72,Generator,0,1604.00004,1604.00004,1600.0,1604.00004
601,SINK_M,app1,Actuator,M.Action,0,40,60,72,Generator,0,1604.00004,1604.00004,1600.0,1604.00004
617,SINK_M,app1,Actuator,M.Action,16,56,270,72,Generator,0,1604.00004,1604.00004,1600.0,1604.00004
618,SINK_M,app1,Actuator,M.Action,17,57,6,72,Generator,0,1604.00004,1604.00004,1600.0,1604.00004
635,SINK_M,app1,Actuator,M.Action,34,74,336,72,Generator,0,1604.00004,1604.00004,1600.0,1604.00004
602,SINK_M,app1,Actuator,M.Action,1,41,61,72,Generator,0,1605.0000499999999,1605.0000499999999,1600.0,1605.0000499999999
632,SINK_M,app1,Actuator,M.Action,31,71,176,72,Generator,0,1605.0000499999999,1605.0000499999999,1600.0,1605.0000499999999
629,SINK_M,app1,Actuator,M.Action,28,68,71,72,Generator,0,1605.0000499999999,1605.0000499999999,1600.0,1605.0000499999999
634,SINK_M,app1,Actuator,M.Action,33,73,6,72,Generator,0,1605.0000499999999,1605.0000499999999,1600.0,1605.0000499999999
621,SINK_M,app1,Actuator,M.Action,20,60,347,72,Generator,0,1605.0000499999999,1605.0000499999999,1600.0,1605.0000499999999
612,SINK_M,app1,Actuator,M.Action,11,51,60,72,Generator,0,1606.0000599999998,1606.0000599999998,1600.0,1606.0000599999998
625,SINK_M,app1,Actuator,M.Action,24,64,96,72,Generator,0,1606.0000599999998,1606.0000599999998,1600.0,1606.0000599999998
623,SINK_M,app1,Actuator,M.Action,22,62,56,72,Generator,0,1606.0000599999998,1606.0000599999998,1600.0,1606.0000599999998
639,SINK_M,app1,Actuator,M.Action,38,78,60,72,Generator,0,1607.0000699999998,1607.0000699999998,1600.0,1607.0000699999998
627,SINK_M,app1,Actuator,M.Action,26,66,132,72,Generator,0,1607.0000699999998,1607.0000699999998,1600.0,1607.0000699999998
640,SINK_M,app1,Actuator,M.Action,39,79,57,72,Generator,0,1607.0000699999998,1607.0000699999998,1600.0,1607.0000699999998
610,SINK_M,app1,Actuator,M.Action,9,49,206,72,Generator,0,1607.0000699999998,1607.0000699999998,1600.0,1607.0000699999998
626,SINK_M,app1,Actuator,M.Action,25,65,140,72,Generator,0,1607.0000699999998,1607.0000699999998,1600.0,1607.0000699999998
633,SINK_M,app1,Actuator,M.Action,32,72,347,72,Generator,0,1608.0000799999998,1608.0000799999998,1600.0,1608.0000799999998
611,SINK_M,app1,Actuator,M.Action,10,50,83,72,Generator,0,1608.0000799999998,1608.0000799999998,1600.0,1608.0000799999998
614,SINK_M,app1,Actuator,M.Action,13,53,206,72,Generator,0,1608.0000799999998,1608.0000799999998,1600.0,1608.0000799999998
630,SINK_M,app1,Actuator,M.Action,29,69,96,72,Generator,0,1609.0000899999998,1609.0000899999998,1600.0,1609.0000899999998
643,SINK_M,app1,Actuator,M.Action,2,42,317,72,Generator,0,1701.00001,1701.00001,1700.0,1701.00001
644,SINK_M,app1,Actuator,M.Action,3,43,51,72,Generator,0,1701.00001,1701.00001,1700.0,1701.00001
646,SINK_M,app1,Actuator,M.Action,5,45,0,72,Generator,0,1701.00001,1701.00001,1700.0,1701.00001
648,SINK_M,app1,Actuator,M.Action,7,47,198,72,Generator,0,1701.00001,1701.00001,1700.0,1701.00001
655,SINK_M,app1,Actuator,M.Action,14,54,89,72,Generator,0,1701.00001,1701.00001,1700.0,1701.00001
664,SINK_M,app1,Actuator,M.Action,23,63,228,72,Generator,0,1701.00001,1701.00001,1700.0,1701.00001
678,SINK_M,app1,Actuator,M.Action,37,77,168,72,Generator,0,1701.00001,1701.00001,1700.0,1701.00001
645,SINK_M,app1,Actuator,M.Action,4,44,317,72,Generator,0,1702.00002,1702.00002,1700.0,1702.00002
647,SINK_M,app1,Actuator,M.Action,6,46,51,72,Generator,0,1702.00002,1702.00002,1700.0,1702.00002
653,SINK_M,app1,Actuator,M.Action,12,52,198,72,Generator,0,1702.00002,1702.00002,1700.0,1702.00002
656,SINK_M,app1,Actuator,M.Action,15,55,0,72,Generator,0,1702.00002,1702.00002,1700.0,1702.00002
659,SINK_M,app1,Actuator,M.Action,18,58,89,72,Generator,0,1702.00002,1702.00002,1700.0,1702.00002
677,SINK_M,app1,Actuator,M.Action,36,76,24,72,Generator,0,1702.00002,1702.00002,1700.0,1702.00002
649,SINK_M,app1,Actuator,M.Action,8,48,51,72,Generator,0,1703.00003,1703.00003,1700.0,1703.00003
668,SINK_M,app1,Actuator,M.Action,27,67,198,72,Generator,0,1703.00003,1703.00003,1700.0,1703.00003
671,SINK_M,app1,Actuator,M.Action,30,70,0,72,Generator,0,1703.00003,1703.00003,1700.0,1703.00003
676,SINK_M,app1,Actuator,M.Action,35,75,89,72,Generator,0,1703.00003,1703.00003,1700.0,1703.00003
662,SINK_M,app1,Actuator,M.Action,21,61,308,72,Generator,0,1703.00003,1703.00003,1700.0,1703.00003
657,SINK_M,app1,Actuator,M.Action,16,56,240,72,Generator,0,1703.00003,1703.00003,1700.0,1703.00003
660,SINK_M,app1,Actuator,M.Action,19,59,51,72,Generator,0,1704.00004,1704.00004,1700.0,1704.00004
641,SINK_M,app1,Actuator,M.Action,0,40,218,72,Generator,0,1704.00004,1704.00004,1700.0,1704.00004
669,SINK_M,app1,Actuator,M.Action,28,68,103,72,Generator,0,1704.00004,1704.00004,1700.0,1704.00004
658,SINK_M,app1,Actuator,M.Action,17,57,114,72,Generator,0,1704.00004,1704.00004,1700.0,1704.00004
675,SINK_M,app1,Actuator,M.Action,34,74,4,72,Generator,0,1704.00004,1704.00004,1700.0,1704.00004
661,SINK_M,app1,Actuator,M.Action,20,60,30,72,Generator,0,1704.00004,1704.00004,1700.0,1704.00004
652,SINK_M,app1,Actuator,M.Action,11,51,218,72,Generator,0,1705.0000499999999,1705.0000499999999,1700.0,1705.0000499999999
663,SINK_M,app1,Actuator,M.Action,22,62,71,72,Generator,0,1705.0000499999999,1705.0000499999999,1700.0,1705.0000499999999
672,SINK_M,app1,Actuator,M.Action,31,71,78,72,Generator,0,1705.0000499999999,1705.0000499999999,1700.0,1705.0000499999999
674,SINK_M,app1,Actuator,M.Action,33,73,114,72,Generator,0,1705.0000499999999,1705.0000499999999,1700.0,1705.0000499999999
665,SINK_M,app1,Actuator,M.Action,24,64,336,72,Generator,0,1705.0000499999999,1705.0000499999999,1700.0,1705.0000499999999
667,SINK_M,app1,Actuator,M.Action,26,66,9,72,Generator,0,1705.0000499999999,1705.0000499999999,1700.0,1705.0000499999999
642,SINK_M,app1,Actuator,M.Action,1,41,153,72,Generator,0,1706.0000599999998,1706.0000599999998,1700.0,1706.0000599999998
680,SINK_M,app1,Actuator,M.Action,39,79,56,72,Generator,0,1706.0000599999998,1706.0000599999998,1700.0,1706.0000599999998
670,SINK_M,app1,Actuator,M.Action,29,69,336,72,Generator,0,1706.0000599999998,1706.0000599999998,1700.0,1706.0000599999998
673,SINK_M,app1,Actuator,M.Action,32,72,30,72,Generator,0,1706.0000599999998,1706.0000599999998,1700.0,1706.0000599999998
666,SINK_M,app1,Actuator,M.Action,25,65,172,72,Generator,0,1706.0000599999998,1706.0000599999998,1700.0,1706.0000599999998
679,SINK_M,app1,Actuator,M.Action,38,78,218,72,Generator,0,1707.0000699999998,1707.0000699999998,1700.0,1707.0000699999998
650,SINK_M,app1,Actuator,M.Action,9,49,96,72,Generator,0,1707.0000699999998,1707.0000699999998,1700.0,1707.0000699999998
651,SINK_M,app1,Actuator,M.Action,10,50,60,72,Generator,0,1708.0000799999998,1708.0000799999998,1700.0,1708.0000799999998
654,SINK_M,app1,Actuator,M.Action,13,53,96,72,Generator,0,1708.0000799999998,1708.0000799999998,1700.0,1708.0000799999998
683,SINK_M,app1,Actuator,M.Action,2,42,317,72,Generator,0,1801.00001,1801.00001,1800.0,1801.00001
684,SINK_M,app1,Actuator,M.Action,3,43,51,72,Generator,0,1801.00001,1801.00001,1800.0,1801.00001
686,SINK_M,app1,Actuator,M.Action,5,45,0,72,Generator,0,1801.00001,1801.00001,1800.0,1801.00001
688,SINK_M,app1,Actuator,M.Action,7,47,198,72,Generator,0,1801.00001,1801.00001,1800.0,1801.00001
695,SINK_M,app1,Actuator,M.Action,14,54,89,72,Generator,0,1801.00001,1801.00001,1800.0,1801.00001
704,SINK_M,app1,Actuator,M.Action,23,63,228,72,Generator,0,1801.00001,1801.00001,1800.0,1801.00001
718,SINK_M,app1,Actuator,M.Action,37,77,168,72,Generator,0,1801.00001,1801.00001,1800.0,1801.00001
685,SINK_M,app1,Actuator,M.Action,4,44,317,72,Generator,0,1802.00002,1802.00002,1800.0,1802.00002
687,SINK_M,app1,Actuator,M.Action,6,46,51,72,Generator,0,1802.00002,1802.00002,1800.0,1802.00002
693,SINK_M,app1,Actuator,M.Action,12,52,198,72,Generator,0,1802.00002,1802.00002,1800.0,1802.00002
696,SINK_M,app1,Actuator,M.Action,15,55,0,72,Generator,0,1802.00002,1802.00002,1800.0,1802.00002
699,SINK_M,app1,Actuator,M.Action,18,58,89,72,Generator,0,1802.00002,1802.00002,1800.0,1802.00002
717,SINK_M,app1,Actuator,M.Action,36,76,24,72,Generator,0,1802.00002,1802.00002,1800.0,1802.00002
689,SINK_M,app1,Actuator,M.Action,8,48,51,72,Generator,0,1803.00003,1803.00003,1800.0,1803.00003
708,SINK_M,app1,Actuator,M.Action,27,67,198,72,Generator,0,1803.00003,1803.00003,1800.0,1803.00003
711,SINK_M,app1,Actuator,M.Action,30,70,0,72,Generator,0,1803.00003,1803.00003,1800.0,1803.00003
716,SINK_M,app1,Actuator,M.Action,35,75,89,72,Generator,0,1803.00003,1803.00003,1800.0,1803.00003
702,SINK_M,app1,Actuator,M.Action,21,61,308,72,Generator,0,1803.00003,1803.00003,1800.0,1803.00003
697,SINK_M,app1,Actuator,M.Action,16,56,240,72,Generator,0,1803.00003,1803.00003,1800.0,1803.00003
700,SINK_M,app1,Actuator,M.Action,19,59,51,72,Generator,0,1804.00004,1804.00004,1800.0,1804.00004
681,SINK_M,app1,Actuator,M.Action,0,40,218,72,Generator,0,1804.00004,1804.00004,1800.0,1804.00004
709,SINK_M,app1,Actuator,M.Action,28,68,103,72,Generator,0,1804.00004,1804.00004,1800.0,1804.00004
698,SINK_M,app1,Actuator,M.Action,17,57,114,72,Generator,0,1804.00004,1804.00004,1800.0,1804.00004
715,SINK_M,app1,Actuator,M.Action,34,74,4,72,Generator,0,1804.00004,1804.00004,1800.0,1804.00004
701,SINK_M,app1,Actuator,M.Action,20,60,30,72,Generator,0,1804.00004,1804.00004,1800.0,1804.00004
692,SINK_M,app1,Actuator,M.Action,11,51,218,72,Generator,0,1805.0000499999999,1805.0000499999999,1800.0,1805.0000499999999
703,SINK_M,app1,Actuator,M.Action,22,62,71,72,Generator,0,1805.0000499999999,1805.0000499999999,1800.0,1805.0000499999999
712,SINK_M,app1,Actuator,M.Action,31,71,78,72,Generator,0,1805.0000499999999,1805.0000499999999,1800.0,1805.0000499999999
714,SINK_M,app1,Actuator,M.Action,33,73,114,72,Generator,0,1805.0000499999999,1805.0000499999999,1800.0,1805.0000499999999
705,SINK_M,app1,Actuator,M.Action,24,64,336,72,Generator,0,1805.0000499999999,1805.0000499999999,1800.0,1805.0000499999999
707,SINK_M,app1,Actuator,M.Action,26,66,9,72,Generator,0,1805.0000499999999,1805.0000499999999,1800.0,1805.0000499999999
682,SINK_M,app1,Actuator,M.Action,1,41,153,72,Generator,0,1806.0000599999998,1806.0000599999998,1800.0,1806.0000599999998
720,SINK_M,app1,Actuator,M.Action,39,79,56,72,Generator,0,1806.0000599999998,1806.0000599999998,1800.0,1806.0000599999998
710,SINK_M,app1,Actuator,M.Action,29,69,336,72,Generator,0,1806.0000599999998,1806.0000599999998,1800.0,1806.0000599999998
713,SINK_M,app1,Actuator,M.Action,32,72,30,72,Generator,0,1806.0000599999998,1806.0000599999998,1800.0,1806.0000599999998
706,SINK_M,app1,Actuator,M.Action,25,65,172,72,Generator,0,1806.0000599999998,1806.0000599999998,1800.0,1806.0000599999998
719,SINK_M,app1,Actuator,M.Action,38,78,218,72,Generator,0,1807.0000699999998,1807.0000699999998,1800.0,1807.0000699999998
690,SINK_M,app1,Actuator,M.Action,9,49,96,72,Generator,0,1807.0000699999998,1807.0000699999998,1800.0,1807.0000699999998
691,SINK_M,app1,Actuator,M.Action,10,50,60,72,Generator,0,1808.0000799999998,1808.0000799999998,1800.0,1808.0000799999998
694,SINK_M,app1,Actuator,M.Action,13,53,96,72,Generator,0,1808.0000799999998,1808.0000799999998,1800.0,1808.0000799999998
723,SINK_M,app1,Actuator,M.Action,2,42,317,72,Generator,0,1901.00001,1901.00001,1900.0,1901.00001
724,SINK_M,app1,Actuator,M.Action,3,43,51,72,Generator,0,1901.00001,1901.00001,1900.0,1901.00001
726,SINK_M,app1,Actuator,M.Action,5,45,0,72,Generator,0,1901.00001,1901.00001,1900.0,1901.00001
728,SINK_M,app1,Actuator,M.Action,7,47,198,72,Generator,0,1901.00001,1901.00001,1900.0,1901.00001
735,SINK_M,app1,Actuator,M.Action,14,54,89,72,Generator,0,1901.00001,1901.00001,1900.0,1901.00001
744,SINK_M,app1,Actuator,M.Action,23,63,228,72,Generator,0,1901.00001,1901.00001,1900.0,1901.00001
758,SINK_M,app1,Actuator,M.Action,37,77,168,72,Generator,0,1901.00001,1901.00001,1900.0,1901.00001
725,SINK_M,app1,Actuator,M.Action,4,44,317,72,Generator,0,1902.00002,1902.00002,1900.0,1902.00002
727,SINK_M,app1,Actuator,M.Action,6,46,51,72,Generator,0,1902.00002,1902.00002,1900.0,1902.00002
733,SINK_M,app1,Actuator,M.Action,12,52,198,72,Generator,0,1902.00002,1902.00002,1900.0,1902.00002
736,SINK_M,app1,Actuator,M.Action,15,55,0,72,Generator,0,1902.00002,1902.00002,1900.0,1902.00002
739,SINK_M,app1,Actuator,M.Action,18,58,89,72,Generator,0,1902.00002,1902.00002,1900.0,1902.00002
757,SINK_M,app1,Actuator,M.Action,36,76,24,72,Generator,0,1902.00002,1902.00002,1900.0,1902.00002
729,SINK_M,app1,Actuator,M.Action,8,48,51,72,Generator,0,1903.00003,1903.00003,1900.0,1903.00003
748,SINK_M,app1,Actuator,M.Action,27,67,198,72,Generator,0,1903.00003,1903.00003,1900.0,1903.00003
751,SINK_M,app1,Actuator,M.Action,30,70,0,72,Generator,0,1903.00003,1903.00003,1900.0,1903.00003
756,SINK_M,app1,Actuator,M.Action,35,75,89,72,Generator,0,1903.00003,1903.00003,1900.0,1903.00003
742,SINK_M,app1,Actuator,M.Action,21,61,308,72,Generator,0,1903.00003,1903.00003,1900.0,1903.00003
737,SINK_M,app1,Actuator,M.Action,16,56,240,72,Generator,0,1903.00003,1903.00003,1900.0,1903.00003
740,SINK_M,app1,Actuator,M.Action,19,59,51,72,Generator,0,1904.00004,1904.00004,1900.0,1904.00004
721,SINK_M,app1,Actuator,M.Action,0,40,218,72,Generator,0,1904.00004,1904.00004,1900.0,1904.00004
749,SINK_M,app1,Actuator,M.Action,28,68,103,72,Generator,0,1904.00004,1904.00004,1900.0,1904.00004
738,SINK_M,app1,Actuator,M.Action,17,57,114,72,Generator,0,1904.00004,1904.00004,1900.0,1904.00004
755,SINK_M,app1,Actuator,M.Action,34,74,4,72,Generator,0,1904.00004,1904.00004,1900.0,1904.00004
741,SINK_M,app1,Actuator,M.Action,20,60,30,72,Generator,0,1904.00004,1904.00004,1900.0,1904.00004
732,SINK_M,app1,Actuator,M.Action,11,51,218,72,Generator,0,1905.0000499999999,1905.0000499999999,1900.0,1905.0000499999999
743,SINK_M,app1,Actuator,M.Action,22,62,71,72,Generator,0,1905.0000499999999,1905.0000499999999,1900.0,1905.0000499999999
752,SINK_M,app1,Actuator,M.Action,31,71,78,72,Generator,0,1905.0000499999999,1905.0000499999999,1900.0,1905.0000499999999
754,SINK_M,app1,Actuator,M.Action,33,73,114,72,Generator,0,1905.0000499999999,1905.0000499999999,1900.0,1905.0000499999999
745,SINK_M,app1,Actuator,M.Action,24,64,336,72,Generator,0,1905.0000499999999,1905.0000499999999,1900.0,1905.0000499999999
747,SINK_M,app1,Actuator,M.Action,26,66,9,72,Generator,0,1905.0000499999999,1905.0000499999999,1900.0,1905.0000499999999
722,SINK_M,app1,Actuator,M.Action,1,41,153,72,Generator,0,1906.0000599999998,1906.0000599999998,1900.0,1906.0000599999998
760,SINK_M,app1,Actuator,M.Action,39,79,56,72,Generator,0,1906.0000599999998,1906.0000599999998,1900.0,1906.0000599999998
750,SINK_M,app1,Actuator,M.Action,29,69,336,72,Generator,0,1906.0000599999998,1906.0000599999998,1900.0,1906.0000599999998
753,SINK_M,app1,Actuator,M.Action,32,72,30,72,Generator,0,1906.0000599999998,1906.0000599999998,1900.0,1906.0000599999998
746,SINK_M,app1,Actuator,M.Action,25,65,172,72,Generator,0,1906.0000599999998,1906.0000599999998,1900.0,1906.0000599999998
759,SINK_M,app1,Actuator,M.Action,38,78,218,72,Generator,0,1907.0000699999998,1907.0000699999998,1900.0,1907.0000699999998
730,SINK_M,app1,Actuator,M.Action,9,49,96,72,Generator,0,1907.0000699999998,1907.0000699999998,1900.0,1907.0000699999998
731,SINK_M,app1,Actuator,M.Action,10,50,60,72,Generator,0,1908.0000799999998,1908.0000799999998,1900.0,1908.0000799999998
734,SINK_M,app1,Actuator,M.Action,13,53,96,72,Generator,0,1908.0000799999998,1908.0000799999998,1900.0,1908.0000799999998
763,SINK_M,app1,Actuator,M.Action,2,42,317,72,Generator,0,2001.00001,2001.00001,2000.0,2001.00001
764,SINK_M,app1,Actuator,M.Action,3,43,51,72,Generator,0,2001.00001,2001.00001,2000.0,2001.00001
766,SINK_M,app1,Actuator,M.Action,5,45,0,72,Generator,0,2001.00001,2001.00001,2000.0,2001.00001
768,SINK_M,app1,Actuator,M.Action,7,47,198,72,Generator,0,2001.00001,2001.00001,2000.0,2001.00001
775,SINK_M,app1,Actuator,M.Action,14,54,89,72,Generator,0,2001.00001,2001.00001,2000.0,2001.00001
784,SINK_M,app1,Actuator,M.Action,23,63,228,72,Generator,0,2001.00001,2001.00001,2000.0,2001.00001
798,SINK_M,app1,Actuator,M.Action,37,77,168,72,Generator,0,2001.00001,2001.00001,2000.0,2001.00001
765,SINK_M,app1,Actuator,M.Action,4,44,317,72,Generator,0,2002.00002,2002.00002,2000.0,2002.00002
767,SINK_M,app1,Actuator,M.Action,6,46,51,72,Generator,0,2002.00002,2002.00002,2000.0,2002.00002
773,SINK_M,app1,Actuator,M.Action,12,52,198,72,Generator,0,2002.00002,2002.00002,2000.0,2002.00002
776,SINK_M,app1,Actuator,M.Action,15,55,0,72,Generator,0,2002.00002,2002.00002,2000.0,2002.00002
779,SINK_M,app1,Actuator,M.Action,18,58,89,72,Generator,0,2002.00002,2002.00002,2000.0,2002.00002
797,SINK_M,app1,Actuator,M.Action,36,76,24,72,Generator,0,2002.00002,2002.00002,2000.0,2002.00002
769,SINK_M,app1,Actuator,M.Action,8,48,51,72,Generator,0,2003.00003,2003.00003,2000.0,2003.00003
788,SINK_M,app1,Actuator,M.Action,27,67,198,72,Generator,0,2003.00003,2003.00003,2000.0,2003.00003
791,SINK_M,app1,Actuator,M.Action,30,70,0,72,Generator,0,2003.00003,2003.00003,2000.0,2003.00003
796,SINK_M,app1,Actuator,M.Action,35,75,89,72,Generator,0,2003.00003,2003.00003,2000.0,2003.00003
782,SINK_M,app1,Actuator,M.Action,21,61,308,72,Generator,0,2003.00003,2003.00003,2000.0,2003.00003
777,SINK_M,app1,Actuator,M.Action,16,56,240,72,Generator,0,2003.00003,2003.00003,2000.0,2003.00003
780,SINK_M,app1,Actuator,M.Action,19,59,51,72,Generator,0,2004.00004,2004.00004,2000.0,2004.00004
761,SINK_M,app1,Actuator,M.Action,0,40,218,72,Generator,0,2004.00004,2004.00004,2000.0,2004.00004
789,SINK_M,app1,Actuator,M.Action,28,68,103,72,Generator,0,2004.00004,2004.00004,2000.0,2004.00004
778,SINK_M,app1,Actuator,M.Action,17,57,114,72,Generator,0,2004.00004,2004.00004,2000.0,2004.00004
795,SINK_M,app1,Actuator,M.Action,34,74,4,72,Generator,0,2004.00004,2004.00004,2000.0,2004.00004
781,SINK_M,app1,Actuator,M.Action,20,60,30,72,Generator,0,2004.00004,2004.00004,2000.0,2004.00004
772,SINK_M,app1,Actuator,M.Action,11,51,218,72,Generator,0,2005.0000499999999,2005.0000499999999,2000.0,2005.0000499999999
783,SINK_M,app1,Actuator,M.Action,22,62,71,72,Generator,0,2005.0000499999999,2005.0000499999999,2000.0,2005.0000499999999
792,SINK_M,app1,Actuator,M.Action,31,71,78,72,Generator,0,2005.0000499999999,2005.0000499999999,2000.0,2005.0000499999999
794,SINK_M,app1,Actuator,M.Action,33,73,114,72,Generator,0,2005.0000499999999,2005.0000499999999,2000.0,2005.0000499999999
785,SINK_M,app1,Actuator,M.Action,24,64,336,72,Generator,0,2005.0000499999999,2005.0000499999999,2000.0,2005.0000499999999
787,SINK_M,app1,Actuator,M.Action,26,66,9,72,Generator,0,2005.0000499999999,2005.0000499999999,2000.0,2005.0000499999999
762,SINK_M,app1,Actuator,M.Action,1,41,153,72,Generator,0,2006.0000599999998,2006.0000599999998,2000.0,2006.0000599999998
800,SINK_M,app1,Actuator,M.Action,39,79,56,72,Generator,0,2006.0000599999998,2006.0000599999998,2000.0,2006.0000599999998
790,SINK_M,app1,Actuator,M.Action,29,69,336,72,Generator,0,2006.0000599999998,2006.0000599999998,2000.0,2006.0000599999998
793,SINK_M,app1,Actuator,M.Action,32,72,30,72,Generator,0,2006.0000599999998,2006.0000599999998,2000.0,2006.0000599999998
786,SINK_M,app1,Actuator,M.Action,25,65,172,72,Generator,0,2006.0000599999998,2006.0000599999998,2000.0,2006.0000599999998
799,SINK_M,app1,Actuator,M.Action,38,78,218,72,Generator,0,2007.0000699999998,2007.0000699999998,2000.0,2007.0000699999998
770,SINK_M,app1,Actuator,M.Action,9,49,96,72,Generator,0,2007.0000699999998,2007.0000699999998,2000.0,2007.0000699999998
771,SINK_M,app1,Actuator,M.Action,10,50,60,72,Generator,0,2008.0000799999998,2008.0000799999998,2000.0,2008.0000799999998
774,SINK_M,app1,Actuator,M.Action,13,53,96,72,Generator,0,2008.0000799999998,2008.0000799999998,2000.0,2008.0000799999998
801,SINK_M,app1,Actuator,M.Action,0,40,0,72,Generator,0,2101.00001,2101.00001,2100.0,2101.00001
803,SINK_M,app1,Actuator,M.Action,2,42,317,72,Generator,0,2101.00001,2101.00001,2100.0,2101.00001
804,SINK_M,app1,Actuator,M.Action,3,43,51,72,Generator,0,2101.00001,2101.00001,2100.0,2101.00001
808,SINK_M,app1,Actuator,M.Action,7,47,198,72,Generator,0,2101.00001,2101.00001,2100.0,2101.00001
815,SINK_M,app1,Actuator,M.Action,14,54,89,72,Generator,0,2101.00001,2101.00001,2100.0,2101.00001
824,SINK_M,app1,Actuator,M.Action,23,63,228,72,Generator,0,2101.00001,2101.00001,2100.0,2101.00001
837,SINK_M,app1,Actuator,M.Action,36,76,168,72,Generator,0,2101.00001,2101.00001,2100.0,2101.00001
805,SINK_M,app1,Actuator,M.Action,4,44,317,72,Generator,0,2102.0000200000004,2102.0000200000004,2100.0,2102.0000200000004
806,SINK_M,app1,Actuator,M.Action,5,45,0,72,Generator,0,2102.0000200000004,2102.0000200000004,2100.0,2102.0000200000004
807,SINK_M,app1,Actuator,M.Action,6,46,51,72,Generator,0,2102.0000200000004,2102.0000200000004,2100.0,2102.0000200000004
813,SINK_M,app1,Actuator,M.Action,12,52,198,72,Generator,0,2102.0000200000004,2102.0000200000004,2100.0,2102.0000200000004
819,SINK_M,app1,Actuator,M.Action,18,58,89,72,Generator,0,2102.0000200000004,2102.0000200000004,2100.0,2102.0000200000004
838,SINK_M,app1,Actuator,M.Action,37,77,168,72,Generator,0,2102.0000200000004,2102.0000200000004,2100.0,2102.0000200000004
817,SINK_M,app1,Actuator,M.Action,16,56,171,72,Generator,0,2102.0000200000004,2102.0000200000004,2100.0,2102.0000200000004
809,SINK_M,app1,Actuator,M.Action,8,48,51,72,Generator,0,2103.0000300000006,2103.0000300000006,2100.0,2103.0000300000006
812,SINK_M,app1,Actuator,M.Action,11,51,0,72,Generator,0,2103.0000300000006,2103.0000300000006,2100.0,2103.0000300000006
822,SINK_M,app1,Actuator,M.Action,21,61,317,72,Generator,0,2103.0000300000006,2103.0000300000006,2100.0,2103.0000300000006
828,SINK_M,app1,Actuator,M.Action,27,67,198,72,Generator,0,2103.0000300000006,2103.0000300000006,2100.0,2103.0000300000006
836,SINK_M,app1,Actuator,M.Action,35,75,89,72,Generator,0,2103.0000300000006,2103.0000300000006,2100.0,2103.0000300000006
821,SINK_M,app1,Actuator,M.Action,20,60,257,72,Generator,0,2103.0000300000006,2103.0000300000006,2100.0,2103.0000300000006
816,SINK_M,app1,Actuator,M.Action,15,55,0,72,Generator,0,2104.000040000001,2104.000040000001,2100.0,2104.000040000001
820,SINK_M,app1,Actuator,M.Action,19,59,51,72,Generator,0,2104.000040000001,2104.000040000001,2100.0,2104.000040000001
829,SINK_M,app1,Actuator,M.Action,28,68,198,72,Generator,0,2104.000040000001,2104.000040000001,2100.0,2104.000040000001
818,SINK_M,app1,Actuator,M.Action,17,57,308,72,Generator,0,2104.000040000001,2104.000040000001,2100.0,2104.000040000001
835,SINK_M,app1,Actuator,M.Action,34,74,85,72,Generator,0,2104.000040000001,2104.000040000001,2100.0,2104.000040000001
827,SINK_M,app1,Actuator,M.Action,26,66,105,72,Generator,0,2104.000040000001,2104.000040000001,2100.0,2104.000040000001
831,SINK_M,app1,Actuator,M.Action,30,70,0,72,Generator,0,2105.000050000001,2105.000050000001,2100.0,2105.000050000001
823,SINK_M,app1,Actuator,M.Action,22,62,103,72,Generator,0,2105.000050000001,2105.000050000001,2100.0,2105.000050000001
832,SINK_M,app1,Actuator,M.Action,31,71,42,72,Generator,0,2105.000050000001,2105.000050000001,2100.0,2105.000050000001
834,SINK_M,app1,Actuator,M.Action,33,73,308,72,Generator,0,2105.000050000001,2105.000050000001,2100.0,2105.000050000001
825,SINK_M,app1,Actuator,M.Action,24,64,4,72,Generator,0,2105.000050000001,2105.000050000001,2100.0,2105.000050000001
833,SINK_M,app1,Actuator,M.Action,32,72,257,72,Generator,0,2105.000050000001,2105.000050000001,2100.0,2105.000050000001
839,SINK_M,app1,Actuator,M.Action,38,78,0,72,Generator,0,2106.000060000001,2106.000060000001,2100.0,2106.000060000001
840,SINK_M,app1,Actuator,M.Action,39,79,71,72,Generator,0,2106.000060000001,2106.000060000001,2100.0,2106.000060000001
830,SINK_M,app1,Actuator,M.Action,29,69,4,72,Generator,0,2106.000060000001,2106.000060000001,2100.0,2106.000060000001
826,SINK_M,app1,Actuator,M.Action,25,65,64,72,Generator,0,2106.000060000001,2106.000060000001,2100.0,2106.000060000001
802,SINK_M,app1,Actuator,M.Action,1,41,22,72,Generator,0,2107.0000700000014,2107.0000700000014,2100.0,2107.0000700000014
810,SINK_M,app1,Actuator,M.Action,9,49,336,72,Generator,0,2107.0000700000014,2107.0000700000014,2100.0,2107.0000700000014
811,SINK_M,app1,Actuator,M.Action,10,50,218,72,Generator,0,2108.0000800000016,2108.0000800000016,2100.0,2108.0000800000016
814,SINK_M,app1,Actuator,M.Action,13,53,336,72,Generator,0,2108.0000800000016,2108.0000800000016,2100.0,2108.0000800000016
841,SINK_M,app1,Actuator,M.Action,0,40,0,72,Generator,0,2201.00001,2201.00001,2200.0,2201.00001
843,SINK_M,app1,Actuator,M.Action,2,42,317,72,Generator,0,2201.00001,2201.00001,2200.0,2201.00001
844,SINK_M,app1,Actuator,M.Action,3,43,51,72,Generator,0,2201.00001,2201.00001,2200.0,2201.00001
848,SINK_M,app1,Actuator,M.Action,7,47,198,72,Generator,0,2201.00001,2201.00001,2200.0,2201.00001
855,SINK_M,app1,Actuator,M.Action,14,54,89,72,Generator,0,2201.00001,2201.00001,2200.0,2201.00001
864,SINK_M,app1,Actuator,M.Action,23,63,228,72,Generator,0,2201.00001,2201.00001,2200.0,2201.00001
877,SINK_M,app1,Actuator,M.Action,36,76,168,72,Generator,0,2201.00001,2201.00001,2200.0,2201.00001
845,SINK_M,app1,Actuator,M.Action,4,44,317,72,Generator,0,2202.0000200000004,2202.0000200000004,2200.0,2202.0000200000004
846,SINK_M,app1,Actuator,M.Action,5,45,0,72,Generator,0,2202.0000200000004,2202.0000200000004,2200.0,2202.0000200000004
847,SINK_M,app1,Actuator,M.Action,6,46,51,72,Generator,0,2202.0000200000004,2202.0000200000004,2200.0,2202.0000200000004
853,SINK_M,app1,Actuator,M.Action,12,52,198,72,Generator,0,2202.0000200000004,2202.0000200000004,2200.0,2202.0000200000004
859,SINK_M,app1,Actuator,M.Action,18,58,89,72,Generator,0,2202.0000200000004,2202.0000200000004,2200.0,2202.0000200000004
878,SINK_M,app1,Actuator,M.Action,37,77,168,72,Generator,0,2202.0000200000004,2202.0000200000004,2200.0,2202.0000200000004
857,SINK_M,app1,Actuator,M.Action,16,56,171,72,Generator,0,2202.0000200000004,2202.0000200000004,2200.0,2202.0000200000004
849,SINK_M,app1,Actuator,M.Action,8,48,51,72,Generator,0,2203.0000300000006,2203.0000300000006,2200.0,2203.0000300000006
852,SINK_M,app1,Actuator,M.Action,11,51,0,72,Generator,0,2203.0000300000006,2203.0000300000006,2200.0,2203.0000300000006
862,SINK_M,app1,Actuator,M.Action,21,61,317,72,Generator,0,2203.0000300000006,2203.0000300000006,2200.0,2203.0000300000006
868,SINK_M,app1,Actuator,M.Action,27,67,198,72,Generator,0,2203.0000300000006,2203.0000300000006,2200.0,2203.0000300000006
876,SINK_M,app1,Actuator,M.Action,35,75,89,72,Generator,0,2203.0000300000006,2203.0000300000006,2200.0,2203.0000300000006
861,SINK_M,app1,Actuator,M.Action,20,60,257,72,Generator,0,2203.0000300000006,2203.0000300000006,2200.0,2203.0000300000006
856,SINK_M,app1,Actuator,M.Action,15,55,0,72,Generator,0,2204.000040000001,2204.000040000001,2200.0,2204.000040000001
860,SINK_M,app1,Actuator,M.Action,19,59,51,72,Generator,0,2204.000040000001,2204.000040000001,2200.0,2204.000040000001
869,SINK_M,app1,Actuator,M.Action,28,68,198,72,Generator,0,2204.000040000001,2204.000040000001,2200.0,2204.000040000001
858,SINK_M,app1,Actuator,M.Action,17,57,308,72,Generator,0,2204.000040000001,2204.000040000001,2200.0,2204.000040000001
875,SINK_M,app1,Actuator,M.Action,34,74,85,72,Generator,0,2204.000040000001,2204.000040000001,2200.0,2204.000040000001
867,SINK_M,app1,Actuator,M.Action,26,66,105,72,Generator,0,2204.000040000001,2204.000040000001,2200.0,2204.000040000001
871,SINK_M,app1,Actuator,M.Action,30,70,0,72,Generator,0,2205.000050000001,2205.000050000001,2200.0,2205.000050000001
863,SINK_M,app1,Actuator,M.Action,22,62,103,72,Generator,0,2205.000050000001,2205.000050000001,2200.0,2205.000050000001
872,SINK_M,app1,Actuator,M.Action,31,71,42,72,Generator,0,2205.000050000001,2205.000050000001,2200.0,2205.000050000001
874,SINK_M,app1,Actuator,M.Action,33,73,308,72,Generator,0,2205.000050000001,2205.000050000001,2200.0,2205.000050000001
865,SINK_M,app1,Actuator,M.Action,24,64,4,72,Generator,0,2205.000050000001,2205.000050000001,2200.0,2205.000050000001
873,SINK_M,app1,Actuator,M.Action,32,72,257,72,Generator,0,2205.000050000001,2205.000050000001,2200.0,2205.000050000001
879,SINK_M,app1,Actuator,M.Action,38,78,0,72,Generator,0,2206.000060000001,2206.000060000001,2200.0,2206.000060000001
880,SINK_M,app1,Actuator,M.Action,39,79,71,72,Generator,0,2206.000060000001,2206.000060000001,2200.0,2206.000060000001
870,SINK_M,app1,Actuator,M.Action,29,69,4,72,Generator,0,2206.000060000001,2206.000060000001,2200.0,2206.000060000001
866,SINK_M,app1,Actuator,M.Action,25,65,64,72,Generator,0,2206.000060000001,2206.000060000001,2200.0,2206.000060000001
842,SINK_M,app1,Actuator,M.Action,1,41,22,72,Generator,0,2207.0000700000014,2207.0000700000014,2200.0,2207.0000700000014
850,SINK_M,app1,Actuator,M.Action,9,49,336,72,Generator,0,2207.0000700000014,2207.0000700000014,2200.0,2207.0000700000014
851,SINK_M,app1,Actuator,M.Action,10,50,218,72,Generator,0,2208.0000800000016,2208.0000800000016,2200.0,2208.0000800000016
854,SINK_M,app1,Actuator,M.Action,13,53,336,72,Generator,0,2208.0000800000016,2208.0000800000016,2200.0,2208.0000800000016
881,SINK_M,app1,Actuator,M.Action,0,40,0,72,Generator,0,2301.00001,2301.00001,2300.0,2301.00001
883,SINK_M,app1,Actuator,M.Action,2,42,317,72,Generator,0,2301.00001,2301.00001,2300.0,2301.00001
884,SINK_M,app1,Actuator,M.Action,3,43,51,72,Generator,0,2301.00001,2301.00001,2300.0,2301.00001
888,SINK_M,app1,Actuator,M.Action,7,47,198,72,Generator,0,2301.00001,2301.00001,2300.0,2301.00001
895,SINK_M,app1,Actuator,M.Action,14,54,89,72,Generator,0,2301.00001,2301.00001,2300.0,2301.00001
904,SINK_M,app1,Actuator,M.Action,23,63,228,72,Generator,0,2301.00001,2301.00001,2300.0,2301.00001
917,SINK_M,app1,Actuator,M.Action,36,76,168,72,Generator,0,2301.00001,2301.00001,2300.0,2301.00001
885,SINK_M,app1,Actuator,M.Action,4,44,317,72,Generator,0,2302.0000200000004,2302.0000200000004,2300.0,2302.0000200000004
886,SINK_M,app1,Actuator,M.Action,5,45,0,72,Generator,0,2302.0000200000004,2302.0000200000004,2300.0,2302.0000200000004
887,SINK_M,app1,Actuator,M.Action,6,46,51,72,Generator,0,2302.0000200000004,2302.0000200000004,2300.0,2302.0000200000004
893,SINK_M,app1,Actuator,M.Action,12,52,198,72,Generator,0,2302.0000200000004,2302.0000200000004,2300.0,2302.0000200000004
899,SINK_M,app1,Actuator,M.Action,18,58,89,72,Generator,0,2302.0000200000004,2302.0000200000004,2300.0,2302.0000200000004
918,SINK_M,app1,Actuator,M.Action,37,77,168,72,Generator,0,2302.0000200000004,2302.0000200000004,2300.0,2302.0000200000004
897,SINK_M,app1,Actuator,M.Action,16,56,171,72,Generator,0,2302.0000200000004,2302.0000200000004,2300.0,2302.0000200000004
889,SINK_M,app1,Actuator,M.Action,8,48,51,72,Generator,0,2303.0000300000006,2303.0000300000006,2300.0,2303.0000300000006
892,SINK_M,app1,Actuator,M.Action,11,51,0,72,Generator,0,2303.0000300000006,2303.0000300000006,2300.0,2303.0000300000006
902,SINK_M,app1,Actuator,M.Action,21,61,317,72,Generator,0,2303.0000300000006,2303.0000300000006,2300.0,2303.0000300000006
908,SINK_M,app1,Actuator,M.Action,27,67,198,72,Generator,0,2303.0000300000006,2303.0000300000006,2300.0,2303.0000300000006
916,SINK_M,app1,Actuator,M.Action,35,75,89,72,Generator,0,2303.0000300000006,2303.0000300000006,2300.0,2303.0000300000006
901,SINK_M,app1,Actuator,M.Action,20,60,257,72,Generator,0,2303.0000300000006,2303.0000300000006,2300.0,2303.0000300000006
896,SINK_M,app1,Actuator,M.Action,15,55,0,72,Generator,0,2304.000040000001,2304.000040000001,2300.0,2304.000040000001
900,SINK_M,app1,Actuator,M.Action,19,59,51,72,Generator,0,2304.000040000001,2304.000040000001,2300.0,2304.000040000001
909,SINK_M,app1,Actuator,M.Action,28,68,198,72,Generator,0,2304.000040000001,2304.000040000001,2300.0,2304.000040000001
898,SINK_M,app1,Actuator,M.Action,17,57,308,72,Generator,0,2304.000040000001,2304.000040000001,2300.0,2304.000040000001
915,SINK_M,app1,Actuator,M.Action,34,74,85,72,Generator,0,2304.000040000001,2304.000040000001,2300.0,2304.000040000001
907,SINK_M,app1,Actuator,M.Action,26,66,105,72,Generator,0,2304.000040000001,2304.000040000001,2300.0,2304.000040000001
911,SINK_M,app1,Actuator,M.Action,30,70,0,72,Generator,0,2305.000050000001,2305.000050000001,2300.0,2305.000050000001
903,SINK_M,app1,Actuator,M.Action,22,62,103,72,Generator,0,2305.000050000001,2305.000050000001,2300.0,2305.000050000001
912,SINK_M,app1,Actuator,M.Action,31,71,42,72,Generator,0,2305.000050000001,2305.000050000001,2300.0,2305.000050000001
914,SINK_M,app1,Actuator,M.Action,33,73,308,72,Generator,0,2305.000050000001,2305.000050000001,2300.0,2305.000050000001
905,SINK_M,app1,Actuator,M.Action,24,64,4,72,Generator,0,2305.000050000001,2305.000050000001,2300.0,2305.000050000001
913,SINK_M,app1,Actuator,M.Action,32,72,257,72,Generator,0,2305.000050000001,2305.000050000001,2300.0,2305.000050000001
919,SINK_M,app1,Actuator,M.Action,38,78,0,72,Generator,0,2306.000060000001,2306.000060000001,2300.0,2306.000060000001
920,SINK_M,app1,Actuator,M.Action,39,79,71,72,Generator,0,2306.000060000001,2306.000060000001,2300.0,2306.000060000001
910,SINK_M,app1,Actuator,M.Action,29,69,4,72,Generator,0,2306.000060000001,2306.000060000001,2300.0,2306.000060000001
906,SINK_M,app1,Actuator,M.Action,25,65,64,72,Generator,0,2306.000060000001,2306.000060000001,2300.0,2306.000060000001
882,SINK_M,app1,Actuator,M.Action,1,41,22,72,Generator,0,2307.0000700000014,2307.0000700000014,2300.0,2307.0000700000014
890,SINK_M,app1,Actuator,M.Action,9,49,336,72,Generator,0,2307.0000700000014,2307.0000700000014,2300.0,2307.0000700000014
891,SINK_M,app1,Actuator,M.Action,10,50,218,72,Generator,0,2308.0000800000016,2308.0000800000016,2300.0,2308.0000800000016
894,SINK_M,app1,Actuator,M.Action,13,53,336,72,Generator,0,2308.0000800000016,2308.0000800000016,2300.0,2308.0000800000016
921,SINK_M,app1,Actuator,M.Action,0,40,0,72,Generator,0,2401.00001,2401.00001,2400.0,2401.00001
923,SINK_M,app1,Actuator,M.Action,2,42,317,72,Generator,0,2401.00001,2401.00001,2400.0,2401.00001
924,SINK_M,app1,Actuator,M.Action,3,43,51,72,Generator,0,2401.00001,2401.00001,2400.0,2401.00001
928,SINK_M,app1,Actuator,M.Action,7,47,198,72,Generator,0,2401.00001,2401.00001,2400.0,2401.00001
935,SINK_M,app1,Actuator,M.Action,14,54,89,72,Generator,0,2401.00001,2401.00001,2400.0,2401.00001
944,SINK_M,app1,Actuator,M.Action,23,63,228,72,Generator,0,2401.00001,2401.00001,2400.0,2401.00001
957,SINK_M,app1,Actuator,M.Action,36,76,168,72,Generator,0,2401.00001,2401.00001,2400.0,2401.00001
925,SINK_M,app1,Actuator,M.Action,4,44,317,72,Generator,0,2402.0000200000004,2402.0000200000004,2400.0,2402.0000200000004
926,SINK_M,app1,Actuator,M.Action,5,45,0,72,Generator,0,2402.0000200000004,2402.0000200000004,2400.0,2402.0000200000004
927,SINK_M,app1,Actuator,M.Action,6,46,51,72,Generator,0,2402.0000200000004,2402.0000200000004,2400.0,2402.0000200000004
933,SINK_M,app1,Actuator,M.Action,12,52,198,72,Generator,0,2402.0000200000004,2402.0000200000004,2400.0,2402.0000200000004
939,SINK_M,app1,Actuator,M.Action,18,58,89,72,Generator,0,2402.0000200000004,2402.0000200000004,2400.0,2402.0000200000004
958,SINK_M,app1,Actuator,M.Action,37,77,168,72,Generator,0,2402.0000200000004,2402.0000200000004,2400.0,2402.0000200000004
937,SINK_M,app1,Actuator,M.Action,16,56,171,72,Generator,0,2402.0000200000004,2402.0000200000004,2400.0,2402.0000200000004
929,SINK_M,app1,Actuator,M.Action,8,48,51,72,Generator,0,2403.0000300000006,2403.0000300000006,2400.0,2403.0000300000006
932,SINK_M,app1,Actuator,M.Action,11,51,0,72,Generator,0,2403.0000300000006,2403.0000300000006,2400.0,2403.0000300000006
942,SINK_M,app1,Actuator,M.Action,21,61,317,72,Generator,0,2403.0000300000006,2403.0000300000006,2400.0,2403.0000300000006
948,SINK_M,app1,Actuator,M.Action,27,67,198,72,Generator,0,2403.0000300000006,2403.0000300000006,2400.0,2403.0000300000006
956,SINK_M,app1,Actuator,M.Action,35,75,89,72,Generator,0,2403.0000300000006,2403.0000300000006,2400.0,2403.0000300000006
941,SINK_M,app1,Actuator,M.Action,20,60,257,72,Generator,0,2403.0000300000006,2403.0000300000006,2400.0,2403.0000300000006
936,SINK_M,app1,Actuator,M.Action,15,55,0,72,Generator,0,2404.000040000001,2404.000040000001,2400.0,2404.000040000001
940,SINK_M,app1,Actuator,M.Action,19,59,51,72,Generator,0,2404.000040000001,2404.000040000001,2400.0,2404.000040000001
949,SINK_M,app1,Actuator,M.Action,28,68,198,72,Generator,0,2404.000040000001,2404.000040000001,2400.0,2404.000040000001
938,SINK_M,app1,Actuator,M.Action,17,57,308,72,Generator,0,2404.000040000001,2404.000040000001,2400.0,2404.000040000001
955,SINK_M,app1,Actuator,M.Action,34,74,85,72,Generator,0,2404.000040000001,2404.000040000001,2400.0,2404.000040000001
947,SINK_M,app1,Actuator,M.Action,26,66,105,72,Generator,0,2404.000040000001,2404.000040000001,2400.0,2404.000040000001
951,SINK_M,app1,Actuator,M.Action,30,70,0,72,Generator,0,2405.000050000001,2405.000050000001,2400.0,2405.000050000001
943,SINK_M,app1,Actuator,M.Action,22,62,103,72,Generator,0,2405.000050000001,2405.000050000001,2400.0,2405.000050000001
952,SINK_M,app1,Actuator,M.Action,31,71,42,72,Generator,0,2405.000050000001,2405.000050000001,2400.0,2405.000050000001
954,SINK_M,app1,Actuator,M.Action,33,73,308,72,Generator,0,2405.000050000001,2405.000050000001,2400.0,2405.000050000001
945,SINK_M,app1,Actuator,M.Action,24,64,4,72,Generator,0,2405.000050000001,2405.000050000001,2400.0,2405.000050000001
953,SINK_M,app1,Actuator,M.Action,32,72,257,72,Generator,0,2405.000050000001,2405.000050000001,2400.0,2405.000050000001
959,SINK_M,app1,Actuator,M.Action,38,78,0,72,Generator,0,2406.000060000001,2406.000060000001,2400.0,2406.000060000001
960,SINK_M,app1,Actuator,M.Action,39,79,71,72,Generator,0,2406.000060000001,2406.000060000001,2400.0,2406.000060000001
950,SINK_M,app1,Actuator,M.Action,29,69,4,72,Generator,0,2406.000060000001,2406.000060000001,2400.0,2406.000060000001
946,SINK_M,app1,Actuator,M.Action,25,65,64,72,Generator,0,2406.000060000001,2406.000060000001,2400.0,2406.000060000001
922,SINK_M,app1,Actuator,M.Action,1,41,22,72,Generator,0,2407.0000700000014,2407.0000700000014,2400.0,2407.0000700000014
930,SINK_M,app1,Actuator,M.Action,9,49,336,72,Generator,0,2407.0000700000014,2407.0000700000014,2400.0,2407.0000700000014
931,SINK_M,app1,Actuator,M.Action,10,50,218,72,Generator,0,2408.0000800000016,2408.0000800000016,2400.0,2408.0000800000016
934,SINK_M,app1,Actuator,M.Action,13,53,336,72,Generator,0,2408.0000800000016,2408.0000800000016,2400.0,2408.0000800000016
961,SINK_M,app1,Actuator,M.Action,0,40,0,72,Generator,0,2501.00001,2501.00001,2500.0,2501.00001
963,SINK_M,app1,Actuator,M.Action,2,42,317,72,Generator,0,2501.00001,2501.00001,2500.0,2501.00001
964,SINK_M,app1,Actuator,M.Action,3,43,51,72,Generator,0,2501.00001,2501.00001,2500.0,2501.00001
968,SINK_M,app1,Actuator,M.Action,7,47,198,72,Generator,0,2501.00001,2501.00001,2500.0,2501.00001
975,SINK_M,app1,Actuator,M.Action,14,54,89,72,Generator,0,2501.00001,2501.00001,2500.0,2501.00001
977,SINK_M,app1,Actuator,M.Action,16,56,128,72,Generator,0,2501.00001,2501.00001,2500.0,2501.00001
984,SINK_M,app1,Actuator,M.Action,23,63,228,72,Generator,0,2501.00001,2501.00001,2500.0,2501.00001
997,SINK_M,app1,Actuator,M.Action,36,76,168,72,Generator,0,2501.00001,2501.00001,2500.0,2501.00001
962,SINK_M,app1,Actuator,M.Action,1,41,0,72,Generator,0,2502.0000200000004,2502.0000200000004,2500.0,2502.0000200000004
965,SINK_M,app1,Actuator,M.Action,4,44,317,72,Generator,0,2502.0000200000004,2502.0000200000004,2500.0,2502.0000200000004
967,SINK_M,app1,Actuator,M.Action,6,46,51,72,Generator,0,2502.0000200000004,2502.0000200000004,2500.0,2502.0000200000004
973,SINK_M,app1,Actuator,M.Action,12,52,198,72,Generator,0,2502.0000200000004,2502.0000200000004,2500.0,2502.0000200000004
979,SINK_M,app1,Actuator,M.Action,18,58,89,72,Generator,0,2502.0000200000004,2502.0000200000004,2500.0,2502.0000200000004
998,SINK_M,app1,Actuator,M.Action,37,77,168,72,Generator,0,2502.0000200000004,2502.0000200000004,2500.0,2502.0000200000004
966,SINK_M,app1,Actuator,M.Action,5,45,0,72,Generator,0,2503.0000300000006,2503.0000300000006,2500.0,2503.0000300000006
969,SINK_M,app1,Actuator,M.Action,8,48,51,72,Generator,0,2503.0000300000006,2503.0000300000006,2500.0,2503.0000300000006
978,SINK_M,app1,Actuator,M.Action,17,57,317,72,Generator,0,2503.0000300000006,2503.0000300000006,2500.0,2503.0000300000006
983,SINK_M,app1,Actuator,M.Action,22,62,198,72,Generator,0,2503.0000300000006,2503.0000300000006,2500.0,2503.0000300000006
995,SINK_M,app1,Actuator,M.Action,34,74,89,72,Generator,0,2503.0000300000006,2503.0000300000006,2500.0,2503.0000300000006
981,SINK_M,app1,Actuator,M.Action,20,60,44,72,Generator,0,2503.0000300000006,2503.0000300000006,2500.0,2503.0000300000006
971,SINK_M,app1,Actuator,M.Action,10,50,0,72,Generator,0,2504.000040000001,2504.000040000001,2500.0,2504.000040000001
980,SINK_M,app1,Actuator,M.Action,19,59,51,72,Generator,0,2504.000040000001,2504.000040000001,2500.0,2504.000040000001
982,SINK_M,app1,Actuator,M.Action,21,61,317,72,Generator,0,2504.000040000001,2504.000040000001,2500.0,2504.000040000001
988,SINK_M,app1,Actuator,M.Action,27,67,198,72,Generator,0,2504.000040000001,2504.000040000001,2500.0,2504.000040000001
996,SINK_M,app1,Actuator,M.Action,35,75,89,72,Generator,0,2504.000040000001,2504.000040000001,2500.0,2504.000040000001
987,SINK_M,app1,Actuator,M.Action,26,66,24,72,Generator,0,2504.000040000001,2504.000040000001,2500.0,2504.000040000001
972,SINK_M,app1,Actuator,M.Action,11,51,0,72,Generator,0,2505.000050000001,2505.000050000001,2500.0,2505.000050000001
989,SINK_M,app1,Actuator,M.Action,28,68,198,72,Generator,0,2505.000050000001,2505.000050000001,2500.0,2505.000050000001
992,SINK_M,app1,Actuator,M.Action,31,71,51,72,Generator,0,2505.000050000001,2505.000050000001,2500.0,2505.000050000001
994,SINK_M,app1,Actuator,M.Action,33,73,317,72,Generator,0,2505.000050000001,2505.000050000001,2500.0,2505.000050000001
985,SINK_M,app1,Actuator,M.Action,24,64,85,72,Generator,0,2505.000050000001,2505.000050000001,2500.0,2505.000050000001
993,SINK_M,app1,Actuator,M.Action,32,72,44,72,Generator,0,2505.000050000001,2505.000050000001,2500.0,2505.000050000001
976,SINK_M,app1,Actuator,M.Action,15,55,0,72,Generator,0,2506.000060000001,2506.000060000001,2500.0,2506.000060000001
1000,SINK_M,app1,Actuator,M.Action,39,79,103,72,Generator,0,2506.000060000001,2506.000060000001,2500.0,2506.000060000001
990,SINK_M,app1,Actuator,M.Action,29,69,85,72,Generator,0,2506.000060000001,2506.000060000001,2500.0,2506.000060000001
991,SINK_M,app1,Actuator,M.Action,30,70,0,72,Generator,0,2507.0000700000014,2507.0000700000014,2500.0,2507.0000700000014
970,SINK_M,app1,Actuator,M.Action,9,49,4,72,Generator,0,2507.0000700000014,2507.0000700000014,2500.0,2507.0000700000014
999,SINK_M,app1,Actuator,M.Action,38,78,0,72,Generator,0,2508.0000800000016,2508.0000800000016,2500.0,2508.0000800000016
974,SINK_M,app1,Actuator,M.Action,13,53,4,72,Generator,0,2508.0000800000016,2508.0000800000016,2500.0,2508.0000800000016
986,SINK_M,app1,Actuator,M.Action,25,65,61,72,Generator,0,2509.000090000002,2509.000090000002,2500.0,2509.000090000002
1001,SINK_M,app1,Actuator,M.Action,0,40,0,72,Generator,0,2601.00001,2601.00001,2600.0,2601.00001
1003,SINK_M,app1,Actuator,M.Action,2,42,317,72,Generator,0,2601.00001,2601.00001,2600.0,2601.00001
1004,SINK_M,app1,Actuator,M.Action,3,43,51,72,Generator,0,2601.00001,2601.00001,2600.0,2601.00001
1008,SINK_M,app1,Actuator,M.Action,7,47,198,72,Generator,0,2601.00001,2601.00001,2600.0,2601.00001
1015,SINK_M,app1,Actuator,M.Action,14,54,89,72,Generator,0,2601.00001,2601.00001,2600.0,2601.00001
1017,SINK_M,app1,Actuator,M.Action,16,56,128,72,Generator,0,2601.00001,2601.00001,2600.0,2601.00001
1024,SINK_M,app1,Actuator,M.Action,23,63,228,72,Generator,0,2601.00001,2601.00001,2600.0,2601.00001
1037,SINK_M,app1,Actuator,M.Action,36,76,168,72,Generator,0,2601.00001,2601.00001,2600.0,2601.00001
1002,SINK_M,app1,Actuator,M.Action,1,41,0,72,Generator,0,2602.0000200000004,2602.0000200000004,2600.0,2602.0000200000004
1005,SINK_M,app1,Actuator,M.Action,4,44,317,72,Generator,0,2602.0000200000004,2602.0000200000004,2600.0,2602.0000200000004
1007,SINK_M,app1,Actuator,M.Action,6,46,51,72,Generator,0,2602.0000200000004,2602.0000200000004,2600.0,2602.0000200000004
1013,SINK_M,app1,Actuator,M.Action,12,52,198,72,Generator,0,2602.0000200000004,2602.0000200000004,2600.0,2602.0000200000004
1019,SINK_M,app1,Actuator,M.Action,18,58,89,72,Generator,0,2602.0000200000004,2602.0000200000004,2600.0,2602.0000200000004
1038,SINK_M,app1,Actuator,M.Action,37,77,168,72,Generator,0,2602.0000200000004,2602.0000200000004,2600.0,2602.0000200000004
1006,SINK_M,app1,Actuator,M.Action,5,45,0,72,Generator,0,2603.0000300000006,2603.0000300000006,2600.0,2603.0000300000006
1009,SINK_M,app1,Actuator,M.Action,8,48,51,72,Generator,0,2603.0000300000006,2603.0000300000006,2600.0,2603.0000300000006
1018,SINK_M,app1,Actuator,M.Action,17,57,317,72,Generator,0,2603.0000300000006,2603.0000300000006,2600.0,2603.0000300000006
1023,SINK_M,app1,Actuator,M.Action,22,62,198,72,Generator,0,2603.0000300000006,2603.0000300000006,2600.0,2603.0000300000006
1035,SINK_M,app1,Actuator,M.Action,34,74,89,72,Generator,0,2603.0000300000006,2603.0000300000006,2600.0,2603.0000300000006
1021,SINK_M,app1,Actuator,M.Action,20,60,44,72,Generator,0,2603.0000300000006,2603.0000300000006,2600.0,2603.0000300000006
1011,SINK_M,app1,Actuator,M.Action,10,50,0,72,Generator,0,2604.000040000001,2604.000040000001,2600.0,2604.000040000001
1020,SINK_M,app1,Actuator,M.Action,19,59,51,72,Generator,0,2604.000040000001,2604.000040000001,2600.0,2604.000040000001
1022,SINK_M,app1,Actuator,M.Action,21,61,317,72,Generator,0,2604.000040000001,2604.000040000001,2600.0,2604.000040000001
1028,SINK_M,app1,Actuator,M.Action,27,67,198,72,Generator,0,2604.000040000001,2604.000040000001,2600.0,2604.000040000001
1036,SINK_M,app1,Actuator,M.Action,35,75,89,72,Generator,0,2604.000040000001,2604.000040000001,2600.0,2604.000040000001
1027,SINK_M,app1,Actuator,M.Action,26,66,24,72,Generator,0,2604.000040000001,2604.000040000001,2600.0,2604.000040000001
1012,SINK_M,app1,Actuator,M.Action,11,51,0,72,Generator,0,2605.000050000001,2605.000050000001,2600.0,2605.000050000001
1029,SINK_M,app1,Actuator,M.Action,28,68,198,72,Generator,0,2605.000050000001,2605.000050000001,2600.0,2605.000050000001
1032,SINK_M,app1,Actuator,M.Action,31,71,51,72,Generator,0,2605.000050000001,2605.000050000001,2600.0,2605.000050000001
1034,SINK_M,app1,Actuator,M.Action,33,73,317,72,Generator,0,2605.000050000001,2605.000050000001,2600.0,2605.000050000001
1025,SINK_M,app1,Actuator,M.Action,24,64,85,72,Generator,0,2605.000050000001,2605.000050000001,2600.0,2605.000050000001
1033,SINK_M,app1,Actuator,M.Action,32,72,44,72,Generator,0,2605.000050000001,2605.000050000001,2600.0,2605.000050000001
1016,SINK_M,app1,Actuator,M.Action,15,55,0,72,Generator,0,2606.000060000001,2606.000060000001,2600.0,2606.000060000001
1040,SINK_M,app1,Actuator,M.Action,39,79,103,72,Generator,0,2606.000060000001,2606.000060000001,2600.0,2606.000060000001
1030,SINK_M,app1,Actuator,M.Action,29,69,85,72,Generator,0,2606.000060000001,2606.000060000001,2600.0,2606.000060000001
1031,SINK_M,app1,Actuator,M.Action,30,70,0,72,Generator,0,2607.0000700000014,2607.0000700000014,2600.0,2607.0000700000014
1010,SINK_M,app1,Actuator,M.Action,9,49,4,72,Generator,0,2607.0000700000014,2607.0000700000014,2600.0,2607.0000700000014
1039,SINK_M,app1,Actuator,M.Action,38,78,0,72,Generator,0,2608.0000800000016,2608.0000800000016,2600.0,2608.0000800000016
1014,SINK_M,app1,Actuator,M.Action,13,53,4,72,Generator,0,2608.0000800000016,2608.0000800000016,2600.0,2608.0000800000016
1026,SINK_M,app1,Actuator,M.Action,25,65,61,72,Generator,0,2609.000090000002,2609.000090000002,2600.0,2609.000090000002
1041,SINK_M,app1,Actuator,M.Action,0,40,0,72,Generator,0,2701.00001,2701.00001,2700.0,2701.00001
1043,SINK_M,app1,Actuator,M.Action,2,42,317,72,Generator,0,2701.00001,2701.00001,2700.0,2701.00001
1044,SINK_M,app1,Actuator,M.Action,3,43,51,72,Generator,0,2701.00001,2701.00001,2700.0,2701.00001
1048,SINK_M,app1,Actuator,M.Action,7,47,198,72,Generator,0,2701.00001,2701.00001,2700.0,2701.00001
1055,SINK_M,app1,Actuator,M.Action,14,54,89,72,Generator,0,2701.00001,2701.00001,2700.0,2701.00001
1057,SINK_M,app1,Actuator,M.Action,16,56,128,72,Generator,0,2701.00001,2701.00001,2700.0,2701.00001
1064,SINK_M,app1,Actuator,M.Action,23,63,228,72,Generator,0,2701.00001,2701.00001,2700.0,2701.00001
1077,SINK_M,app1,Actuator,M.Action,36,76,168,72,Generator,0,2701.00001,2701.00001,2700.0,2701.00001
1042,SINK_M,app1,Actuator,M.Action,1,41,0,72,Generator,0,2702.0000200000004,2702.0000200000004,2700.0,2702.0000200000004
1045,SINK_M,app1,Actuator,M.Action,4,44,317,72,Generator,0,2702.0000200000004,2702.0000200000004,2700.0,2702.0000200000004
1047,SINK_M,app1,Actuator,M.Action,6,46,51,72,Generator,0,2702.0000200000004,2702.0000200000004,2700.0,2702.0000200000004
1053,SINK_M,app1,Actuator,M.Action,12,52,198,72,Generator,0,2702.0000200000004,2702.0000200000004,2700.0,2702.0000200000004
1059,SINK_M,app1,Actuator,M.Action,18,58,89,72,Generator,0,2702.0000200000004,2702.0000200000004,2700.0,2702.0000200000004
1078,SINK_M,app1,Actuator,M.Action,37,77,168,72,Generator,0,2702.0000200000004,2702.0000200000004,2700.0,2702.0000200000004
1046,SINK_M,app1,Actuator,M.Action,5,45,0,72,Generator,0,2703.0000300000006,2703.0000300000006,2700.0,2703.0000300000006
1049,SINK_M,app1,Actuator,M.Action,8,48,51,72,Generator,0,2703.0000300000006,2703.0000300000006,2700.0,2703.0000300000006
1058,SINK_M,app1,Actuator,M.Action,17,57,317,72,Generator,0,2703.0000300000006,2703.0000300000006,2700.0,2703.0000300000006
1063,SINK_M,app1,Actuator,M.Action,22,62,198,72,Generator,0,2703.0000300000006,2703.0000300000006,2700.0,2703.0000300000006
1075,SINK_M,app1,Actuator,M.Action,34,74,89,72,Generator,0,2703.0000300000006,2703.0000300000006,2700.0,2703.0000300000006
1061,SINK_M,app1,Actuator,M.Action,20,60,44,72,Generator,0,2703.0000300000006,2703.0000300000006,2700.0,2703.0000300000006
1051,SINK_M,app1,Actuator,M.Action,10,50,0,72,Generator,0,2704.000040000001,2704.000040000001,2700.0,2704.000040000001
1060,SINK_M,app1,Actuator,M.Action,19,59,51,72,Generator,0,2704.000040000001,2704.000040000001,2700.0,2704.000040000001
1062,SINK_M,app1,Actuator,M.Action,21,61,317,72,Generator,0,2704.000040000001,2704.000040000001,2700.0,2704.000040000001
1068,SINK_M,app1,Actuator,M.Action,27,67,198,72,Generator,0,2704.000040000001,2704.000040000001,2700.0,2704.000040000001
1076,SINK_M,app1,Actuator,M.Action,35,75,89,72,Generator,0,2704.000040000001,2704.000040000001,2700.0,2704.000040000001
1067,SINK_M,app1,Actuator,M.Action,26,66,24,72,Generator,0,2704.000040000001,2704.000040000001,2700.0,2704.000040000001
1052,SINK_M,app1,Actuator,M.Action,11,51,0,72,Generator,0,2705.000050000001,2705.000050000001,2700.0,2705.000050000001
1069,SINK_M,app1,Actuator,M.Action,28,68,198,72,Generator,0,2705.000050000001,2705.000050000001,2700.0,2705.000050000001
1072,SINK_M,app1,Actuator,M.Action,31,71,51,72,Generator,0,2705.000050000001,2705.000050000001,2700.0,2705.000050000001
1074,SINK_M,app1,Actuator,M.Action,33,73,317,72,Generator,0,2705.000050000001,2705.000050000001,2700.0,2705.000050000001
1065,SINK_M,app1,Actuator,M.Action,24,64,85,72,Generator,0,2705.000050000001,2705.000050000001,2700.0,2705.000050000001
1073,SINK_M,app1,Actuator,M.Action,32,72,44,72,Generator,0,2705.000050000001,2705.000050000001,2700.0,2705.000050000001
1056,SINK_M,app1,Actuator,M.Action,15,55,0,72,Generator,0,2706.000060000001,2706.000060000001,2700.0,2706.000060000001
1080,SINK_M,app1,Actuator,M.Action,39,79,103,72,Generator,0,2706.000060000001,2706.000060000001,2700.0,2706.000060000001
1070,SINK_M,app1,Actuator,M.Action,29,69,85,72,Generator,0,2706.000060000001,2706.000060000001,2700.0,2706.000060000001
1071,SINK_M,app1,Actuator,M.Action,30,70,0,72,Generator,0,2707.0000700000014,2707.0000700000014,2700.0,2707.0000700000014
1050,SINK_M,app1,Actuator,M.Action,9,49,4,72,Generator,0,2707.0000700000014,2707.0000700000014,2700.0,2707.0000700000014
1079,SINK_M,app1,Actuator,M.Action,38,78,0,72,Generator,0,2708.0000800000016,2708.0000800000016,2700.0,2708.0000800000016
1054,SINK_M,app1,Actuator,M.Action,13,53,4,72,Generator,0,2708.0000800000016,2708.0000800000016,2700.0,2708.0000800000016
1066,SINK_M,app1,Actuator,M.Action,25,65,61,72,Generator,0,2709.000090000002,2709.000090000002,2700.0,2709.000090000002
1081,SINK_M,app1,Actuator,M.Action,0,40,0,72,Generator,0,2801.00001,2801.00001,2800.0,2801.00001
1083,SINK_M,app1,Actuator,M.Action,2,42,317,72,Generator,0,2801.00001,2801.00001,2800.0,2801.00001
1084,SINK_M,app1,Actuator,M.Action,3,43,51,72,Generator,0,2801.00001,2801.00001,2800.0,2801.00001
1088,SINK_M,app1,Actuator,M.Action,7,47,198,72,Generator,0,2801.00001,2801.00001,2800.0,2801.00001
1095,SINK_M,app1,Actuator,M.Action,14,54,89,72,Generator,0,2801.00001,2801.00001,2800.0,2801.00001
1097,SINK_M,app1,Actuator,M.Action,16,56,128,72,Generator,0,2801.00001,2801.00001,2800.0,2801.00001
1104,SINK_M,app1,Actuator,M.Action,23,63,228,72,Generator,0,2801.00001,2801.00001,2800.0,2801.00001
1117,SINK_M,app1,Actuator,M.Action,36,76,168,72,Generator,0,2801.00001,2801.00001,2800.0,2801.00001
1082,SINK_M,app1,Actuator,M.Action,1,41,0,72,Generator,0,2802.0000200000004,2802.0000200000004,2800.0,2802.0000200000004
1085,SINK_M,app1,Actuator,M.Action,4,44,317,72,Generator,0,2802.0000200000004,2802.0000200000004,2800.0,2802.0000200000004
1087,SINK_M,app1,Actuator,M.Action,6,46,51,72,Generator,0,2802.0000200000004,2802.0000200000004,2800.0,2802.0000200000004
1093,SINK_M,app1,Actuator,M.Action,12,52,198,72,Generator,0,2802.0000200000004,2802.0000200000004,2800.0,2802.0000200000004
1099,SINK_M,app1,Actuator,M.Action,18,58,89,72,Generator,0,2802.0000200000004,2802.0000200000004,2800.0,2802.0000200000004
1118,SINK_M,app1,Actuator,M.Action,37,77,168,72,Generator,0,2802.0000200000004,2802.0000200000004,2800.0,2802.0000200000004
1086,SINK_M,app1,Actuator,M.Action,5,45,0,72,Generator,0,2803.0000300000006,2803.0000300000006,2800.0,2803.0000300000006
1089,SINK_M,app1,Actuator,M.Action,8,48,51,72,Generator,0,2803.0000300000006,2803.0000300000006,2800.0,2803.0000300000006
1098,SINK_M,app1,Actuator,M.Action,17,57,317,72,Generator,0,2803.0000300000006,2803.0000300000006,2800.0,2803.0000300000006
1103,SINK_M,app1,Actuator,M.Action,22,62,198,72,Generator,0,2803.0000300000006,2803.0000300000006,2800.0,2803.0000300000006
1115,SINK_M,app1,Actuator,M.Action,34,74,89,72,Generator,0,2803.0000300000006,2803.0000300000006,2800.0,2803.0000300000006
1101,SINK_M,app1,Actuator,M.Action,20,60,44,72,Generator,0,2803.0000300000006,2803.0000300000006,2800.0,2803.0000300000006
1091,SINK_M,app1,Actuator,M.Action,10,50,0,72,Generator,0,2804.000040000001,2804.000040000001,2800.0,2804.000040000001
1100,SINK_M,app1,Actuator,M.Action,19,59,51,72,Generator,0,2804.000040000001,2804.000040000001,2800.0,2804.000040000001
1102,SINK_M,app1,Actuator,M.Action,21,61,317,72,Generator,0,2804.000040000001,2804.000040000001,2800.0,2804.000040000001
1108,SINK_M,app1,Actuator,M.Action,27,67,198,72,Generator,0,2804.000040000001,2804.000040000001,2800.0,2804.000040000001
1116,SINK_M,app1,Actuator,M.Action,35,75,89,72,Generator,0,2804.000040000001,2804.000040000001,2800.0,2804.000040000001
1107,SINK_M,app1,Actuator,M.Action,26,66,24,72,Generator,0,2804.000040000001,2804.000040000001,2800.0,2804.000040000001
1092,SINK_M,app1,Actuator,M.Action,11,51,0,72,Generator,0,2805.000050000001,2805.000050000001,2800.0,2805.000050000001
1109,SINK_M,app1,Actuator,M.Action,28,68,198,72,Generator,0,2805.000050000001,2805.000050000001,2800.0,2805.000050000001
1112,SINK_M,app1,Actuator,M.Action,31,71,51,72,Generator,0,2805.000050000001,2805.000050000001,2800.0,2805.000050000001
1114,SINK_M,app1,Actuator,M.Action,33,73,317,72,Generator,0,2805.000050000001,2805.000050000001,2800.0,2805.000050000001
1105,SINK_M,app1,Actuator,M.Action,24,64,85,72,Generator,0,2805.000050000001,2805.000050000001,2800.0,2805.000050000001
1113,SINK_M,app1,Actuator,M.Action,32,72,44,72,Generator,0,2805.000050000001,2805.000050000001,2800.0,2805.000050000001
1096,SINK_M,app1,Actuator,M.Action,15,55,0,72,Generator,0,2806.000060000001,2806.000060000001,2800.0,2806.000060000001
1120,SINK_M,app1,Actuator,M.Action,39,79,103,72,Generator,0,2806.000060000001,2806.000060000001,2800.0,2806.000060000001
1110,SINK_M,app1,Actuator,M.Action,29,69,85,72,Generator,0,2806.000060000001,2806.000060000001,2800.0,2806.000060000001
1111,SINK_M,app1,Actuator,M.Action,30,70,0,72,Generator,0,2807.0000700000014,2807.0000700000014,2800.0,2807.0000700000014
1090,SINK_M,app1,Actuator,M.Action,9,49,4,72,Generator,0,2807.0000700000014,2807.0000700000014,2800.0,2807.0000700000014
1119,SINK_M,app1,Actuator,M.Action,38,78,0,72,Generator,0,2808.0000800000016,2808.0000800000016,2800.0,2808.0000800000016
1094,SINK_M,app1,Actuator,M.Action,13,53,4,72,Generator,0,2808.0000800000016,2808.0000800000016,2800.0,2808.0000800000016
1106,SINK_M,app1,Actuator,M.Action,25,65,61,72,Generator,0,2809.000090000002,2809.000090000002,2800.0,2809.000090000002
1121,SINK_M,app1,Actuator,M.Action,0,40,0,72,Generator,0,2901.00001,2901.00001,2900.0,2901.00001
1123,SINK_M,app1,Actuator,M.Action,2,42,317,72,Generator,0,2901.00001,2901.00001,2900.0,2901.00001
1124,SINK_M,app1,Actuator,M.Action,3,43,51,72,Generator,0,2901.00001,2901.00001,2900.0,2901.00001
1128,SINK_M,app1,Actuator,M.Action,7,47,198,72,Generator,0,2901.00001,2901.00001,2900.0,2901.00001
1135,SINK_M,app1,Actuator,M.Action,14,54,89,72,Generator,0,2901.00001,2901.00001,2900.0,2901.00001
1137,SINK_M,app1,Actuator,M.Action,16,56,128,72,Generator,0,2901.00001,2901.00001,2900.0,2901.00001
1141,SINK_M,app1,Actuator,M.Action,20,60,168,72,Generator,0,2901.00001,2901.00001,2900.0,2901.00001
1144,SINK_M,app1,Actuator,M.Action,23,63,228,72,Generator,0,2901.00001,2901.00001,2900.0,2901.00001
1122,SINK_M,app1,Actuator,M.Action,1,41,0,72,Generator,0,2902.0000200000004,2902.0000200000004,2900.0,2902.0000200000004
1125,SINK_M,app1,Actuator,M.Action,4,44,317,72,Generator,0,2902.0000200000004,2902.0000200000004,2900.0,2902.0000200000004
1127,SINK_M,app1,Actuator,M.Action,6,46,51,72,Generator,0,2902.0000200000004,2902.0000200000004,2900.0,2902.0000200000004
1133,SINK_M,app1,Actuator,M.Action,12,52,198,72,Generator,0,2902.0000200000004,2902.0000200000004,2900.0,2902.0000200000004
1139,SINK_M,app1,Actuator,M.Action,18,58,89,72,Generator,0,2902.0000200000004,2902.0000200000004,2900.0,2902.0000200000004
1147,SINK_M,app1,Actuator,M.Action,26,66,168,72,Generator,0,2902.0000200000004,2902.0000200000004,2900.0,2902.0000200000004
1126,SINK_M,app1,Actuator,M.Action,5,45,0,72,Generator,0,2903.0000300000006,2903.0000300000006,2900.0,2903.0000300000006
1129,SINK_M,app1,Actuator,M.Action,8,48,51,72,Generator,0,2903.0000300000006,2903.0000300000006,2900.0,2903.0000300000006
1138,SINK_M,app1,Actuator,M.Action,17,57,317,72,Generator,0,2903.0000300000006,2903.0000300000006,2900.0,2903.0000300000006
1143,SINK_M,app1,Actuator,M.Action,22,62,198,72,Generator,0,2903.0000300000006,2903.0000300000006,2900.0,2903.0000300000006
1145,SINK_M,app1,Actuator,M.Action,24,64,89,72,Generator,0,2903.0000300000006,2903.0000300000006,2900.0,2903.0000300000006
1153,SINK_M,app1,Actuator,M.Action,32,72,168,72,Generator,0,2903.0000300000006,2903.0000300000006,2900.0,2903.0000300000006
1131,SINK_M,app1,Actuator,M.Action,10,50,0,72,Generator,0,2904.000040000001,2904.000040000001,2900.0,2904.000040000001
1140,SINK_M,app1,Actuator,M.Action,19,59,51,72,Generator,0,2904.000040000001,2904.000040000001,2900.0,2904.000040000001
1142,SINK_M,app1,Actuator,M.Action,21,61,317,72,Generator,0,2904.000040000001,2904.000040000001,2900.0,2904.000040000001
1148,SINK_M,app1,Actuator,M.Action,27,67,198,72,Generator,0,2904.000040000001,2904.000040000001,2900.0,2904.000040000001
1150,SINK_M,app1,Actuator,M.Action,29,69,89,72,Generator,0,2904.000040000001,2904.000040000001,2900.0,2904.000040000001
1157,SINK_M,app1,Actuator,M.Action,36,76,168,72,Generator,0,2904.000040000001,2904.000040000001,2900.0,2904.000040000001
1132,SINK_M,app1,Actuator,M.Action,11,51,0,72,Generator,0,2905.000050000001,2905.000050000001,2900.0,2905.000050000001
1149,SINK_M,app1,Actuator,M.Action,28,68,198,72,Generator,0,2905.000050000001,2905.000050000001,2900.0,2905.000050000001
1152,SINK_M,app1,Actuator,M.Action,31,71,51,72,Generator,0,2905.000050000001,2905.000050000001,2900.0,2905.000050000001
1154,SINK_M,app1,Actuator,M.Action,33,73,317,72,Generator,0,2905.000050000001,2905.000050000001,2900.0,2905.000050000001
1155,SINK_M,app1,Actuator,M.Action,34,74,89,72,Generator,0,2905.000050000001,2905.000050000001,2900.0,2905.000050000001
1158,SINK_M,app1,Actuator,M.Action,37,77,168,72,Generator,0,2905.000050000001,2905.000050000001,2900.0,2905.000050000001
1136,SINK_M,app1,Actuator,M.Action,15,55,0,72,Generator,0,2906.000060000001,2906.000060000001,2900.0,2906.000060000001
1156,SINK_M,app1,Actuator,M.Action,35,75,89,72,Generator,0,2906.000060000001,2906.000060000001,2900.0,2906.000060000001
1160,SINK_M,app1,Actuator,M.Action,39,79,198,72,Generator,0,2906.000060000001,2906.000060000001,2900.0,2906.000060000001
1151,SINK_M,app1,Actuator,M.Action,30,70,0,72,Generator,0,2907.0000700000014,2907.0000700000014,2900.0,2907.0000700000014
1130,SINK_M,app1,Actuator,M.Action,9,49,85,72,Generator,0,2907.0000700000014,2907.0000700000014,2900.0,2907.0000700000014
1159,SINK_M,app1,Actuator,M.Action,38,78,0,72,Generator,0,2908.0000800000016,2908.0000800000016,2900.0,2908.0000800000016
1134,SINK_M,app1,Actuator,M.Action,13,53,85,72,Generator,0,2908.0000800000016,2908.0000800000016,2900.0,2908.0000800000016
1146,SINK_M,app1,Actuator,M.Action,25,65,153,72,Generator,0,2909.000090000002,2909.000090000002,2900.0,2909.000090000002
1161,SINK_M,app1,Actuator,M.Action,0,40,0,72,Generator,0,3001.00001,3001.00001,3000.0,3001.00001
1163,SINK_M,app1,Actuator,M.Action,2,42,317,72,Generator,0,3001.00001,3001.00001,3000.0,3001.00001
1164,SINK_M,app1,Actuator,M.Action,3,43,51,72,Generator,0,3001.00001,3001.00001,3000.0,3001.00001
1168,SINK_M,app1,Actuator,M.Action,7,47,198,72,Generator,0,3001.00001,3001.00001,3000.0,3001.00001
1175,SINK_M,app1,Actuator,M.Action,14,54,89,72,Generator,0,3001.00001,3001.00001,3000.0,3001.00001
1177,SINK_M,app1,Actuator,M.Action,16,56,128,72,Generator,0,3001.00001,3001.00001,3000.0,3001.00001
1181,SINK_M,app1,Actuator,M.Action,20,60,168,72,Generator,0,3001.00001,3001.00001,3000.0,3001.00001
1184,SINK_M,app1,Actuator,M.Action,23,63,228,72,Generator,0,3001.00001,3001.00001,3000.0,3001.00001
1162,SINK_M,app1,Actuator,M.Action,1,41,0,72,Generator,0,3002.0000200000004,3002.0000200000004,3000.0,3002.0000200000004
1165,SINK_M,app1,Actuator,M.Action,4,44,317,72,Generator,0,3002.0000200000004,3002.0000200000004,3000.0,3002.0000200000004
1167,SINK_M,app1,Actuator,M.Action,6,46,51,72,Generator,0,3002.0000200000004,3002.0000200000004,3000.0,3002.0000200000004
1173,SINK_M,app1,Actuator,M.Action,12,52,198,72,Generator,0,3002.0000200000004,3002.0000200000004,3000.0,3002.0000200000004
1179,SINK_M,app1,Actuator,M.Action,18,58,89,72,Generator,0,3002.0000200000004,3002.0000200000004,3000.0,3002.0000200000004
1187,SINK_M,app1,Actuator,M.Action,26,66,168,72,Generator,0,3002.0000200000004,3002.0000200000004,3000.0,3002.0000200000004
1166,SINK_M,app1,Actuator,M.Action,5,45,0,72,Generator,0,3003.0000300000006,3003.0000300000006,3000.0,3003.0000300000006
1169,SINK_M,app1,Actuator,M.Action,8,48,51,72,Generator,0,3003.0000300000006,3003.0000300000006,3000.0,3003.0000300000006
1178,SINK_M,app1,Actuator,M.Action,17,57,317,72,Generator,0,3003.0000300000006,3003.0000300000006,3000.0,3003.0000300000006
1183,SINK_M,app1,Actuator,M.Action,22,62,198,72,Generator,0,3003.0000300000006,3003.0000300000006,3000.0,3003.0000300000006
1185,SINK_M,app1,Actuator,M.Action,24,64,89,72,Generator,0,3003.0000300000006,3003.0000300000006,3000.0,3003.0000300000006
1193,SINK_M,app1,Actuator,M.Action,32,72,168,72,Generator,0,3003.0000300000006,3003.0000300000006,3000.0,3003.0000300000006
1171,SINK_M,app1,Actuator,M.Action,10,50,0,72,Generator,0,3004.000040000001,3004.000040000001,3000.0,3004.000040000001
1180,SINK_M,app1,Actuator,M.Action,19,59,51,72,Generator,0,3004.000040000001,3004.000040000001,3000.0,3004.000040000001
1182,SINK_M,app1,Actuator,M.Action,21,61,317,72,Generator,0,3004.000040000001,3004.000040000001,3000.0,3004.000040000001
1188,SINK_M,app1,Actuator,M.Action,27,67,198,72,Generator,0,3004.000040000001,3004.000040000001,3000.0,3004.000040000001
1190,SINK_M,app1,Actuator,M.Action,29,69,89,72,Generator,0,3004.000040000001,3004.000040000001,3000.0,3004.000040000001
1197,SINK_M,app1,Actuator,M.Action,36,76,168,72,Generator,0,3004.000040000001,3004.000040000001,3000.0,3004.000040000001
1172,SINK_M,app1,Actuator,M.Action,11,51,0,72,Generator,0,3005.000050000001,3005.000050000001,3000.0,3005.000050000001
1189,SINK_M,app1,Actuator,M.Action,28,68,198,72,Generator,0,3005.000050000001,3005.000050000001,3000.0,3005.000050000001
1192,SINK_M,app1,Actuator,M.Action,31,71,51,72,Generator,0,3005.000050000001,3005.000050000001,3000.0,3005.000050000001
1194,SINK_M,app1,Actuator,M.Action,33,73,317,72,Generator,0,3005.000050000001,3005.000050000001,3000.0,3005.000050000001
1195,SINK_M,app1,Actuator,M.Action,34,74,89,72,Generator,0,3005.000050000001,3005.000050000001,3000.0,3005.000050000001
1198,SINK_M,app1,Actuator,M.Action,37,77,168,72,Generator,0,3005.000050000001,3005.000050000001,3000.0,3005.000050000001
1176,SINK_M,app1,Actuator,M.Action,15,55,0,72,Generator,0,3006.000060000001,3006.000060000001,3000.0,3006.000060000001
1196,SINK_M,app1,Actuator,M.Action,35,75,89,72,Generator,0,3006.000060000001,3006.000060000001,3000.0,3006.000060000001
1200,SINK_M,app1,Actuator,M.Action,39,79,198,72,Generator,0,3006.000060000001,3006.000060000001,3000.0,3006.000060000001
1191,SINK_M,app1,Actuator,M.Action,30,70,0,72,Generator,0,3007.0000700000014,3007.0000700000014,3000.0,3007.0000700000014
1170,SINK_M,app1,Actuator,M.Action,9,49,85,72,Generator,0,3007.0000700000014,3007.0000700000014,3000.0,3007.0000700000014
1199,SINK_M,app1,Actuator,M.Action,38,78,0,72,Generator,0,3008.0000800000016,3008.0000800000016,3000.0,3008.0000800000016
1174,SINK_M,app1,Actuator,M.Action,13,53,85,72,Generator,0,3008.0000800000016,3008.0000800000016,3000.0,3008.0000800000016
1186,SINK_M,app1,Actuator,M.Action,25,65,153,72,Generator,0,3009.000090000002,3009.000090000002,3000.0,3009.000090000002
1201,SINK_M,app1,Actuator,M.Action,0,40,0,72,Generator,0,3101.00001,3101.00001,3100.0,3101.00001
1203,SINK_M,app1,Actuator,M.Action,2,42,317,72,Generator,0,3101.00001,3101.00001,3100.0,3101.00001
1204,SINK_M,app1,Actuator,M.Action,3,43,51,72,Generator,0,3101.00001,3101.00001,3100.0,3101.00001
1208,SINK_M,app1,Actuator,M.Action,7,47,198,72,Generator,0,3101.00001,3101.00001,3100.0,3101.00001
1215,SINK_M,app1,Actuator,M.Action,14,54,89,72,Generator,0,3101.00001,3101.00001,3100.0,3101.00001
1217,SINK_M,app1,Actuator,M.Action,16,56,128,72,Generator,0,3101.00001,3101.00001,3100.0,3101.00001
1221,SINK_M,app1,Actuator,M.Action,20,60,168,72,Generator,0,3101.00001,3101.00001,3100.0,3101.00001
1224,SINK_M,app1,Actuator,M.Action,23,63,228,72,Generator,0,3101.00001,3101.00001,3100.0,3101.00001
1202,SINK_M,app1,Actuator,M.Action,1,41,0,72,Generator,0,3102.0000200000004,3102.0000200000004,3100.0,3102.0000200000004
1205,SINK_M,app1,Actuator,M.Action,4,44,317,72,Generator,0,3102.0000200000004,3102.0000200000004,3100.0,3102.0000200000004
1207,SINK_M,app1,Actuator,M.Action,6,46,51,72,Generator,0,3102.0000200000004,3102.0000200000004,3100.0,3102.0000200000004
1213,SINK_M,app1,Actuator,M.Action,12,52,198,72,Generator,0,3102.0000200000004,3102.0000200000004,3100.0,3102.0000200000004
1219,SINK_M,app1,Actuator,M.Action,18,58,89,72,Generator,0,3102.0000200000004,3102.0000200000004,3100.0,3102.0000200000004
1227,SINK_M,app1,Actuator,M.Action,26,66,168,72,Generator,0,3102.0000200000004,3102.0000200000004,3100.0,3102.0000200000004
1206,SINK_M,app1,Actuator,M.Action,5,45,0,72,Generator,0,3103.0000300000006,3103.0000300000006,3100.0,3103.0000300000006
1209,SINK_M,app1,Actuator,M.Action,8,48,51,72,Generator,0,3103.0000300000006,3103.0000300000006,3100.0,3103.0000300000006
1218,SINK_M,app1,Actuator,M.Action,17,57,317,72,Generator,0,3103.0000300000006,3103.0000300000006,3100.0,3103.0000300000006
1223,SINK_M,app1,Actuator,M.Action,22,62,198,72,Generator,0,3103.0000300000006,3103.0000300000006,3100.0,3103.0000300000006
1225,SINK_M,app1,Actuator,M.Action,24,64,89,72,Generator,0,3103.0000300000006,3103.0000300000006,3100.0,3103.0000300000006
1233,SINK_M,app1,Actuator,M.Action,32,72,168,72,Generator,0,3103.0000300000006,3103.0000300000006,3100.0,3103.0000300000006
1211,SINK_M,app1,Actuator,M.Action,10,50,0,72,Generator,0,3104.000040000001,3104.000040000001,3100.0,3104.000040000001
1220,SINK_M,app1,Actuator,M.Action,19,59,51,72,Generator,0,3104.000040000001,3104.000040000001,3100.0,3104.000040000001
1222,SINK_M,app1,Actuator,M.Action,21,61,317,72,Generator,0,3104.000040000001,3104.000040000001,3100.0,3104.000040000001
1228,SINK_M,app1,Actuator,M.Action,27,67,198,72,Generator,0,3104.000040000001,3104.000040000001,3100.0,3104.000040000001
1230,SINK_M,app1,Actuator,M.Action,29,69,89,72,Generator,0,3104.000040000001,3104.000040000001,3100.0,3104.000040000001
1237,SINK_M,app1,Actuator,M.Action,36,76,168,72,Generator,0,3104.000040000001,3104.000040000001,3100.0,3104.000040000001
1212,SINK_M,app1,Actuator,M.Action,11,51,0,72,Generator,0,3105.000050000001,3105.000050000001,3100.0,3105.000050000001
1229,SINK_M,app1,Actuator,M.Action,28,68,198,72,Generator,0,3105.000050000001,3105.000050000001,3100.0,3105.000050000001
1232,SINK_M,app1,Actuator,M.Action,31,71,51,72,Generator,0,3105.000050000001,3105.000050000001,3100.0,3105.000050000001
1234,SINK_M,app1,Actuator,M.Action,33,73,317,72,Generator,0,3105.000050000001,3105.000050000001,3100.0,3105.000050000001
1235,SINK_M,app1,Actuator,M.Action,34,74,89,72,Generator,0,3105.000050000001,3105.000050000001,3100.0,3105.000050000001
1238,SINK_M,app1,Actuator,M.Action,37,77,168,72,Generator,0,3105.000050000001,3105.000050000001,3100.0,3105.000050000001
1216,SINK_M,app1,Actuator,M.Action,15,55,0,72,Generator,0,3106.000060000001,3106.000060000001,3100.0,3106.000060000001
1236,SINK_M,app1,Actuator,M.Action,35,75,89,72,Generator,0,3106.000060000001,3106.000060000001,3100.0,3106.000060000001
1240,SINK_M,app1,Actuator,M.Action,39,79,198,72,Generator,0,3106.000060000001,3106.000060000001,3100.0,3106.000060000001
1231,SINK_M,app1,Actuator,M.Action,30,70,0,72,Generator,0,3107.0000700000014,3107.0000700000014,3100.0,3107.0000700000014
1210,SINK_M,app1,Actuator,M.Action,9,49,85,72,Generator,0,3107.0000700000014,3107.0000700000014,3100.0,3107.0000700000014
1239,SINK_M,app1,Actuator,M.Action,38,78,0,72,Generator,0,3108.0000800000016,3108.0000800000016,3100.0,3108.0000800000016
1214,SINK_M,app1,Actuator,M.Action,13,53,85,72,Generator,0,3108.0000800000016,3108.0000800000016,3100.0,3108.0000800000016
1226,SINK_M,app1,Actuator,M.Action,25,65,153,72,Generator,0,3109.000090000002,3109.000090000002,3100.0,3109.000090000002
1241,SINK_M,app1,Actuator,M.Action,0,40,0,72,Generator,0,3201.00001,3201.00001,3200.0,3201.00001
1243,SINK_M,app1,Actuator,M.Action,2,42,317,72,Generator,0,3201.00001,3201.00001,3200.0,3201.00001
1244,SINK_M,app1,Actuator,M.Action,3,43,51,72,Generator,0,3201.00001,3201.00001,3200.0,3201.00001
1248,SINK_M,app1,Actuator,M.Action,7,47,198,72,Generator,0,3201.00001,3201.00001,3200.0,3201.00001
1255,SINK_M,app1,Actuator,M.Action,14,54,89,72,Generator,0,3201.00001,3201.00001,3200.0,3201.00001
1257,SINK_M,app1,Actuator,M.Action,16,56,128,72,Generator,0,3201.00001,3201.00001,3200.0,3201.00001
1261,SINK_M,app1,Actuator,M.Action,20,60,168,72,Generator,0,3201.00001,3201.00001,3200.0,3201.00001
1264,SINK_M,app1,Actuator,M.Action,23,63,228,72,Generator,0,3201.00001,3201.00001,3200.0,3201.00001
1242,SINK_M,app1,Actuator,M.Action,1,41,0,72,Generator,0,3202.0000200000004,3202.0000200000004,3200.0,3202.0000200000004
1245,SINK_M,app1,Actuator,M.Action,4,44,317,72,Generator,0,3202.0000200000004,3202.0000200000004,3200.0,3202.0000200000004
1247,SINK_M,app1,Actuator,M.Action,6,46,51,72,Generator,0,3202.0000200000004,3202.0000200000004,3200.0,3202.0000200000004
1253,SINK_M,app1,Actuator,M.Action,12,52,198,72,Generator,0,3202.0000200000004,3202.0000200000004,3200.0,3202.0000200000004
1259,SINK_M,app1,Actuator,M.Action,18,58,89,72,Generator,0,3202.0000200000004,3202.0000200000004,3200.0,3202.0000200000004
1267,SINK_M,app1,Actuator,M.Action,26,66,168,72,Generator,0,3202.0000200000004,3202.0000200000004,3200.0,3202.0000200000004
1246,SINK_M,app1,Actuator,M.Action,5,45,0,72,Generator,0,3203.0000300000006,3203.0000300000006,3200.0,3203.0000300000006
1249,SINK_M,app1,Actuator,M.Action,8,48,51,72,Generator,0,3203.0000300000006,3203.0000300000006,3200.0,3203.0000300000006
1258,SINK_M,app1,Actuator,M.Action,17,57,317,72,Generator,0,3203.0000300000006,3203.0000300000006,3200.0,3203.0000300000006
1263,SINK_M,app1,Actuator,M.Action,22,62,198,72,Generator,0,3203.0000300000006,3203.0000300000006,3200.0,3203.0000300000006
1265,SINK_M,app1,Actuator,M.Action,24,64,89,72,Generator,0,3203.0000300000006,3203.0000300000006,3200.0,3203.0000300000006
1273,SINK_M,app1,Actuator,M.Action,32,72,168,72,Generator,0,3203.0000300000006,3203.0000300000006,3200.0,3203.0000300000006
1251,SINK_M,app1,Actuator,M.Action,10,50,0,72,Generator,0,3204.000040000001,3204.000040000001,3200.0,3204.000040000001
1260,SINK_M,app1,Actuator,M.Action,19,59,51,72,Generator,0,3204.000040000001,3204.000040000001,3200.0,3204.000040000001
1262,SINK_M,app1,Actuator,M.Action,21,61,317,72,Generator,0,3204.000040000001,3204.000040000001,3200.0,3204.000040000001
1268,SINK_M,app1,Actuator,M.Action,27,67,198,72,Generator,0,3204.000040000001,3204.000040000001,3200.0,3204.000040000001
1270,SINK_M,app1,Actuator,M.Action,29,69,89,72,Generator,0,3204.000040000001,3204.000040000001,3200.0,3204.000040000001
1277,SINK_M,app1,Actuator,M.Action,36,76,168,72,Generator,0,3204.000040000001,3204.000040000001,3200.0,3204.000040000001
1252,SINK_M,app1,Actuator,M.Action,11,51,0,72,Generator,0,3205.000050000001,3205.000050000001,3200.0,3205.000050000001
1269,SINK_M,app1,Actuator,M.Action,28,68,198,72,Generator,0,3205.000050000001,3205.000050000001,3200.0,3205.000050000001
1272,SINK_M,app1,Actuator,M.Action,31,71,51,72,Generator,0,3205.000050000001,3205.000050000001,3200.0,3205.000050000001
1274,SINK_M,app1,Actuator,M.Action,33,73,317,72,Generator,0,3205.000050000001,3205.000050000001,3200.0,3205.000050000001
1275,SINK_M,app1,Actuator,M.Action,34,74,89,72,Generator,0,3205.000050000001,3205.000050000001,3200.0,3205.000050000001
1278,SINK_M,app1,Actuator,M.Action,37,77,168,72,Generator,0,3205.000050000001,3205.000050000001,3200.0,3205.000050000001
1256,SINK_M,app1,Actuator,M.Action,15,55,0,72,Generator,0,3206.000060000001,3206.000060000001,3200.0,3206.000060000001
1276,SINK_M,app1,Actuator,M.Action,35,75,89,72,Generator,0,3206.000060000001,3206.000060000001,3200.0,3206.000060000001
1280,SINK_M,app1,Actuator,M.Action,39,79,198,72,Generator,0,3206.000060000001,3206.000060000001,3200.0,3206.000060000001
1271,SINK_M,app1,Actuator,M.Action,30,70,0,72,Generator,0,3207.0000700000014,3207.0000700000014,3200.0,3207.0000700000014
1250,SINK_M,app1,Actuator,M.Action,9,49,85,72,Generator,0,3207.0000700000014,3207.0000700000014,3200.0,3207.0000700000014
1279,SINK_M,app1,Actuator,M.Action,38,78,0,72,Generator,0,3208.0000800000016,3208.0000800000016,3200.0,3208.0000800000016
1254,SINK_M,app1,Actuator,M.Action,13,53,85,72,Generator,0,3208.0000800000016,3208.0000800000016,3200.0,3208.0000800000016
1266,SINK_M,app1,Actuator,M.Action,25,65,153,72,Generator,0,3209.000090000002,3209.000090000002,3200.0,3209.000090000002
1281,SINK_M,app1,Actuator,M.Action,0,40,0,72,Generator,0,3301.00001,3301.00001,3300.0,3301.00001
1283,SINK_M,app1,Actuator,M.Action,2,42,317,72,Generator,0,3301.00001,3301.00001,3300.0,3301.00001
1284,SINK_M,app1,Actuator,M.Action,3,43,51,72,Generator,0,3301.00001,3301.00001,3300.0,3301.00001
1288,SINK_M,app1,Actuator,M.Action,7,47,198,72,Generator,0,3301.00001,3301.00001,3300.0,3301.00001
1290,SINK_M,app1,Actuator,M.Action,9,49,89,72,Generator,0,3301.00001,3301.00001,3300.0,3301.00001
1297,SINK_M,app1,Actuator,M.Action,16,56,128,72,Generator,0,3301.00001,3301.00001,3300.0,3301.00001
1301,SINK_M,app1,Actuator,M.Action,20,60,168,72,Generator,0,3301.00001,3301.00001,3300.0,3301.00001
1304,SINK_M,app1,Actuator,M.Action,23,63,228,72,Generator,0,3301.00001,3301.00001,3300.0,3301.00001
1282,SINK_M,app1,Actuator,M.Action,1,41,0,72,Generator,0,3302.0000200000004,3302.0000200000004,3300.0,3302.0000200000004
1285,SINK_M,app1,Actuator,M.Action,4,44,317,72,Generator,0,3302.0000200000004,3302.0000200000004,3300.0,3302.0000200000004
1287,SINK_M,app1,Actuator,M.Action,6,46,51,72,Generator,0,3302.0000200000004,3302.0000200000004,3300.0,3302.0000200000004
1293,SINK_M,app1,Actuator,M.Action,12,52,198,72,Generator,0,3302.0000200000004,3302.0000200000004,3300.0,3302.0000200000004
1294,SINK_M,app1,Actuator,M.Action,13,53,89,72,Generator,0,3302.0000200000004,3302.0000200000004,3300.0,3302.0000200000004
1307,SINK_M,app1,Actuator,M.Action,26,66,168,72,Generator,0,3302.0000200000004,3302.0000200000004,3300.0,3302.0000200000004
1286,SINK_M,app1,Actuator,M.Action,5,45,0,72,Generator,0,3303.0000300000006,3303.0000300000006,3300.0,3303.0000300000006
1289,SINK_M,app1,Actuator,M.Action,8,48,51,72,Generator,0,3303.0000300000006,3303.0000300000006,3300.0,3303.0000300000006
1295,SINK_M,app1,Actuator,M.Action,14,54,89,72,Generator,0,3303.0000300000006,3303.0000300000006,3300.0,3303.0000300000006
1298,SINK_M,app1,Actuator,M.Action,17,57,317,72,Generator,0,3303.0000300000006,3303.0000300000006,3300.0,3303.0000300000006
1303,SINK_M,app1,Actuator,M.Action,22,62,198,72,Generator,0,3303.0000300000006,3303.0000300000006,3300.0,3303.0000300000006
1313,SINK_M,app1,Actuator,M.Action,32,72,168,72,Generator,0,3303.0000300000006,3303.0000300000006,3300.0,3303.0000300000006
1291,SINK_M,app1,Actuator,M.Action,10,50,0,72,Generator,0,3304.000040000001,3304.000040000001,3300.0,3304.000040000001
1299,SINK_M,app1,Actuator,M.Action,18,58,89,72,Generator,0,3304.000040000001,3304.000040000001,3300.0,3304.000040000001
1300,SINK_M,app1,Actuator,M.Action,19,59,51,72,Generator,0,3304.000040000001,3304.000040000001,3300.0,3304.000040000001
1302,SINK_M,app1,Actuator,M.Action,21,61,317,72,Generator,0,3304.000040000001,3304.000040000001,3300.0,3304.000040000001
1308,SINK_M,app1,Actuator,M.Action,27,67,198,72,Generator,0,3304.000040000001,3304.000040000001,3300.0,3304.000040000001
1317,SINK_M,app1,Actuator,M.Action,36,76,168,72,Generator,0,3304.000040000001,3304.000040000001,3300.0,3304.000040000001
1292,SINK_M,app1,Actuator,M.Action,11,51,0,72,Generator,0,3305.000050000001,3305.000050000001,3300.0,3305.000050000001
1305,SINK_M,app1,Actuator,M.Action,24,64,89,72,Generator,0,3305.000050000001,3305.000050000001,3300.0,3305.000050000001
1309,SINK_M,app1,Actuator,M.Action,28,68,198,72,Generator,0,3305.000050000001,3305.000050000001,3300.0,3305.000050000001
1312,SINK_M,app1,Actuator,M.Action,31,71,51,72,Generator,0,3305.000050000001,3305.000050000001,3300.0,3305.000050000001
1314,SINK_M,app1,Actuator,M.Action,33,73,317,72,Generator,0,3305.000050000001,3305.000050000001,3300.0,3305.000050000001
1318,SINK_M,app1,Actuator,M.Action,37,77,168,72,Generator,0,3305.000050000001,3305.000050000001,3300.0,3305.000050000001
1296,SINK_M,app1,Actuator,M.Action,15,55,0,72,Generator,0,3306.000060000001,3306.000060000001,3300.0,3306.000060000001
1310,SINK_M,app1,Actuator,M.Action,29,69,89,72,Generator,0,3306.000060000001,3306.000060000001,3300.0,3306.000060000001
1320,SINK_M,app1,Actuator,M.Action,39,79,198,72,Generator,0,3306.000060000001,3306.000060000001,3300.0,3306.000060000001
1311,SINK_M,app1,Actuator,M.Action,30,70,0,72,Generator,0,3307.0000700000014,3307.0000700000014,3300.0,3307.0000700000014
1315,SINK_M,app1,Actuator,M.Action,34,74,89,72,Generator,0,3307.0000700000014,3307.0000700000014,3300.0,3307.0000700000014
1316,SINK_M,app1,Actuator,M.Action,35,75,89,72,Generator,0,3308.0000800000016,3308.0000800000016,3300.0,3308.0000800000016
1319,SINK_M,app1,Actuator,M.Action,38,78,0,72,Generator,0,3308.0000800000016,3308.0000800000016,3300.0,3308.0000800000016
1306,SINK_M,app1,Actuator,M.Action,25,65,22,72,Generator,0,3309.000090000002,3309.000090000002,3300.0,3309.000090000002
1321,SINK_M,app1,Actuator,M.Action,0,40,0,72,Generator,0,3401.00001,3401.00001,3400.0,3401.00001
1323,SINK_M,app1,Actuator,M.Action,2,42,317,72,Generator,0,3401.00001,3401.00001,3400.0,3401.00001
1324,SINK_M,app1,Actuator,M.Action,3,43,51,72,Generator,0,3401.00001,3401.00001,3400.0,3401.00001
1328,SINK_M,app1,Actuator,M.Action,7,47,198,72,Generator,0,3401.00001,3401.00001,3400.0,3401.00001
1330,SINK_M,app1,Actuator,M.Action,9,49,89,72,Generator,0,3401.00001,3401.00001,3400.0,3401.00001
1337,SINK_M,app1,Actuator,M.Action,16,56,128,72,Generator,0,3401.00001,3401.00001,3400.0,3401.00001
1341,SINK_M,app1,Actuator,M.Action,20,60,168,72,Generator,0,3401.00001,3401.00001,3400.0,3401.00001
1344,SINK_M,app1,Actuator,M.Action,23,63,228,72,Generator,0,3401.00001,3401.00001,3400.0,3401.00001
1322,SINK_M,app1,Actuator,M.Action,1,41,0,72,Generator,0,3402.0000200000004,3402.0000200000004,3400.0,3402.0000200000004
1325,SINK_M,app1,Actuator,M.Action,4,44,317,72,Generator,0,3402.0000200000004,3402.0000200000004,3400.0,3402.0000200000004
1327,SINK_M,app1,Actuator,M.Action,6,46,51,72,Generator,0,3402.0000200000004,3402.0000200000004,3400.0,3402.0000200000004
1333,SINK_M,app1,Actuator,M.Action,12,52,198,72,Generator,0,3402.0000200000004,3402.0000200000004,3400.0,3402.0000200000004
1334,SINK_M,app1,Actuator,M.Action,13,53,89,72,Generator,0,3402.0000200000004,3402.0000200000004,3400.0,3402.0000200000004
1347,SINK_M,app1,Actuator,M.Action,26,66,168,72,Generator,0,3402.0000200000004,3402.0000200000004,3400.0,3402.0000200000004
1326,SINK_M,app1,Actuator,M.Action,5,45,0,72,Generator,0,3403.0000300000006,3403.0000300000006,3400.0,3403.0000300000006
1329,SINK_M,app1,Actuator,M.Action,8,48,51,72,Generator,0,3403.0000300000006,3403.0000300000006,3400.0,3403.0000300000006
1335,SINK_M,app1,Actuator,M.Action,14,54,89,72,Generator,0,3403.0000300000006,3403.0000300000006,3400.0,3403.0000300000006
1338,SINK_M,app1,Actuator,M.Action,17,57,317,72,Generator,0,3403.0000300000006,3403.0000300000006,3400.0,3403.0000300000006
1343,SINK_M,app1,Actuator,M.Action,22,62,198,72,Generator,0,3403.0000300000006,3403.0000300000006,3400.0,3403.0000300000006
1353,SINK_M,app1,Actuator,M.Action,32,72,168,72,Generator,0,3403.0000300000006,3403.0000300000006,3400.0,3403.0000300000006
1331,SINK_M,app1,Actuator,M.Action,10,50,0,72,Generator,0,3404.000040000001,3404.000040000001,3400.0,3404.000040000001
1339,SINK_M,app1,Actuator,M.Action,18,58,89,72,Generator,0,3404.000040000001,3404.000040000001,3400.0,3404.000040000001
1340,SINK_M,app1,Actuator,M.Action,19,59,51,72,Generator,0,3404.000040000001,3404.000040000001,3400.0,3404.000040000001
1342,SINK_M,app1,Actuator,M.Action,21,61,317,72,Generator,0,3404.000040000001,3404.000040000001,3400.0,3404.000040000001
1348,SINK_M,app1,Actuator,M.Action,27,67,198,72,Generator,0,3404.000040000001,3404.000040000001,3400.0,3404.000040000001
1357,SINK_M,app1,Actuator,M.Action,36,76,168,72,Generator,0,3404.000040000001,3404.000040000001,3400.0,3404.000040000001
1332,SINK_M,app1,Actuator,M.Action,11,51,0,72,Generator,0,3405.000050000001,3405.000050000001,3400.0,3405.000050000001
1345,SINK_M,app1,Actuator,M.Action,24,64,89,72,Generator,0,3405.000050000001,3405.000050000001,3400.0,3405.000050000001
1349,SINK_M,app1,Actuator,M.Action,28,68,198,72,Generator,0,3405.000050000001,3405.000050000001,3400.0,3405.000050000001
1352,SINK_M,app1,Actuator,M.Action,31,71,51,72,Generator,0,3405.000050000001,3405.000050000001,3400.0,3405.000050000001
1354,SINK_M,app1,Actuator,M.Action,33,73,317,72,Generator,0,3405.000050000001,3405.000050000001,3400.0,3405.000050000001
1358,SINK_M,app1,Actuator,M.Action,37,77,168,72,Generator,0,3405.000050000001,3405.000050000001,3400.0,3405.000050000001
1336,SINK_M,app1,Actuator,M.Action,15,55,0,72,Generator,0,3406.000060000001,3406.000060000001,3400.0,3406.000060000001
1350,SINK_M,app1,Actuator,M.Action,29,69,89,72,Generator,0,3406.000060000001,3406.000060000001,3400.0,3406.000060000001
1360,SINK_M,app1,Actuator,M.Action,39,79,198,72,Generator,0,3406.000060000001,3406.000060000001,3400.0,3406.000060000001
1351,SINK_M,app1,Actuator,M.Action,30,70,0,72,Generator,0,3407.0000700000014,3407.0000700000014,3400.0,3407.0000700000014
1355,SINK_M,app1,Actuator,M.Action,34,74,89,72,Generator,0,3407.0000700000014,3407.0000700000014,3400.0,3407.0000700000014
1356,SINK_M,app1,Actuator,M.Action,35,75,89,72,Generator,0,3408.0000800000016,3408.0000800000016,3400.0,3408.0000800000016
1359,SINK_M,app1,Actuator,M.Action,38,78,0,72,Generator,0,3408.0000800000016,3408.0000800000016,3400.0,3408.0000800000016
1346,SINK_M,app1,Actuator,M.Action,25,65,22,72,Generator,0,3409.000090000002,3409.000090000002,3400.0,3409.000090000002
1361,SINK_M,app1,Actuator,M.Action,0,40,0,72,Generator,0,3501.00001,3501.00001,3500.0,3501.00001
1363,SINK_M,app1,Actuator,M.Action,2,42,317,72,Generator,0,3501.00001,3501.00001,3500.0,3501.00001
1364,SINK_M,app1,Actuator,M.Action,3,43,51,72,Generator,0,3501.00001,3501.00001,3500.0,3501.00001
1368,SINK_M,app1,Actuator,M.Action,7,47,198,72,Generator,0,3501.00001,3501.00001,3500.0,3501.00001
1370,SINK_M,app1,Actuator,M.Action,9,49,89,72,Generator,0,3501.00001,3501.00001,3500.0,3501.00001
1377,SINK_M,app1,Actuator,M.Action,16,56,128,72,Generator,0,3501.00001,3501.00001,3500.0,3501.00001
1381,SINK_M,app1,Actuator,M.Action,20,60,168,72,Generator,0,3501.00001,3501.00001,3500.0,3501.00001
1384,SINK_M,app1,Actuator,M.Action,23,63,228,72,Generator,0,3501.00001,3501.00001,3500.0,3501.00001
1362,SINK_M,app1,Actuator,M.Action,1,41,0,72,Generator,0,3502.0000200000004,3502.0000200000004,3500.0,3502.0000200000004
1365,SINK_M,app1,Actuator,M.Action,4,44,317,72,Generator,0,3502.0000200000004,3502.0000200000004,3500.0,3502.0000200000004
1367,SINK_M,app1,Actuator,M.Action,6,46,51,72,Generator,0,3502.0000200000004,3502.0000200000004,3500.0,3502.0000200000004
1373,SINK_M,app1,Actuator,M.Action,12,52,198,72,Generator,0,3502.0000200000004,3502.0000200000004,3500.0,3502.0000200000004
1374,SINK_M,app1,Actuator,M.Action,13,53,89,72,Generator,0,3502.0000200000004,3502.0000200000004,3500.0,3502.0000200000004
1387,SINK_M,app1,Actuator,M.Action,26,66,168,72,Generator,0,3502.0000200000004,3502.0000200000004,3500.0,3502.0000200000004
1366,SINK_M,app1,Actuator,M.Action,5,45,0,72,Generator,0,3503.0000300000006,3503.0000300000006,3500.0,3503.0000300000006
1369,SINK_M,app1,Actuator,M.Action,8,48,51,72,Generator,0,3503.0000300000006,3503.0000300000006,3500.0,3503.0000300000006
1375,SINK_M,app1,Actuator,M.Action,14,54,89,72,Generator,0,3503.0000300000006,3503.0000300000006,3500.0,3503.0000300000006
1378,SINK_M,app1,Actuator,M.Action,17,57,317,72,Generator,0,3503.0000300000006,3503.0000300000006,3500.0,3503.0000300000006
1383,SINK_M,app1,Actuator,M.Action,22,62,198,72,Generator,0,3503.0000300000006,3503.0000300000006,3500.0,3503.0000300000006
1393,SINK_M,app1,Actuator,M.Action,32,72,168,72,Generator,0,3503.0000300000006,3503.0000300000006,3500.0,3503.0000300000006
1371,SINK_M,app1,Actuator,M.Action,10,50,0,72,Generator,0,3504.000040000001,3504.000040000001,3500.0,3504.000040000001
1379,SINK_M,app1,Actuator,M.Action,18,58,89,72,Generator,0,3504.000040000001,3504.000040000001,3500.0,3504.000040000001
1380,SINK_M,app1,Actuator,M.Action,19,59,51,72,Generator,0,3504.000040000001,3504.000040000001,3500.0,3504.000040000001
1382,SINK_M,app1,Actuator,M.Action,21,61,317,72,Generator,0,3504.000040000001,3504.000040000001,3500.0,3504.000040000001
1388,SINK_M,app1,Actuator,M.Action,27,67,198,72,Generator,0,3504.000040000001,3504.000040000001,3500.0,3504.000040000001
1397,SINK_M,app1,Actuator,M.Action,36,76,168,72,Generator,0,3504.000040000001,3504.000040000001,3500.0,3504.000040000001
1372,SINK_M,app1,Actuator,M.Action,11,51,0,72,Generator,0,3505.000050000001,3505.000050000001,3500.0,3505.000050000001
1385,SINK_M,app1,Actuator,M.Action,24,64,89,72,Generator,0,3505.000050000001,3505.000050000001,3500.0,3505.000050000001
1389,SINK_M,app1,Actuator,M.Action,28,68,198,72,Generator,0,3505.000050000001,3505.000050000001,3500.0,3505.000050000001
1392,SINK_M,app1,Actuator,M.Action,31,71,51,72,Generator,0,3505.000050000001,3505.000050000001,3500.0,3505.000050000001
1394,SINK_M,app1,Actuator,M.Action,33,73,317,72,Generator,0,3505.000050000001,3505.000050000001,3500.0,3505.000050000001
1398,SINK_M,app1,Actuator,M.Action,37,77,168,72,Generator,0,3505.000050000001,3505.000050000001,3500.0,3505.000050000001
1376,SINK_M,app1,Actuator,M.Action,15,55,0,72,Generator,0,3506.000060000001,3506.000060000001,3500.0,3506.000060000001
1390,SINK_M,app1,Actuator,M.Action,29,69,89,72,Generator,0,3506.000060000001,3506.000060000001,3500.0,3506.000060000001
1400,SINK_M,app1,Actuator,M.Action,39,79,198,72,Generator,0,3506.000060000001,3506.000060000001,3500.0,3506.000060000001
1391,SINK_M,app1,Actuator,M.Action,30,70,0,72,Generator,0,3507.0000700000014,3507.0000700000014,3500.0,3507.0000700000014
1395,SINK_M,app1,Actuator,M.Action,34,74,89,72,Generator,0,3507.0000700000014,3507.0000700000014,3500.0,3507.0000700000014
1396,SINK_M,app1,Actuator,M.Action,35,75,89,72,Generator,0,3508.0000800000016,3508.0000800000016,3500.0,3508.0000800000016
1399,SINK_M,app1,Actuator,M.Action,38,78,0,72,Generator,0,3508.0000800000016,3508.0000800000016,3500.0,3508.0000800000016
1386,SINK_M,app1,Actuator,M.Action,25,65,22,72,Generator,0,3509.000090000002,3509.000090000002,3500.0,3509.000090000002
1401,SINK_M,app1,Actuator,M.Action,0,40,0,72,Generator,0,3601.00001,3601.00001,3600.0,3601.00001
1403,SINK_M,app1,Actuator,M.Action,2,42,317,72,Generator,0,3601.00001,3601.00001,3600.0,3601.00001
1404,SINK_M,app1,Actuator,M.Action,3,43,51,72,Generator,0,3601.00001,3601.00001,3600.0,3601.00001
1408,SINK_M,app1,Actuator,M.Action,7,47,198,72,Generator,0,3601.00001,3601.00001,3600.0,3601.00001
1410,SINK_M,app1,Actuator,M.Action,9,49,89,72,Generator,0,3601.00001,3601.00001,3600.0,3601.00001
1417,SINK_M,app1,Actuator,M.Action,16,56,128,72,Generator,0,3601.00001,3601.00001,3600.0,3601.00001
1421,SINK_M,app1,Actuator,M.Action,20,60,168,72,Generator,0,3601.00001,3601.00001,3600.0,3601.00001
1424,SINK_M,app1,Actuator,M.Action,23,63,228,72,Generator,0,3601.00001,3601.00001,3600.0,3601.00001
1402,SINK_M,app1,Actuator,M.Action,1,41,0,72,Generator,0,3602.0000200000004,3602.0000200000004,3600.0,3602.0000200000004
1405,SINK_M,app1,Actuator,M.Action,4,44,317,72,Generator,0,3602.0000200000004,3602.0000200000004,3600.0,3602.0000200000004
1407,SINK_M,app1,Actuator,M.Action,6,46,51,72,Generator,0,3602.0000200000004,3602.0000200000004,3600.0,3602.0000200000004
1413,SINK_M,app1,Actuator,M.Action,12,52,198,72,Generator,0,3602.0000200000004,3602.0000200000004,3600.0,3602.0000200000004
1414,SINK_M,app1,Actuator,M.Action,13,53,89,72,Generator,0,3602.0000200000004,3602.0000200000004,3600.0,3602.0000200000004
1427,SINK_M,app1,Actuator,M.Action,26,66,168,72,Generator,0,3602.0000200000004,3602.0000200000004,3600.0,3602.0000200000004
1406,SINK_M,app1,Actuator,M.Action,5,45,0,72,Generator,0,3603.0000300000006,3603.0000300000006,3600.0,3603.0000300000006
1409,SINK_M,app1,Actuator,M.Action,8,48,51,72,Generator,0,3603.0000300000006,3603.0000300000006,3600.0,3603.0000300000006
1415,SINK_M,app1,Actuator,M.Action,14,54,89,72,Generator,0,3603.0000300000006,3603.0000300000006,3600.0,3603.0000300000006
1418,SINK_M,app1,Actuator,M.Action,17,57,317,72,Generator,0,3603.0000300000006,3603.0000300000006,3600.0,3603.0000300000006
1423,SINK_M,app1,Actuator,M.Action,22,62,198,72,Generator,0,3603.0000300000006,3603.0000300000006,3600.0,3603.0000300000006
1433,SINK_M,app1,Actuator,M.Action,32,72,168,72,Generator,0,3603.0000300000006,3603.0000300000006,3600.0,3603.0000300000006
1411,SINK_M,app1,Actuator,M.Action,10,50,0,72,Generator,0,3604.000040000001,3604.000040000001,3600.0,3604.000040000001
1419,SINK_M,app1,Actuator,M.Action,18,58,89,72,Generator,0,3604.000040000001,3604.000040000001,3600.0,3604.000040000001
1420,SINK_M,app1,Actuator,M.Action,19,59,51,72,Generator,0,3604.000040000001,3604.000040000001,3600.0,3604.000040000001
1422,SINK_M,app1,Actuator,M.Action,21,61,317,72,Generator,0,3604.000040000001,3604.000040000001,3600.0,3604.000040000001
1428,SINK_M,app1,Actuator,M.Action,27,67,198,72,Generator,0,3604.000040000001,3604.000040000001,3600.0,3604.000040000001
1437,SINK_M,app1,Actuator,M.Action,36,76,168,72,Generator,0,3604.000040000001,3604.000040000001,3600.0,3604.000040000001
1412,SINK_M,app1,Actuator,M.Action,11,51,0,72,Generator,0,3605.000050000001,3605.000050000001,3600.0,3605.000050000001
1425,SINK_M,app1,Actuator,M.Action,24,64,89,72,Generator,0,3605.000050000001,3605.000050000001,3600.0,3605.000050000001
1429,SINK_M,app1,Actuator,M.Action,28,68,198,72,Generator,0,3605.000050000001,3605.000050000001,3600.0,3605.000050000001
1432,SINK_M,app1,Actuator,M.Action,31,71,51,72,Generator,0,3605.000050000001,3605.000050000001,3600.0,3605.000050000001
1434,SINK_M,app1,Actuator,M.Action,33,73,317,72,Generator,0,3605.000050000001,3605.000050000001,3600.0,3605.000050000001
1438,SINK_M,app1,Actuator,M.Action,37,77,168,72,Generator,0,3605.000050000001,3605.000050000001,3600.0,3605.000050000001
1416,SINK_M,app1,Actuator,M.Action,15,55,0,72,Generator,0,3606.000060000001,3606.000060000001,3600.0,3606.000060000001
1430,SINK_M,app1,Actuator,M.Action,29,69,89,72,Generator,0,3606.000060000001,3606.000060000001,3600.0,3606.000060000001
1440,SINK_M,app1,Actuator,M.Action,39,79,198,72,Generator,0,3606.000060000001,3606.000060000001,3600.0,3606.000060000001
1431,SINK_M,app1,Actuator,M.Action,30,70,0,72,Generator,0,3607.0000700000014,3607.0000700000014,3600.0,3607.0000700000014
1435,SINK_M,app1,Actuator,M.Action,34,74,89,72,Generator,0,3607.0000700000014,3607.0000700000014,3600.0,3607.0000700000014
1436,SINK_M,app1,Actuator,M.Action,35,75,89,72,Generator,0,3608.0000800000016,3608.0000800000016,3600.0,3608.0000800000016
1439,SINK_M,app1,Actuator,M.Action,38,78,0,72,Generator,0,3608.0000800000016,3608.0000800000016,3600.0,3608.0000800000016
1426,SINK_M,app1,Actuator,M.Action,25,65,22,72,Generator,0,3609.000090000002,3609.000090000002,3600.0,3609.000090000002
1441,SINK_M,app1,Actuator,M.Action,0,40,0,72,Generator,0,3701.00001,3701.00001,3700.0,3701.00001
1443,SINK_M,app1,Actuator,M.Action,2,42,317,72,Generator,0,3701.00001,3701.00001,3700.0,3701.00001
1444,SINK_M,app1,Actuator,M.Action,3,43,51,72,Generator,0,3701.00001,3701.00001,3700.0,3701.00001
1448,SINK_M,app1,Actuator,M.Action,7,47,198,72,Generator,0,3701.00001,3701.00001,3700.0,3701.00001
1450,SINK_M,app1,Actuator,M.Action,9,49,89,72,Generator,0,3701.00001,3701.00001,3700.0,3701.00001
1457,SINK_M,app1,Actuator,M.Action,16,56,128,72,Generator,0,3701.00001,3701.00001,3700.0,3701.00001
1461,SINK_M,app1,Actuator,M.Action,20,60,168,72,Generator,0,3701.00001,3701.00001,3700.0,3701.00001
1464,SINK_M,app1,Actuator,M.Action,23,63,228,72,Generator,0,3701.00001,3701.00001,3700.0,3701.00001
1442,SINK_M,app1,Actuator,M.Action,1,41,0,72,Generator,0,3702.0000200000004,3702.0000200000004,3700.0,3702.0000200000004
1445,SINK_M,app1,Actuator,M.Action,4,44,317,72,Generator,0,3702.0000200000004,3702.0000200000004,3700.0,3702.0000200000004
1447,SINK_M,app1,Actuator,M.Action,6,46,51,72,Generator,0,3702.0000200000004,3702.0000200000004,3700.0,3702.0000200000004
1453,SINK_M,app1,Actuator,M.Action,12,52,198,72,Generator,0,3702.0000200000004,3702.0000200000004,3700.0,3702.0000200000004
1454,SINK_M,app1,Actuator,M.Action,13,53,89,72,Generator,0,3702.0000200000004,3702.0000200000004,3700.0,3702.0000200000004
1467,SINK_M,app1,Actuator,M.Action,26,66,168,72,Generator,0,3702.0000200000004,3702.0000200000004,3700.0,3702.0000200000004
1446,SINK_M,app1,Actuator,M.Action,5,45,0,72,Generator,0,3703.0000300000006,3703.0000300000006,3700.0,3703.0000300000006
1449,SINK_M,app1,Actuator,M.Action,8,48,51,72,Generator,0,3703.0000300000006,3703.0000300000006,3700.0,3703.0000300000006
1455,SINK_M,app1,Actuator,M.Action,14,54,89,72,Generator,0,3703.0000300000006,3703.0000300000006,3700.0,3703.0000300000006
1458,SINK_M,app1,Actuator,M.Action,17,57,317,72,Generator,0,3703.0000300000006,3703.0000300000006,3700.0,3703.0000300000006
1463,SINK_M,app1,Actuator,M.Action,22,62,198,72,Generator,0,3703.0000300000006,3703.0000300000006,3700.0,3703.0000300000006
1473,SINK_M,app1,Actuator,M.Action,32,72,168,72,Generator,0,3703.0000300000006,3703.0000300000006,3700.0,3703.0000300000006
1451,SINK_M,app1,Actuator,M.Action,10,50,0,72,Generator,0,3704.000040000001,3704.000040000001,3700.0,3704.000040000001
1459,SINK_M,app1,Actuator,M.Action,18,58,89,72,Generator,0,3704.000040000001,3704.000040000001,3700.0,3704.000040000001
1460,SINK_M,app1,Actuator,M.Action,19,59,51,72,Generator,0,3704.000040000001,3704.000040000001,3700.0,3704.000040000001
1462,SINK_M,app1,Actuator,M.Action,21,61,317,72,Generator,0,3704.000040000001,3704.000040000001,3700.0,3704.000040000001
1468,SINK_M,app1,Actuator,M.Action,27,67,198,72,Generator,0,3704.000040000001,3704.000040000001,3700.0,3704.000040000001
1477,SINK_M,app1,Actuator,M.Action,36,76,168,72,Generator,0,3704.000040000001,3704.000040000001,3700.0,3704.000040000001
1452,SINK_M,app1,Actuator,M.Action,11,51,0,72,Generator,0,3705.000050000001,3705.000050000001,3700.0,3705.000050000001
1465,SINK_M,app1,Actuator,M.Action,24,64,89,72,Generator,0,3705.000050000001,3705.000050000001,3700.0,3705.000050000001
1469,SINK_M,app1,Actuator,M.Action,28,68,198,72,Generator,0,3705.000050000001,3705.000050000001,3700.0,3705.000050000001
1472,SINK_M,app1,Actuator,M.Action,31,71,51,72,Generator,0,3705.000050000001,3705.000050000001,3700.0,3705.000050000001
1474,SINK_M,app1,Actuator,M.Action,33,73,317,72,Generator,0,3705.000050000001,3705.000050000001,3700.0,3705.000050000001
1478,SINK_M,app1,Actuator,M.Action,37,77,168,72,Generator,0,3705.000050000001,3705.000050000001,3700.0,3705.000050000001
1456,SINK_M,app1,Actuator,M.Action,15,55,0,72,Generator,0,3706.000060000001,3706.000060000001,3700.0,3706.000060000001
1470,SINK_M,app1,Actuator,M.Action,29,69,89,72,Generator,0,3706.000060000001,3706.000060000001,3700.0,3706.000060000001
1480,SINK_M,app1,Actuator,M.Action,39,79,198,72,Generator,0,3706.000060000001,3706.000060000001,3700.0,3706.000060000001
1466,SINK_M,app1,Actuator,M.Action,25,65,0,72,Generator,0,3707.0000700000014,3707.0000700000014,3700.0,3707.0000700000014
1475,SINK_M,app1,Actuator,M.Action,34,74,89,72,Generator,0,3707.0000700000014,3707.0000700000014,3700.0,3707.0000700000014
1471,SINK_M,app1,Actuator,M.Action,30,70,0,72,Generator,0,3708.0000800000016,3708.0000800000016,3700.0,3708.0000800000016
1476,SINK_M,app1,Actuator,M.Action,35,75,89,72,Generator,0,3708.0000800000016,3708.0000800000016,3700.0,3708.0000800000016
1479,SINK_M,app1,Actuator,M.Action,38,78,0,72,Generator,0,3709.000090000002,3709.000090000002,3700.0,3709.000090000002
1481,SINK_M,app1,Actuator,M.Action,0,40,0,72,Generator,0,3801.00001,3801.00001,3800.0,3801.00001
1483,SINK_M,app1,Actuator,M.Action,2,42,317,72,Generator,0,3801.00001,3801.00001,3800.0,3801.00001
1484,SINK_M,app1,Actuator,M.Action,3,43,51,72,Generator,0,3801.00001,3801.00001,3800.0,3801.00001
1488,SINK_M,app1,Actuator,M.Action,7,47,198,72,Generator,0,3801.00001,3801.00001,3800.0,3801.00001
1490,SINK_M,app1,Actuator,M.Action,9,49,89,72,Generator,0,3801.00001,3801.00001,3800.0,3801.00001
1497,SINK_M,app1,Actuator,M.Action,16,56,128,72,Generator,0,3801.00001,3801.00001,3800.0,3801.00001
1501,SINK_M,app1,Actuator,M.Action,20,60,168,72,Generator,0,3801.00001,3801.00001,3800.0,3801.00001
1504,SINK_M,app1,Actuator,M.Action,23,63,228,72,Generator,0,3801.00001,3801.00001,3800.0,3801.00001
1482,SINK_M,app1,Actuator,M.Action,1,41,0,72,Generator,0,3802.0000200000004,3802.0000200000004,3800.0,3802.0000200000004
1485,SINK_M,app1,Actuator,M.Action,4,44,317,72,Generator,0,3802.0000200000004,3802.0000200000004,3800.0,3802.0000200000004
1487,SINK_M,app1,Actuator,M.Action,6,46,51,72,Generator,0,3802.0000200000004,3802.0000200000004,3800.0,3802.0000200000004
1493,SINK_M,app1,Actuator,M.Action,12,52,198,72,Generator,0,3802.0000200000004,3802.0000200000004,3800.0,3802.0000200000004
1494,SINK_M,app1,Actuator,M.Action,13,53,89,72,Generator,0,3802.0000200000004,3802.0000200000004,3800.0,3802.0000200000004
1507,SINK_M,app1,Actuator,M.Action,26,66,168,72,Generator,0,3802.0000200000004,3802.0000200000004,3800.0,3802.0000200000004
1486,SINK_M,app1,Actuator,M.Action,5,45,0,72,Generator,0,3803.0000300000006,3803.0000300000006,3800.0,3803.0000300000006
1489,SINK_M,app1,Actuator,M.Action,8,48,51,72,Generator,0,3803.0000300000006,3803.0000300000006,3800.0,3803.0000300000006
1495,SINK_M,app1,Actuator,M.Action,14,54,89,72,Generator,0,3803.0000300000006,3803.0000300000006,3800.0,3803.0000300000006
1498,SINK_M,app1,Actuator,M.Action,17,57,317,72,Generator,0,3803.0000300000006,3803.0000300000006,3800.0,3803.0000300000006
1503,SINK_M,app1,Actuator,M.Action,22,62,198,72,Generator,0,3803.0000300000006,3803.0000300000006,3800.0,3803.0000300000006
1513,SINK_M,app1,Actuator,M.Action,32,72,168,72,Generator,0,3803.0000300000006,3803.0000300000006,3800.0,3803.0000300000006
1491,SINK_M,app1,Actuator,M.Action,10,50,0,72,Generator,0,3804.000040000001,3804.000040000001,3800.0,3804.000040000001
1499,SINK_M,app1,Actuator,M.Action,18,58,89,72,Generator,0,3804.000040000001,3804.000040000001,3800.0,3804.000040000001
1500,SINK_M,app1,Actuator,M.Action,19,59,51,72,Generator,0,3804.000040000001,3804.000040000001,3800.0,3804.000040000001
1502,SINK_M,app1,Actuator,M.Action,21,61,317,72,Generator,0,3804.000040000001,3804.000040000001,3800.0,3804.000040000001
1508,SINK_M,app1,Actuator,M.Action,27,67,198,72,Generator,0,3804.000040000001,3804.000040000001,3800.0,3804.000040000001
1517,SINK_M,app1,Actuator,M.Action,36,76,168,72,Generator,0,3804.000040000001,3804.000040000001,3800.0,3804.000040000001
1492,SINK_M,app1,Actuator,M.Action,11,51,0,72,Generator,0,3805.000050000001,3805.000050000001,3800.0,3805.000050000001
1505,SINK_M,app1,Actuator,M.Action,24,64,89,72,Generator,0,3805.000050000001,3805.000050000001,3800.0,3805.000050000001
1509,SINK_M,app1,Actuator,M.Action,28,68,198,72,Generator,0,3805.000050000001,3805.000050000001,3800.0,3805.000050000001
1512,SINK_M,app1,Actuator,M.Action,31,71,51,72,Generator,0,3805.000050000001,3805.000050000001,3800.0,3805.000050000001
1514,SINK_M,app1,Actuator,M.Action,33,73,317,72,Generator,0,3805.000050000001,3805.000050000001,3800.0,3805.000050000001
1518,SINK_M,app1,Actuator,M.Action,37,77,168,72,Generator,0,3805.000050000001,3805.000050000001,3800.0,3805.000050000001
1496,SINK_M,app1,Actuator,M.Action,15,55,0,72,Generator,0,3806.000060000001,3806.000060000001,3800.0,3806.000060000001
1510,SINK_M,app1,Actuator,M.Action,29,69,89,72,Generator,0,3806.000060000001,3806.000060000001,3800.0,3806.000060000001
1520,SINK_M,app1,Actuator,M.Action,39,79,198,72,Generator,0,3806.000060000001,3806.000060000001,3800.0,3806.000060000001
1506,SINK_M,app1,Actuator,M.Action,25,65,0,72,Generator,0,3807.0000700000014,3807.0000700000014,3800.0,3807.0000700000014
1515,SINK_M,app1,Actuator,M.Action,34,74,89,72,Generator,0,3807.0000700000014,3807.0000700000014,3800.0,3807.0000700000014
1511,SINK_M,app1,Actuator,M.Action,30,70,0,72,Generator,0,3808.0000800000016,3808.0000800000016,3800.0,3808.0000800000016
1516,SINK_M,app1,Actuator,M.Action,35,75,89,72,Generator,0,3808.0000800000016,3808.0000800000016,3800.0,3808.0000800000016
1519,SINK_M,app1,Actuator,M.Action,38,78,0,72,Generator,0,3809.000090000002,3809.000090000002,3800.0,3809.000090000002
1521,SINK_M,app1,Actuator,M.Action,0,40,0,72,Generator,0,3901.00001,3901.00001,3900.0,3901.00001
1523,SINK_M,app1,Actuator,M.Action,2,42,317,72,Generator,0,3901.00001,3901.00001,3900.0,3901.00001
1524,SINK_M,app1,Actuator,M.Action,3,43,51,72,Generator,0,3901.00001,3901.00001,3900.0,3901.00001
1528,SINK_M,app1,Actuator,M.Action,7,47,198,72,Generator,0,3901.00001,3901.00001,3900.0,3901.00001
1530,SINK_M,app1,Actuator,M.Action,9,49,89,72,Generator,0,3901.00001,3901.00001,3900.0,3901.00001
1537,SINK_M,app1,Actuator,M.Action,16,56,128,72,Generator,0,3901.00001,3901.00001,3900.0,3901.00001
1541,SINK_M,app1,Actuator,M.Action,20,60,168,72,Generator,0,3901.00001,3901.00001,3900.0,3901.00001
1544,SINK_M,app1,Actuator,M.Action,23,63,228,72,Generator,0,3901.00001,3901.00001,3900.0,3901.00001
1522,SINK_M,app1,Actuator,M.Action,1,41,0,72,Generator,0,3902.0000200000004,3902.0000200000004,3900.0,3902.0000200000004
1525,SINK_M,app1,Actuator,M.Action,4,44,317,72,Generator,0,3902.0000200000004,3902.0000200000004,3900.0,3902.0000200000004
1527,SINK_M,app1,Actuator,M.Action,6,46,51,72,Generator,0,3902.0000200000004,3902.0000200000004,3900.0,3902.0000200000004
1533,SINK_M,app1,Actuator,M.Action,12,52,198,72,Generator,0,3902.0000200000004,3902.0000200000004,3900.0,3902.0000200000004
1534,SINK_M,app1,Actuator,M.Action,13,53,89,72,Generator,0,3902.0000200000004,3902.0000200000004,3900.0,3902.0000200000004
1547,SINK_M,app1,Actuator,M.Action,26,66,168,72,Generator,0,3902.0000200000004,3902.0000200000004,3900.0,3902.0000200000004
1526,SINK_M,app1,Actuator,M.Action,5,45,0,72,Generator,0,3903.0000300000006,3903.0000300000006,3900.0,3903.0000300000006
1529,SINK_M,app1,Actuator,M.Action,8,48,51,72,Generator,0,3903.0000300000006,3903.0000300000006,3900.0,3903.0000300000006
1535,SINK_M,app1,Actuator,M.Action,14,54,89,72,Generator,0,3903.0000300000006,3903.0000300000006,3900.0,3903.0000300000006
1538,SINK_M,app1,Actuator,M.Action,17,57,317,72,Generator,0,3903.0000300000006,3903.0000300000006,3900.0,3903.0000300000006
1543,SINK_M,app1,Actuator,M.Action,22,62,198,72,Generator,0,3903.0000300000006,3903.0000300000006,3900.0,3903.0000300000006
1553,SINK_M,app1,Actuator,M.Action,32,72,168,72,Generator,0,3903.0000300000006,3903.0000300000006,3900.0,3903.0000300000006
1531,SINK_M,app1,Actuator,M.Action,10,50,0,72,Generator,0,3904.000040000001,3904.000040000001,3900.0,3904.000040000001
1539,SINK_M,app1,Actuator,M.Action,18,58,89,72,Generator,0,3904.000040000001,3904.000040000001,3900.0,3904.000040000001
1540,SINK_M,app1,Actuator,M.Action,19,59,51,72,Generator,0,3904.000040000001,3904.000040000001,3900.0,3904.000040000001
1542,SINK_M,app1,Actuator,M.Action,21,61,317,72,Generator,0,3904.000040000001,3904.000040000001,3900.0,3904.000040000001
1548,SINK_M,app1,Actuator,M.Action,27,67,198,72,Generator,0,3904.000040000001,3904.000040000001,3900.0,3904.000040000001
1557,SINK_M,app1,Actuator,M.Action,36,76,168,72,Generator,0,3904.000040000001,3904.000040000001,3900.0,3904.000040000001
1532,SINK_M,app1,Actuator,M.Action,11,51,0,72,Generator,0,3905.000050000001,3905.000050000001,3900.0,3905.000050000001
1545,SINK_M,app1,Actuator,M.Action,24,64,89,72,Generator,0,3905.000050000001,3905.000050000001,3900.0,3905.000050000001
1549,SINK_M,app1,Actuator,M.Action,28,68,198,72,Generator,0,3905.000050000001,3905.000050000001,3900.0,3905.000050000001
1552,SINK_M,app1,Actuator,M.Action,31,71,51,72,Generator,0,3905.000050000001,3905.000050000001,3900.0,3905.000050000001
1554,SINK_M,app1,Actuator,M.Action,33,73,317,72,Generator,0,3905.000050000001,3905.000050000001,3900.0,3905.000050000001
1558,SINK_M,app1,Actuator,M.Action,37,77,168,72,Generator,0,3905.000050000001,3905.000050000001,3900.0,3905.000050000001
1536,SINK_M,app1,Actuator,M.Action,15,55,0,72,Generator,0,3906.000060000001,3906.000060000001,3900.0,3906.000060000001
1550,SINK_M,app1,Actuator,M.Action,29,69,89,72,Generator,0,3906.000060000001,3906.000060000001,3900.0,3906.000060000001
1560,SINK_M,app1,Actuator,M.Action,39,79,198,72,Generator,0,3906.000060000001,3906.000060000001,3900.0,3906.000060000001
1546,SINK_M,app1,Actuator,M.Action,25,65,0,72,Generator,0,3907.0000700000014,3907.0000700000014,3900.0,3907.0000700000014
1555,SINK_M,app1,Actuator,M.Action,34,74,89,72,Generator,0,3907.0000700000014,3907.0000700000014,3900.0,3907.0000700000014
1551,SINK_M,app1,Actuator,M.Action,30,70,0,72,Generator,0,3908.0000800000016,3908.0000800000016,3900.0,3908.0000800000016
1556,SINK_M,app1,Actuator,M.Action,35,75,89,72,Generator,0,3908.0000800000016,3908.0000800000016,3900.0,3908.0000800000016
1559,SINK_M,app1,Actuator,M.Action,38,78,0,72,Generator,0,3909.000090000002,3909.000090000002,3900.0,3909.000090000002
1561,SINK_M,app1,Actuator,M.Action,0,40,0,72,Generator,0,4001.00001,4001.00001,4000.0,4001.00001
1563,SINK_M,app1,Actuator,M.Action,2,42,317,72,Generator,0,4001.00001,4001.00001,4000.0,4001.00001
1564,SINK_M,app1,Actuator,M.Action,3,43,51,72,Generator,0,4001.00001,4001.00001,4000.0,4001.00001
1568,SINK_M,app1,Actuator,M.Action,7,47,198,72,Generator,0,4001.00001,4001.00001,4000.0,4001.00001
1570,SINK_M,app1,Actuator,M.Action,9,49,89,72,Generator,0,4001.00001,4001.00001,4000.0,4001.00001
1577,SINK_M,app1,Actuator,M.Action,16,56,128,72,Generator,0,4001.00001,4001.00001,4000.0,4001.00001
1581,SINK_M,app1,Actuator,M.Action,20,60,168,72,Generator,0,4001.00001,4001.00001,4000.0,4001.00001
1584,SINK_M,app1,Actuator,M.Action,23,63,228,72,Generator,0,4001.00001,4001.00001,4000.0,4001.00001
1562,SINK_M,app1,Actuator,M.Action,1,41,0,72,Generator,0,4002.0000200000004,4002.0000200000004,4000.0,4002.0000200000004
1565,SINK_M,app1,Actuator,M.Action,4,44,317,72,Generator,0,4002.0000200000004,4002.0000200000004,4000.0,4002.0000200000004
1567,SINK_M,app1,Actuator,M.Action,6,46,51,72,Generator,0,4002.0000200000004,4002.0000200000004,4000.0,4002.0000200000004
1573,SINK_M,app1,Actuator,M.Action,12,52,198,72,Generator,0,4002.0000200000004,4002.0000200000004,4000.0,4002.0000200000004
1574,SINK_M,app1,Actuator,M.Action,13,53,89,72,Generator,0,4002.0000200000004,4002.0000200000004,4000.0,4002.0000200000004
1587,SINK_M,app1,Actuator,M.Action,26,66,168,72,Generator,0,4002.0000200000004,4002.0000200000004,4000.0,4002.0000200000004
1566,SINK_M,app1,Actuator,M.Action,5,45,0,72,Generator,0,4003.0000300000006,4003.0000300000006,4000.0,4003.0000300000006
1569,SINK_M,app1,Actuator,M.Action,8,48,51,72,Generator,0,4003.0000300000006,4003.0000300000006,4000.0,4003.0000300000006
1575,SINK_M,app1,Actuator,M.Action,14,54,89,72,Generator,0,4003.0000300000006,4003.0000300000006,4000.0,4003.0000300000006
1578,SINK_M,app1,Actuator,M.Action,17,57,317,72,Generator,0,4003.0000300000006,4003.0000300000006,4000.0,4003.0000300000006
1583,SINK_M,app1,Actuator,M.Action,22,62,198,72,Generator,0,4003.0000300000006,4003.0000300000006,4000.0,4003.0000300000006
1593,SINK_M,app1,Actuator,M.Action,32,72,168,72,Generator,0,4003.0000300000006,4003.0000300000006,4000.0,4003.0000300000006
1571,SINK_M,app1,Actuator,M.Action,10,50,0,72,Generator,0,4004.000040000001,4004.000040000001,4000.0,4004.000040000001
1579,SINK_M,app1,Actuator,M.Action,18,58,89,72,Generator,0,4004.000040000001,4004.000040000001,4000.0,4004.000040000001
1580,SINK_M,app1,Actuator,M.Action,19,59,51,72,Generator,0,4004.000040000001,4004.000040000001,4000.0,4004.000040000001
1582,SINK_M,app1,Actuator,M.Action,21,61,317,72,Generator,0,4004.000040000001,4004.000040000001,4000.0,4004.000040000001
1588,SINK_M,app1,Actuator,M.Action,27,67,198,72,Generator,0,4004.000040000001,4004.000040000001,4000.0,4004.000040000001
1597,SINK_M,app1,Actuator,M.Action,36,76,168,72,Generator,0,4004.000040000001,4004.000040000001,4000.0,4004.000040000001
1572,SINK_M,app1,Actuator,M.Action,11,51,0,72,Generator,0,4005.000050000001,4005.000050000001,4000.0,4005.000050000001
1585,SINK_M,app1,Actuator,M.Action,24,64,89,72,Generator,0,4005.000050000001,4005.000050000001,4000.0,4005.000050000001
1589,SINK_M,app1,Actuator,M.Action,28,68,198,72,Generator,0,4005.000050000001,4005.000050000001,4000.0,4005.000050000001
1592,SINK_M,app1,Actuator,M.Action,31,71,51,72,Generator,0,4005.000050000001,4005.000050000001,4000.0,4005.000050000001
1594,SINK_M,app1,Actuator,M.Action,33,73,317,72,Generator,0,4005.000050000001,4005.000050000001,4000.0,4005.000050000001
1598,SINK_M,app1,Actuator,M.Action,37,77,168,72,Generator,0,4005.000050000001,4005.000050000001,4000.0,4005.000050000001
1576,SINK_M,app1,Actuator,M.Action,15,55,0,72,Generator,0,4006.000060000001,4006.000060000001,4000.0,4006.000060000001
1590,SINK_M,app1,Actuator,M.Action,29,69,89,72,Generator,0,4006.000060000001,4006.000060000001,4000.0,4006.000060000001
1600,SINK_M,app1,Actuator,M.Action,39,79,198,72,Generator,0,4006.000060000001,4006.000060000001,4000.0,4006.000060000001
1586,SINK_M,app1,Actuator,M.Action,25,65,0,72,Generator,0,4007.0000700000014,4007.0000700000014,4000.0,4007.0000700000014
1595,SINK_M,app1,Actuator,M.Action,34,74,89,72,Generator,0,4007.0000700000014,4007.0000700000014,4000.0,4007.0000700000014
1591,SINK_M,app1,Actuator,M.Action,30,70,0,72,Generator,0,4008.0000800000016,4008.0000800000016,4000.0,4008.0000800000016
1596,SINK_M,app1,Actuator,M.Action,35,75,89,72,Generator,0,4008.0000800000016,4008.0000800000016,4000.0,4008.0000800000016
1599,SINK_M,app1,Actuator,M.Action,38,78,0,72,Generator,0,4009.000090000002,4009.000090000002,4000.0,4009.000090000002
1601,SINK_M,app1,Actuator,M.Action,0,40,0,72,Generator,0,4101.00001,4101.00001,4100.0,4101.00001
1603,SINK_M,app1,Actuator,M.Action,2,42,317,72,Generator,0,4101.00001,4101.00001,4100.0,4101.00001
1604,SINK_M,app1,Actuator,M.Action,3,43,51,72,Generator,0,4101.00001,4101.00001,4100.0,4101.00001
1608,SINK_M,app1,Actuator,M.Action,7,47,198,72,Generator,0,4101.00001,4101.00001,4100.0,4101.00001
1610,SINK_M,app1,Actuator,M.Action,9,49,89,72,Generator,0,4101.00001,4101.00001,4100.0,4101.00001
1617,SINK_M,app1,Actuator,M.Action,16,56,128,72,Generator,0,4101.00001,4101.00001,4100.0,4101.00001
1621,SINK_M,app1,Actuator,M.Action,20,60,168,72,Generator,0,4101.00001,4101.00001,4100.0,4101.00001
1624,SINK_M,app1,Actuator,M.Action,23,63,228,72,Generator,0,4101.00001,4101.00001,4100.0,4101.00001
1602,SINK_M,app1,Actuator,M.Action,1,41,0,72,Generator,0,4102.0000199999995,4102.0000199999995,4100.0,4102.0000199999995
1605,SINK_M,app1,Actuator,M.Action,4,44,317,72,Generator,0,4102.0000199999995,4102.0000199999995,4100.0,4102.0000199999995
1607,SINK_M,app1,Actuator,M.Action,6,46,51,72,Generator,0,4102.0000199999995,4102.0000199999995,4100.0,4102.0000199999995
1613,SINK_M,app1,Actuator,M.Action,12,52,198,72,Generator,0,4102.0000199999995,4102.0000199999995,4100.0,4102.0000199999995
1614,SINK_M,app1,Actuator,M.Action,13,53,89,72,Generator,0,4102.0000199999995,4102.0000199999995,4100.0,4102.0000199999995
1627,SINK_M,app1,Actuator,M.Action,26,66,168,72,Generator,0,4102.0000199999995,4102.0000199999995,4100.0,4102.0000199999995
1606,SINK_M,app1,Actuator,M.Action,5,45,0,72,Generator,0,4103.000029999999,4103.000029999999,4100.0,4103.000029999999
1609,SINK_M,app1,Actuator,M.Action,8,48,51,72,Generator,0,4103.000029999999,4103.000029999999,4100.0,4103.000029999999
1615,SINK_M,app1,Actuator,M.Action,14,54,89,72,Generator,0,4103.000029999999,4103.000029999999,4100.0,4103.000029999999
1618,SINK_M,app1,Actuator,M.Action,17,57,317,72,Generator,0,4103.000029999999,4103.000029999999,4100.0,4103.000029999999
1623,SINK_M,app1,Actuator,M.Action,22,62,198,72,Generator,0,4103.000029999999,4103.000029999999,4100.0,4103.000029999999
1633,SINK_M,app1,Actuator,M.Action,32,72,168,72,Generator,0,4103.000029999999,4103.000029999999,4100.0,4103.000029999999
1611,SINK_M,app1,Actuator,M.Action,10,50,0,72,Generator,0,4104.000039999999,4104.000039999999,4100.0,4104.000039999999
1619,SINK_M,app1,Actuator,M.Action,18,58,89,72,Generator,0,4104.000039999999,4104.000039999999,4100.0,4104.000039999999
1620,SINK_M,app1,Actuator,M.Action,19,59,51,72,Generator,0,4104.000039999999,4104.000039999999,4100.0,4104.000039999999
1622,SINK_M,app1,Actuator,M.Action,21,61,317,72,Generator,0,4104.000039999999,4104.000039999999,4100.0,4104.000039999999
1628,SINK_M,app1,Actuator,M.Action,27,67,198,72,Generator,0,4104.000039999999,4104.000039999999,4100.0,4104.000039999999
1637,SINK_M,app1,Actuator,M.Action,36,76,168,72,Generator,0,4104.000039999999,4104.000039999999,4100.0,4104.000039999999
1612,SINK_M,app1,Actuator,M.Action,11,51,0,72,Generator,0,4105.000049999999,4105.000049999999,4100.0,4105.000049999999
1625,SINK_M,app1,Actuator,M.Action,24,64,89,72,Generator,0,4105.000049999999,4105.000049999999,4100.0,4105.000049999999
1629,SINK_M,app1,Actuator,M.Action,28,68,198,72,Generator,0,4105.000049999999,4105.000049999999,4100.0,4105.000049999999
1632,SINK_M,app1,Actuator,M.Action,31,71,51,72,Generator,0,4105.000049999999,4105.000049999999,4100.0,4105.000049999999
1634,SINK_M,app1,Actuator,M.Action,33,73,317,72,Generator,0,4105.000049999999,4105.000049999999,4100.0,4105.000049999999
1638,SINK_M,app1,Actuator,M.Action,37,77,168,72,Generator,0,4105.000049999999,4105.000049999999,4100.0,4105.000049999999
1616,SINK_M,app1,Actuator,M.Action,15,55,0,72,Generator,0,4106.0000599999985,4106.0000599999985,4100.0,4106.0000599999985
1630,SINK_M,app1,Actuator,M.Action,29,69,89,72,Generator,0,4106.0000599999985,4106.0000599999985,4100.0,4106.0000599999985
1640,SINK_M,app1,Actuator,M.Action,39,79,198,72,Generator,0,4106.0000599999985,4106.0000599999985,4100.0,4106.0000599999985
1626,SINK_M,app1,Actuator,M.Action,25,65,0,72,Generator,0,4107.000069999998,4107.000069999998,4100.0,4107.000069999998
1635,SINK_M,app1,Actuator,M.Action,34,74,89,72,Generator,0,4107.000069999998,4107.000069999998,4100.0,4107.000069999998
1631,SINK_M,app1,Actuator,M.Action,30,70,0,72,Generator,0,4108.000079999998,4108.000079999998,4100.0,4108.000079999998
1636,SINK_M,app1,Actuator,M.Action,35,75,89,72,Generator,0,4108.000079999998,4108.000079999998,4100.0,4108.000079999998
1639,SINK_M,app1,Actuator,M.Action,38,78,0,72,Generator,0,4109.000089999998,4109.000089999998,4100.0,4109.000089999998
1641,SINK_M,app1,Actuator,M.Action,0,40,0,72,Generator,0,4201.00001,4201.00001,4200.0,4201.00001
1643,SINK_M,app1,Actuator,M.Action,2,42,317,72,Generator,0,4201.00001,4201.00001,4200.0,4201.00001
1644,SINK_M,app1,Actuator,M.Action,3,43,51,72,Generator,0,4201.00001,4201.00001,4200.0,4201.00001
1648,SINK_M,app1,Actuator,M.Action,7,47,198,72,Generator,0,4201.00001,4201.00001,4200.0,4201.00001
1650,SINK_M,app1,Actuator,M.Action,9,49,89,72,Generator,0,4201.00001,4201.00001,4200.0,4201.00001
1657,SINK_M,app1,Actuator,M.Action,16,56,128,72,Generator,0,4201.00001,4201.00001,4200.0,4201.00001
1661,SINK_M,app1,Actuator,M.Action,20,60,168,72,Generator,0,4201.00001,4201.00001,4200.0,4201.00001
1664,SINK_M,app1,Actuator,M.Action,23,63,228,72,Generator,0,4201.00001,4201.00001,4200.0,4201.00001
1642,SINK_M,app1,Actuator,M.Action,1,41,0,72,Generator,0,4202.0000199999995,4202.0000199999995,4200.0,4202.0000199999995
1645,SINK_M,app1,Actuator,M.Action,4,44,317,72,Generator,0,4202.0000199999995,4202.0000199999995,4200.0,4202.0000199999995
1647,SINK_M,app1,Actuator,M.Action,6,46,51,72,Generator,0,4202.0000199999995,4202.0000199999995,4200.0,4202.0000199999995
1653,SINK_M,app1,Actuator,M.Action,12,52,198,72,Generator,0,4202.0000199999995,4202.0000199999995,4200.0,4202.0000199999995
1654,SINK_M,app1,Actuator,M.Action,13,53,89,72,Generator,0,4202.0000199999995,4202.0000199999995,4200.0,4202.0000199999995
1667,SINK_M,app1,Actuator,M.Action,26,66,168,72,Generator,0,4202.0000199999995,4202.0000199999995,4200.0,4202.0000199999995
1646,SINK_M,app1,Actuator,M.Action,5,45,0,72,Generator,0,4203.000029999999,4203.000029999999,4200.0,4203.000029999999
1649,SINK_M,app1,Actuator,M.Action,8,48,51,72,Generator,0,4203.000029999999,4203.000029999999,4200.0,4203.000029999999
1655,SINK_M,app1,Actuator,M.Action,14,54,89,72,Generator,0,4203.000029999999,4203.000029999999,4200.0,4203.000029999999
1658,SINK_M,app1,Actuator,M.Action,17,57,317,72,Generator,0,4203.000029999999,4203.000029999999,4200.0,4203.000029999999
1663,SINK_M,app1,Actuator,M.Action,22,62,198,72,Generator,0,4203.000029999999,4203.000029999999,4200.0,4203.000029999999
1673,SINK_M,app1,Actuator,M.Action,32,72,168,72,Generator,0,4203.000029999999,4203.000029999999,4200.0,4203.000029999999
1651,SINK_M,app1,Actuator,M.Action,10,50,0,72,Generator,0,4204.000039999999,4204.000039999999,4200.0,4204.000039999999
1659,SINK_M,app1,Actuator,M.Action,18,58,89,72,Generator,0,4204.000039999999,4204.000039999999,4200.0,4204.000039999999
1660,SINK_M,app1,Actuator,M.Action,19,59,51,72,Generator,0,4204.000039999999,4204.000039999999,4200.0,4204.000039999999
1662,SINK_M,app1,Actuator,M.Action,21,61,317,72,Generator,0,4204.000039999999,4204.000039999999,4200.0,4204.000039999999
1668,SINK_M,app1,Actuator,M.Action,27,67,198,72,Generator,0,4204.000039999999,4204.000039999999,4200.0,4204.000039999999
1677,SINK_M,app1,Actuator,M.Action,36,76,168,72,Generator,0,4204.000039999999,4204.000039999999,4200.0,4204.000039999999
1652,SINK_M,app1,Actuator,M.Action,11,51,0,72,Generator,0,4205.000049999999,4205.000049999999,4200.0,4205.000049999999
1665,SINK_M,app1,Actuator,M.Action,24,64,89,72,Generator,0,4205.000049999999,4205.000049999999,4200.0,4205.000049999999
1669,SINK_M,app1,Actuator,M.Action,28,68,198,72,Generator,0,4205.000049999999,4205.000049999999,4200.0,4205.000049999999
1672,SINK_M,app1,Actuator,M.Action,31,71,51,72,Generator,0,4205.000049999999,4205.000049999999,4200.0,4205.000049999999
1674,SINK_M,app1,Actuator,M.Action,33,73,317,72,Generator,0,4205.000049999999,4205.000049999999,4200.0,4205.000049999999
1678,SINK_M,app1,Actuator,M.Action,37,77,168,72,Generator,0,4205.000049999999,4205.000049999999,4200.0,4205.000049999999
1656,SINK_M,app1,Actuator,M.Action,15,55,0,72,Generator,0,4206.0000599999985,4206.0000599999985,4200.0,4206.0000599999985
1670,SINK_M,app1,Actuator,M.Action,29,69,89,72,Generator,0,4206.0000599999985,4206.0000599999985,4200.0,4206.0000599999985
1680,SINK_M,app1,Actuator,M.Action,39,79,198,72,Generator,0,4206.0000599999985,4206.0000599999985,4200.0,4206.0000599999985
1666,SINK_M,app1,Actuator,M.Action,25,65,0,72,Generator,0,4207.000069999998,4207.000069999998,4200.0,4207.000069999998
1675,SINK_M,app1,Actuator,M.Action,34,74,89,72,Generator,0,4207.000069999998,4207.000069999998,4200.0,4207.000069999998
1671,SINK_M,app1,Actuator,M.Action,30,70,0,72,Generator,0,4208.000079999998,4208.000079999998,4200.0,4208.000079999998
1676,SINK_M,app1,Actuator,M.Action,35,75,89,72,Generator,0,4208.000079999998,4208.000079999998,4200.0,4208.000079999998
1679,SINK_M,app1,Actuator,M.Action,38,78,0,72,Generator,0,4209.000089999998,4209.000089999998,4200.0,4209.000089999998
1681,SINK_M,app1,Actuator,M.Action,0,40,0,72,Generator,0,4301.00001,4301.00001,4300.0,4301.00001
1683,SINK_M,app1,Actuator,M.Action,2,42,317,72,Generator,0,4301.00001,4301.00001,4300.0,4301.00001
1684,SINK_M,app1,Actuator,M.Action,3,43,51,72,Generator,0,4301.00001,4301.00001,4300.0,4301.00001
1688,SINK_M,app1,Actuator,M.Action,7,47,198,72,Generator,0,4301.00001,4301.00001,4300.0,4301.00001
1690,SINK_M,app1,Actuator,M.Action,9,49,89,72,Generator,0,4301.00001,4301.00001,4300.0,4301.00001
1697,SINK_M,app1,Actuator,M.Action,16,56,128,72,Generator,0,4301.00001,4301.00001,4300.0,4301.00001
1701,SINK_M,app1,Actuator,M.Action,20,60,168,72,Generator,0,4301.00001,4301.00001,4300.0,4301.00001
1704,SINK_M,app1,Actuator,M.Action,23,63,228,72,Generator,0,4301.00001,4301.00001,4300.0,4301.00001
1682,SINK_M,app1,Actuator,M.Action,1,41,0,72,Generator,0,4302.0000199999995,4302.0000199999995,4300.0,4302.0000199999995
1685,SINK_M,app1,Actuator,M.Action,4,44,317,72,Generator,0,4302.0000199999995,4302.0000199999995,4300.0,4302.0000199999995
1687,SINK_M,app1,Actuator,M.Action,6,46,51,72,Generator,0,4302.0000199999995,4302.0000199999995,4300.0,4302.0000199999995
1693,SINK_M,app1,Actuator,M.Action,12,52,198,72,Generator,0,4302.0000199999995,4302.0000199999995,4300.0,4302.0000199999995
1694,SINK_M,app1,Actuator,M.Action,13,53,89,72,Generator,0,4302.0000199999995,4302.0000199999995,4300.0,4302.0000199999995
1707,SINK_M,app1,Actuator,M.Action,26,66,168,72,Generator,0,4302.0000199999995,4302.0000199999995,4300.0,4302.0000199999995
1686,SINK_M,app1,Actuator,M.Action,5,45,0,72,Generator,0,4303.000029999999,4303.000029999999,4300.0,4303.000029999999
1689,SINK_M,app1,Actuator,M.Action,8,48,51,72,Generator,0,4303.000029999999,4303.000029999999,4300.0,4303.000029999999
1695,SINK_M,app1,Actuator,M.Action,14,54,89,72,Generator,0,4303.000029999999,4303.000029999999,4300.0,4303.000029999999
1698,SINK_M,app1,Actuator,M.Action,17,57,317,72,Generator,0,4303.000029999999,4303.000029999999,4300.0,4303.000029999999
1703,SINK_M,app1,Actuator,M.Action,22,62,198,72,Generator,0,4303.000029999999,4303.000029999999,4300.0,4303.000029999999
1713,SINK_M,app1,Actuator,M.Action,32,72,168,72,Generator,0,4303.000029999999,4303.000029999999,4300.0,4303.000029999999
1691,SINK_M,app1,Actuator,M.Action,10,50,0,72,Generator,0,4304.000039999999,4304.000039999999,4300.0,4304.000039999999
1699,SINK_M,app1,Actuator,M.Action,18,58,89,72,Generator,0,4304.000039999999,4304.000039999999,4300.0,4304.000039999999
1700,SINK_M,app1,Actuator,M.Action,19,59,51,72,Generator,0,4304.000039999999,4304.000039999999,4300.0,4304.000039999999
1702,SINK_M,app1,Actuator,M.Action,21,61,317,72,Generator,0,4304.000039999999,4304.000039999999,4300.0,4304.000039999999
1708,SINK_M,app1,Actuator,M.Action,27,67,198,72,Generator,0,4304.000039999999,4304.000039999999,4300.0,4304.000039999999
1717,SINK_M,app1,Actuator,M.Action,36,76,168,72,Generator,0,4304.000039999999,4304.000039999999,4300.0,4304.000039999999
1692,SINK_M,app1,Actuator,M.Action,11,51,0,72,Generator,0,4305.000049999999,4305.000049999999,4300.0,4305.000049999999
1705,SINK_M,app1,Actuator,M.Action,24,64,89,72,Generator,0,4305.000049999999,4305.000049999999,4300.0,4305.000049999999
1709,SINK_M,app1,Actuator,M.Action,28,68,198,72,Generator,0,4305.000049999999,4305.000049999999,4300.0,4305.000049999999
1712,SINK_M,app1,Actuator,M.Action,31,71,51,72,Generator,0,4305.000049999999,4305.000049999999,4300.0,4305.000049999999
1714,SINK_M,app1,Actuator,M.Action,33,73,317,72,Generator,0,4305.000049999999,4305.000049999999,4300.0,4305.000049999999
1718,SINK_M,app1,Actuator,M.Action,37,77,168,72,Generator,0,4305.000049999999,4305.000049999999,4300.0,4305.000049999999
1696,SINK_M,app1,Actuator,M.Action,15,55,0,72,Generator,0,4306.0000599999985,4306.0000599999985,4300.0,4306.0000599999985
1710,SINK_M,app1,Actuator,M.Action,29,69,89,72,Generator,0,4306.0000599999985,4306.0000599999985,4300.0,4306.0000599999985
1720,SINK_M,app1,Actuator,M.Action,39,79,198,72,Generator,0,4306.0000599999985,4306.0000599999985,4300.0,4306.0000599999985
1706,SINK_M,app1,Actuator,M.Action,25,65,0,72,Generator,0,4307.000069999998,4307.000069999998,4300.0,4307.000069999998
1715,SINK_M,app1,Actuator,M.Action,34,74,89,72,Generator,0,4307.000069999998,4307.000069999998,4300.0,4307.000069999998
1711,SINK_M,app1,Actuator,M.Action,30,70,0,72,Generator,0,4308.000079999998,4308.000079999998,4300.0,4308.000079999998
1716,SINK_M,app1,Actuator,M.Action,35,75,89,72,Generator,0,4308.000079999998,4308.000079999998,4300.0,4308.000079999998
1719,SINK_M,app1,Actuator,M.Action,38,78,0,72,Generator,0,4309.000089999998,4309.000089999998,4300.0,4309.000089999998
1721,SINK_M,app1,Actuator,M.Action,0,40,0,72,Generator,0,4401.00001,4401.00001,4400.0,4401.00001
1723,SINK_M,app1,Actuator,M.Action,2,42,317,72,Generator,0,4401.00001,4401.00001,4400.0,4401.00001
1724,SINK_M,app1,Actuator,M.Action,3,43,51,72,Generator,0,4401.00001,4401.00001,4400.0,4401.00001
1728,SINK_M,app1,Actuator,M.Action,7,47,198,72,Generator,0,4401.00001,4401.00001,4400.0,4401.00001
1730,SINK_M,app1,Actuator,M.Action,9,49,89,72,Generator,0,4401.00001,4401.00001,4400.0,4401.00001
1737,SINK_M,app1,Actuator,M.Action,16,56,128,72,Generator,0,4401.00001,4401.00001,4400.0,4401.00001
1741,SINK_M,app1,Actuator,M.Action,20,60,168,72,Generator,0,4401.00001,4401.00001,4400.0,4401.00001
1744,SINK_M,app1,Actuator,M.Action,23,63,228,72,Generator,0,4401.00001,4401.00001,4400.0,4401.00001
1722,SINK_M,app1,Actuator,M.Action,1,41,0,72,Generator,0,4402.0000199999995,4402.0000199999995,4400.0,4402.0000199999995
1725,SINK_M,app1,Actuator,M.Action,4,44,317,72,Generator,0,4402.0000199999995,4402.0000199999995,4400.0,4402.0000199999995
1727,SINK_M,app1,Actuator,M.Action,6,46,51,72,Generator,0,4402.0000199999995,4402.0000199999995,4400.0,4402.0000199999995
1733,SINK_M,app1,Actuator,M.Action,12,52,198,72,Generator,0,4402.0000199999995,4402.0000199999995,4400.0,4402.0000199999995
1734,SINK_M,app1,Actuator,M.Action,13,53,89,72,Generator,0,4402.0000199999995,4402.0000199999995,4400.0,4402.0000199999995
1747,SINK_M,app1,Actuator,M.Action,26,66,168,72,Generator,0,4402.0000199999995,4402.0000199999995,4400.0,4402.0000199999995
1726,SINK_M,app1,Actuator,M.Action,5,45,0,72,Generator,0,4403.000029999999,4403.000029999999,4400.0,4403.000029999999
1729,SINK_M,app1,Actuator,M.Action,8,48,51,72,Generator,0,4403.000029999999,4403.000029999999,4400.0,4403.000029999999
1735,SINK_M,app1,Actuator,M.Action,14,54,89,72,Generator,0,4403.000029999999,4403.000029999999,4400.0,4403.000029999999
1738,SINK_M,app1,Actuator,M.Action,17,57,317,72,Generator,0,4403.000029999999,4403.000029999999,4400.0,4403.000029999999
1743,SINK_M,app1,Actuator,M.Action,22,62,198,72,Generator,0,4403.000029999999,4403.000029999999,4400.0,4403.000029999999
1753,SINK_M,app1,Actuator,M.Action,32,72,168,72,Generator,0,4403.000029999999,4403.000029999999,4400.0,4403.000029999999
1731,SINK_M,app1,Actuator,M.Action,10,50,0,72,Generator,0,4404.000039999999,4404.000039999999,4400.0,4404.000039999999
1739,SINK_M,app1,Actuator,M.Action,18,58,89,72,Generator,0,4404.000039999999,4404.000039999999,4400.0,4404.000039999999
1740,SINK_M,app1,Actuator,M.Action,19,59,51,72,Generator,0,4404.000039999999,4404.000039999999,4400.0,4404.000039999999
1742,SINK_M,app1,Actuator,M.Action,21,61,317,72,Generator,0,4404.000039999999,4404.000039999999,4400.0,4404.000039999999
1748,SINK_M,app1,Actuator,M.Action,27,67,198,72,Generator,0,4404.000039999999,4404.000039999999,4400.0,4404.000039999999
1757,SINK_M,app1,Actuator,M.Action,36,76,168,72,Generator,0,4404.000039999999,4404.000039999999,4400.0,4404.000039999999
1732,SINK_M,app1,Actuator,M.Action,11,51,0,72,Generator,0,4405.000049999999,4405.000049999999,4400.0,4405.000049999999
1745,SINK_M,app1,Actuator,M.Action,24,64,89,72,Generator,0,4405.000049999999,4405.000049999999,4400.0,4405.000049999999
1749,SINK_M,app1,Actuator,M.Action,28,68,198,72,Generator,0,4405.000049999999,4405.000049999999,4400.0,4405.000049999999
1752,SINK_M,app1,Actuator,M.Action,31,71,51,72,Generator,0,4405.000049999999,4405.000049999999,4400.0,4405.000049999999
1754,SINK_M,app1,Actuator,M.Action,33,73,317,72,Generator,0,4405.000049999999,4405.000049999999,4400.0,4405.000049999999
1758,SINK_M,app1,Actuator,M.Action,37,77,168,72,Generator,0,4405.000049999999,4405.000049999999,4400.0,4405.000049999999
1736,SINK_M,app1,Actuator,M.Action,15,55,0,72,Generator,0,4406.0000599999985,4406.0000599999985,4400.0,4406.0000599999985
1750,SINK_M,app1,Actuator,M.Action,29,69,89,72,Generator,0,4406.0000599999985,4406.0000599999985,4400.0,4406.0000599999985
1760,SINK_M,app1,Actuator,M.Action,39,79,198,72,Generator,0,4406.0000599999985,4406.0000599999985,4400.0,4406.0000599999985
1746,SINK_M,app1,Actuator,M.Action,25,65,0,72,Generator,0,4407.000069999998,4407.000069999998,4400.0,4407.000069999998
1755,SINK_M,app1,Actuator,M.Action,34,74,89,72,Generator,0,4407.000069999998,4407.000069999998,4400.0,4407.000069999998
1751,SINK_M,app1,Actuator,M.Action,30,70,0,72,Generator,0,4408.000079999998,4408.000079999998,4400.0,4408.000079999998
1756,SINK_M,app1,Actuator,M.Action,35,75,89,72,Generator,0,4408.000079999998,4408.000079999998,4400.0,4408.000079999998
1759,SINK_M,app1,Actuator,M.Action,38,78,0,72,Generator,0,4409.000089999998,4409.000089999998,4400.0,4409.000089999998
1761,SINK_M,app1,Actuator,M.Action,0,40,0,72,Generator,0,4501.00001,4501.00001,4500.0,4501.00001
1763,SINK_M,app1,Actuator,M.Action,2,42,317,72,Generator,0,4501.00001,4501.00001,4500.0,4501.00001
1764,SINK_M,app1,Actuator,M.Action,3,43,51,72,Generator,0,4501.00001,4501.00001,4500.0,4501.00001
1768,SINK_M,app1,Actuator,M.Action,7,47,198,72,Generator,0,4501.00001,4501.00001,4500.0,4501.00001
1770,SINK_M,app1,Actuator,M.Action,9,49,89,72,Generator,0,4501.00001,4501.00001,4500.0,4501.00001
1777,SINK_M,app1,Actuator,M.Action,16,56,128,72,Generator,0,4501.00001,4501.00001,4500.0,4501.00001
1781,SINK_M,app1,Actuator,M.Action,20,60,168,72,Generator,0,4501.00001,4501.00001,4500.0,4501.00001
1784,SINK_M,app1,Actuator,M.Action,23,63,228,72,Generator,0,4501.00001,4501.00001,4500.0,4501.00001
1762,SINK_M,app1,Actuator,M.Action,1,41,0,72,Generator,0,4502.0000199999995,4502.0000199999995,4500.0,4502.0000199999995
1765,SINK_M,app1,Actuator,M.Action,4,44,317,72,Generator,0,4502.0000199999995,4502.0000199999995,4500.0,4502.0000199999995
1767,SINK_M,app1,Actuator,M.Action,6,46,51,72,Generator,0,4502.0000199999995,4502.0000199999995,4500.0,4502.0000199999995
1773,SINK_M,app1,Actuator,M.Action,12,52,198,72,Generator,0,4502.0000199999995,4502.0000199999995,4500.0,4502.0000199999995
1774,SINK_M,app1,Actuator,M.Action,13,53,89,72,Generator,0,4502.0000199999995,4502.0000199999995,4500.0,4502.0000199999995
1787,SINK_M,app1,Actuator,M.Action,26,66,168,72,Generator,0,4502.0000199999995,4502.0000199999995,4500.0,4502.0000199999995
1766,SINK_M,app1,Actuator,M.Action,5,45,0,72,Generator,0,4503.000029999999,4503.000029999999,4500.0,4503.000029999999
1769,SINK_M,app1,Actuator,M.Action,8,48,51,72,Generator,0,4503.000029999999,4503.000029999999,4500.0,4503.000029999999
1775,SINK_M,app1,Actuator,M.Action,14,54,89,72,Generator,0,4503.000029999999,4503.000029999999,4500.0,4503.000029999999
1778,SINK_M,app1,Actuator,M.Action,17,57,317,72,Generator,0,4503.000029999999,4503.000029999999,4500.0,4503.000029999999
1783,SINK_M,app1,Actuator,M.Action,22,62,198,72,Generator,0,4503.000029999999,4503.000029999999,4500.0,4503.000029999999
1793,SINK_M,app1,Actuator,M.Action,32,72,168,72,Generator,0,4503.000029999999,4503.000029999999,4500.0,4503.000029999999
1771,SINK_M,app1,Actuator,M.Action,10,50,0,72,Generator,0,4504.000039999999,4504.000039999999,4500.0,4504.000039999999
1779,SINK_M,app1,Actuator,M.Action,18,58,89,72,Generator,0,4504.000039999999,4504.000039999999,4500.0,4504.000039999999
1780,SINK_M,app1,Actuator,M.Action,19,59,51,72,Generator,0,4504.000039999999,4504.000039999999,4500.0,4504.000039999999
1782,SINK_M,app1,Actuator,M.Action,21,61,317,72,Generator,0,4504.000039999999,4504.000039999999,4500.0,4504.000039999999
1788,SINK_M,app1,Actuator,M.Action,27,67,198,72,Generator,0,4504.000039999999,4504.000039999999,4500.0,4504.000039999999
1797,SINK_M,app1,Actuator,M.Action,36,76,168,72,Generator,0,4504.000039999999,4504.000039999999,4500.0,4504.000039999999
1772,SINK_M,app1,Actuator,M.Action,11,51,0,72,Generator,0,4505.000049999999,4505.000049999999,4500.0,4505.000049999999
1785,SINK_M,app1,Actuator,M.Action,24,64,89,72,Generator,0,4505.000049999999,4505.000049999999,4500.0,4505.000049999999
1789,SINK_M,app1,Actuator,M.Action,28,68,198,72,Generator,0,4505.000049999999,4505.000049999999,4500.0,4505.000049999999
1792,SINK_M,app1,Actuator,M.Action,31,71,51,72,Generator,0,4505.000049999999,4505.000049999999,4500.0,4505.000049999999
1794,SINK_M,app1,Actuator,M.Action,33,73,317,72,Generator,0,4505.000049999999,4505.000049999999,4500.0,4505.000049999999
1798,SINK_M,app1,Actuator,M.Action,37,77,168,72,Generator,0,4505.000049999999,4505.000049999999,4500.0,4505.000049999999
1776,SINK_M,app1,Actuator,M.Action,15,55,0,72,Generator,0,4506.0000599999985,4506.0000599999985,4500.0,4506.0000599999985
1790,SINK_M,app1,Actuator,M.Action,29,69,89,72,Generator,0,4506.0000599999985,4506.0000599999985,4500.0,4506.0000599999985
1800,SINK_M,app1,Actuator,M.Action,39,79,198,72,Generator,0,4506.0000599999985,4506.0000599999985,4500.0,4506.0000599999985
1786,SINK_M,app1,Actuator,M.Action,25,65,0,72,Generator,0,4507.000069999998,4507.000069999998,4500.0,4507.000069999998
1795,SINK_M,app1,Actuator,M.Action,34,74,89,72,Generator,0,4507.000069999998,4507.000069999998,4500.0,4507.000069999998
1791,SINK_M,app1,Actuator,M.Action,30,70,0,72,Generator,0,4508.000079999998,4508.000079999998,4500.0,4508.000079999998
1796,SINK_M,app1,Actuator,M.Action,35,75,89,72,Generator,0,4508.000079999998,4508.000079999998,4500.0,4508.000079999998
1799,SINK_M,app1,Actuator,M.Action,38,78,0,72,Generator,0,4509.000089999998,4509.000089999998,4500.0,4509.000089999998
1801,SINK_M,app1,Actuator,M.Action,0,40,0,72,Generator,0,4601.00001,4601.00001,4600.0,4601.00001
1803,SINK_M,app1,Actuator,M.Action,2,42,317,72,Generator,0,4601.00001,4601.00001,4600.0,4601.00001
1804,SINK_M,app1,Actuator,M.Action,3,43,51,72,Generator,0,4601.00001,4601.00001,4600.0,4601.00001
1808,SINK_M,app1,Actuator,M.Action,7,47,198,72,Generator,0,4601.00001,4601.00001,4600.0,4601.00001
1810,SINK_M,app1,Actuator,M.Action,9,49,89,72,Generator,0,4601.00001,4601.00001,4600.0,4601.00001
1817,SINK_M,app1,Actuator,M.Action,16,56,128,72,Generator,0,4601.00001,4601.00001,4600.0,4601.00001
1821,SINK_M,app1,Actuator,M.Action,20,60,168,72,Generator,0,4601.00001,4601.00001,4600.0,4601.00001
1824,SINK_M,app1,Actuator,M.Action,23,63,228,72,Generator,0,4601.00001,4601.00001,4600.0,4601.00001
1802,SINK_M,app1,Actuator,M.Action,1,41,0,72,Generator,0,4602.0000199999995,4602.0000199999995,4600.0,4602.0000199999995
1805,SINK_M,app1,Actuator,M.Action,4,44,317,72,Generator,0,4602.0000199999995,4602.0000199999995,4600.0,4602.0000199999995
1807,SINK_M,app1,Actuator,M.Action,6,46,51,72,Generator,0,4602.0000199999995,4602.0000199999995,4600.0,4602.0000199999995
1813,SINK_M,app1,Actuator,M.Action,12,52,198,72,Generator,0,4602.0000199999995,4602.0000199999995,4600.0,4602.0000199999995
1814,SINK_M,app1,Actuator,M.Action,13,53,89,72,Generator,0,4602.0000199999995,4602.0000199999995,4600.0,4602.0000199999995
1827,SINK_M,app1,Actuator,M.Action,26,66,168,72,Generator,0,4602.0000199999995,4602.0000199999995,4600.0,4602.0000199999995
1806,SINK_M,app1,Actuator,M.Action,5,45,0,72,Generator,0,4603.000029999999,4603.000029999999,4600.0,4603.000029999999
1809,SINK_M,app1,Actuator,M.Action,8,48,51,72,Generator,0,4603.000029999999,4603.000029999999,4600.0,4603.000029999999
1815,SINK_M,app1,Actuator,M.Action,14,54,89,72,Generator,0,4603.000029999999,4603.000029999999,4600.0,4603.000029999999
1818,SINK_M,app1,Actuator,M.Action,17,57,317,72,Generator,0,4603.000029999999,4603.000029999999,4600.0,4603.000029999999
1823,SINK_M,app1,Actuator,M.Action,22,62,198,72,Generator,0,4603.000029999999,4603.000029999999,4600.0,4603.000029999999
1833,SINK_M,app1,Actuator,M.Action,32,72,168,72,Generator,0,4603.000029999999,4603.000029999999,4600.0,4603.000029999999
1811,SINK_M,app1,Actuator,M.Action,10,50,0,72,Generator,0,4604.000039999999,4604.000039999999,4600.0,4604.000039999999
1819,SINK_M,app1,Actuator,M.Action,18,58,89,72,Generator,0,4604.000039999999,4604.000039999999,4600.0,4604.000039999999
1820,SINK_M,app1,Actuator,M.Action,19,59,51,72,Generator,0,4604.000039999999,4604.000039999999,4600.0,4604.000039999999
1822,SINK_M,app1,Actuator,M.Action,21,61,317,72,Generator,0,4604.000039999999,4604.000039999999,4600.0,4604.000039999999
1828,SINK_M,app1,Actuator,M.Action,27,67,198,72,Generator,0,4604.000039999999,4604.000039999999,4600.0,4604.000039999999
1837,SINK_M,app1,Actuator,M.Action,36,76,168,72,Generator,0,4604.000039999999,4604.000039999999,4600.0,4604.000039999999
1812,SINK_M,app1,Actuator,M.Action,11,51,0,72,Generator,0,4605.000049999999,4605.000049999999,4600.0,4605.000049999999
1825,SINK_M,app1,Actuator,M.Action,24,64,89,72,Generator,0,4605.000049999999,4605.000049999999,4600.0,4605.000049999999
1829,SINK_M,app1,Actuator,M.Action,28,68,198,72,Generator,0,4605.000049999999,4605.000049999999,4600.0,4605.000049999999
1832,SINK_M,app1,Actuator,M.Action,31,71,51,72,Generator,0,4605.000049999999,4605.000049999999,4600.0,4605.000049999999
1834,SINK_M,app1,Actuator,M.Action,33,73,317,72,Generator,0,4605.000049999999,4605.000049999999,4600.0,4605.000049999999
1838,SINK_M,app1,Actuator,M.Action,37,77,168,72,Generator,0,4605.000049999999,4605.000049999999,4600.0,4605.000049999999
1816,SINK_M,app1,Actuator,M.Action,15,55,0,72,Generator,0,4606.0000599999985,4606.0000599999985,4600.0,4606.0000599999985
1830,SINK_M,app1,Actuator,M.Action,29,69,89,72,Generator,0,4606.0000599999985,4606.0000599999985,4600.0,4606.0000599999985
1840,SINK_M,app1,Actuator,M.Action,39,79,198,72,Generator,0,4606.0000599999985,4606.0000599999985,4600.0,4606.0000599999985
1826,SINK_M,app1,Actuator,M.Action,25,65,0,72,Generator,0,4607.000069999998,4607.000069999998,4600.0,4607.000069999998
1835,SINK_M,app1,Actuator,M.Action,34,74,89,72,Generator,0,4607.000069999998,4607.000069999998,4600.0,4607.000069999998
1831,SINK_M,app1,Actuator,M.Action,30,70,0,72,Generator,0,4608.000079999998,4608.000079999998,4600.0,4608.000079999998
1836,SINK_M,app1,Actuator,M.Action,35,75,89,72,Generator,0,4608.000079999998,4608.000079999998,4600.0,4608.000079999998
1839,SINK_M,app1,Actuator,M.Action,38,78,0,72,Generator,0,4609.000089999998,4609.000089999998,4600.0,4609.000089999998
1841,SINK_M,app1,Actuator,M.Action,0,40,0,72,Generator,0,4701.00001,4701.00001,4700.0,4701.00001
1843,SINK_M,app1,Actuator,M.Action,2,42,317,72,Generator,0,4701.00001,4701.00001,4700.0,4701.00001
1844,SINK_M,app1,Actuator,M.Action,3,43,51,72,Generator,0,4701.00001,4701.00001,4700.0,4701.00001
1848,SINK_M,app1,Actuator,M.Action,7,47,198,72,Generator,0,4701.00001,4701.00001,4700.0,4701.00001
1850,SINK_M,app1,Actuator,M.Action,9,49,89,72,Generator,0,4701.00001,4701.00001,4700.0,4701.00001
1857,SINK_M,app1,Actuator,M.Action,16,56,128,72,Generator,0,4701.00001,4701.00001,4700.0,4701.00001
1861,SINK_M,app1,Actuator,M.Action,20,60,168,72,Generator,0,4701.00001,4701.00001,4700.0,4701.00001
1864,SINK_M,app1,Actuator,M.Action,23,63,228,72,Generator,0,4701.00001,4701.00001,4700.0,4701.00001
1842,SINK_M,app1,Actuator,M.Action,1,41,0,72,Generator,0,4702.0000199999995,4702.0000199999995,4700.0,4702.0000199999995
1845,SINK_M,app1,Actuator,M.Action,4,44,317,72,Generator,0,4702.0000199999995,4702.0000199999995,4700.0,4702.0000199999995
1847,SINK_M,app1,Actuator,M.Action,6,46,51,72,Generator,0,4702.0000199999995,4702.0000199999995,4700.0,4702.0000199999995
1853,SINK_M,app1,Actuator,M.Action,12,52,198,72,Generator,0,4702.0000199999995,4702.0000199999995,4700.0,4702.0000199999995
1854,SINK_M,app1,Actuator,M.Action,13,53,89,72,Generator,0,4702.0000199999995,4702.0000199999995,4700.0,4702.0000199999995
1867,SINK_M,app1,Actuator,M.Action,26,66,168,72,Generator,0,4702.0000199999995,4702.0000199999995,4700.0,4702.0000199999995
1846,SINK_M,app1,Actuator,M.Action,5,45,0,72,Generator,0,4703.000029999999,4703.000029999999,4700.0,4703.000029999999
1849,SINK_M,app1,Actuator,M.Action,8,48,51,72,Generator,0,4703.000029999999,4703.000029999999,4700.0,4703.000029999999
1855,SINK_M,app1,Actuator,M.Action,14,54,89,72,Generator,0,4703.000029999999,4703.000029999999,4700.0,4703.000029999999
1858,SINK_M,app1,Actuator,M.Action,17,57,317,72,Generator,0,4703.000029999999,4703.000029999999,4700.0,4703.000029999999
1863,SINK_M,app1,Actuator,M.Action,22,62,198,72,Generator,0,4703.000029999999,4703.000029999999,4700.0,4703.000029999999
1873,SINK_M,app1,Actuator,M.Action,32,72,168,72,Generator,0,4703.000029999999,4703.000029999999,4700.0,4703.000029999999
1851,SINK_M,app1,Actuator,M.Action,10,50,0,72,Generator,0,4704.000039999999,4704.000039999999,4700.0,4704.000039999999
1859,SINK_M,app1,Actuator,M.Action,18,58,89,72,Generator,0,4704.000039999999,4704.000039999999,4700.0,4704.000039999999
1860,SINK_M,app1,Actuator,M.Action,19,59,51,72,Generator,0,4704.000039999999,4704.000039999999,4700.0,4704.000039999999
1862,SINK_M,app1,Actuator,M.Action,21,61,317,72,Generator,0,4704.000039999999,4704.000039999999,4700.0,4704.000039999999
1868,SINK_M,app1,Actuator,M.Action,27,67,198,72,Generator,0,4704.000039999999,4704.000039999999,4700.0,4704.000039999999
1877,SINK_M,app1,Actuator,M.Action,36,76,168,72,Generator,0,4704.000039999999,4704.000039999999,4700.0,4704.000039999999
1852,SINK_M,app1,Actuator,M.Action,11,51,0,72,Generator,0,4705.000049999999,4705.000049999999,4700.0,4705.000049999999
1865,SINK_M,app1,Actuator,M.Action,24,64,89,72,Generator,0,4705.000049999999,4705.000049999999,4700.0,4705.000049999999
1869,SINK_M,app1,Actuator,M.Action,28,68,198,72,Generator,0,4705.000049999999,4705.000049999999,4700.0,4705.000049999999
1872,SINK_M,app1,Actuator,M.Action,31,71,51,72,Generator,0,4705.000049999999,4705.000049999999,4700.0,4705.000049999999
1874,SINK_M,app1,Actuator,M.Action,33,73,317,72,Generator,0,4705.000049999999,4705.000049999999,4700.0,4705.000049999999
1878,SINK_M,app1,Actuator,M.Action,37,77,168,72,Generator,0,4705.000049999999,4705.000049999999,4700.0,4705.000049999999
1856,SINK_M,app1,Actuator,M.Action,15,55,0,72,Generator,0,4706.0000599999985,4706.0000599999985,4700.0,4706.0000599999985
1870,SINK_M,app1,Actuator,M.Action,29,69,89,72,Generator,0,4706.0000599999985,4706.0000599999985,4700.0,4706.0000599999985
1880,SINK_M,app1,Actuator,M.Action,39,79,198,72,Generator,0,4706.0000599999985,4706.0000599999985,4700.0,4706.0000599999985
1866,SINK_M,app1,Actuator,M.Action,25,65,0,72,Generator,0,4707.000069999998,4707.000069999998,4700.0,4707.000069999998
1875,SINK_M,app1,Actuator,M.Action,34,74,89,72,Generator,0,4707.000069999998,4707.000069999998,4700.0,4707.000069999998
1871,SINK_M,app1,Actuator,M.Action,30,70,0,72,Generator,0,4708.000079999998,4708.000079999998,4700.0,4708.000079999998
1876,SINK_M,app1,Actuator,M.Action,35,75,89,72,Generator,0,4708.000079999998,4708.000079999998,4700.0,4708.000079999998
1879,SINK_M,app1,Actuator,M.Action,38,78,0,72,Generator,0,4709.000089999998,4709.000089999998,4700.0,4709.000089999998
1881,SINK_M,app1,Actuator,M.Action,0,40,0,72,Generator,0,4801.00001,4801.00001,4800.0,4801.00001
1883,SINK_M,app1,Actuator,M.Action,2,42,317,72,Generator,0,4801.00001,4801.00001,4800.0,4801.00001
1884,SINK_M,app1,Actuator,M.Action,3,43,51,72,Generator,0,4801.00001,4801.00001,4800.0,4801.00001
1888,SINK_M,app1,Actuator,M.Action,7,47,198,72,Generator,0,4801.00001,4801.00001,4800.0,4801.00001
1890,SINK_M,app1,Actuator,M.Action,9,49,89,72,Generator,0,4801.00001,4801.00001,4800.0,4801.00001
1897,SINK_M,app1,Actuator,M.Action,16,56,128,72,Generator,0,4801.00001,4801.00001,4800.0,4801.00001
1901,SINK_M,app1,Actuator,M.Action,20,60,168,72,Generator,0,4801.00001,4801.00001,4800.0,4801.00001
1904,SINK_M,app1,Actuator,M.Action,23,63,228,72,Generator,0,4801.00001,4801.00001,4800.0,4801.00001
1882,SINK_M,app1,Actuator,M.Action,1,41,0,72,Generator,0,4802.0000199999995,4802.0000199999995,4800.0,4802.0000199999995
1885,SINK_M,app1,Actuator,M.Action,4,44,317,72,Generator,0,4802.0000199999995,4802.0000199999995,4800.0,4802.0000199999995
1887,SINK_M,app1,Actuator,M.Action,6,46,51,72,Generator,0,4802.0000199999995,4802.0000199999995,4800.0,4802.0000199999995
1893,SINK_M,app1,Actuator,M.Action,12,52,198,72,Generator,0,4802.0000199999995,4802.0000199999995,4800.0,4802.0000199999995
1894,SINK_M,app1,Actuator,M.Action,13,53,89,72,Generator,0,4802.0000199999995,4802.0000199999995,4800.0,4802.0000199999995
1907,SINK_M,app1,Actuator,M.Action,26,66,168,72,Generator,0,4802.0000199999995,4802.0000199999995,4800.0,4802.0000199999995
1886,SINK_M,app1,Actuator,M.Action,5,45,0,72,Generator,0,4803.000029999999,4803.000029999999,4800.0,4803.000029999999
1889,SINK_M,app1,Actuator,M.Action,8,48,51,72,Generator,0,4803.000029999999,4803.000029999999,4800.0,4803.000029999999
1895,SINK_M,app1,Actuator,M.Action,14,54,89,72,Generator,0,4803.000029999999,4803.000029999999,4800.0,4803.000029999999
1898,SINK_M,app1,Actuator,M.Action,17,57,317,72,Generator,0,4803.000029999999,4803.000029999999,4800.0,4803.000029999999
1903,SINK_M,app1,Actuator,M.Action,22,62,198,72,Generator,0,4803.000029999999,4803.000029999999,4800.0,4803.000029999999
1913,SINK_M,app1,Actuator,M.Action,32,72,168,72,Generator,0,4803.000029999999,4803.000029999999,4800.0,4803.000029999999
1891,SINK_M,app1,Actuator,M.Action,10,50,0,72,Generator,0,4804.000039999999,4804.000039999999,4800.0,4804.000039999999
1899,SINK_M,app1,Actuator,M.Action,18,58,89,72,Generator,0,4804.000039999999,4804.000039999999,4800.0,4804.000039999999
1900,SINK_M,app1,Actuator,M.Action,19,59,51,72,Generator,0,4804.000039999999,4804.000039999999,4800.0,4804.000039999999
1902,SINK_M,app1,Actuator,M.Action,21,61,317,72,Generator,0,4804.000039999999,4804.000039999999,4800.0,4804.000039999999
1908,SINK_M,app1,Actuator,M.Action,27,67,198,72,Generator,0,4804.000039999999,4804.000039999999,4800.0,4804.000039999999
1917,SINK_M,app1,Actuator,M.Action,36,76,168,72,Generator,0,4804.000039999999,4804.000039999999,4800.0,4804.000039999999
1892,SINK_M,app1,Actuator,M.Action,11,51,0,72,Generator,0,4805.000049999999,4805.000049999999,4800.0,4805.000049999999
1905,SINK_M,app1,Actuator,M.Action,24,64,89,72,Generator,0,4805.000049999999,4805.000049999999,4800.0,4805.000049999999
1909,SINK_M,app1,Actuator,M.Action,28,68,198,72,Generator,0,4805.000049999999,4805.000049999999,4800.0,4805.000049999999
1912,SINK_M,app1,Actuator,M.Action,31,71,51,72,Generator,0,4805.000049999999,4805.000049999999,4800.0,4805.000049999999
1914,SINK_M,app1,Actuator,M.Action,33,73,317,72,Generator,0,4805.000049999999,4805.000049999999,4800.0,4805.000049999999
1918,SINK_M,app1,Actuator,M.Action,37,77,168,72,Generator,0,4805.000049999999,4805.000049999999,4800.0,4805.000049999999
1896,SINK_M,app1,Actuator,M.Action,15,55,0,72,Generator,0,4806.0000599999985,4806.0000599999985,4800.0,4806.0000599999985
1910,SINK_M,app1,Actuator,M.Action,29,69,89,72,Generator,0,4806.0000599999985,4806.0000599999985,4800.0,4806.0000599999985
1920,SINK_M,app1,Actuator,M.Action,39,79,198,72,Generator,0,4806.0000599999985,4806.0000599999985,4800.0,4806.0000599999985
1906,SINK_M,app1,Actuator,M.Action,25,65,0,72,Generator,0,4807.000069999998,4807.000069999998,4800.0,4807.000069999998
1915,SINK_M,app1,Actuator,M.Action,34,74,89,72,Generator,0,4807.000069999998,4807.000069999998,4800.0,4807.000069999998
1911,SINK_M,app1,Actuator,M.Action,30,70,0,72,Generator,0,4808.000079999998,4808.000079999998,4800.0,4808.000079999998
1916,SINK_M,app1,Actuator,M.Action,35,75,89,72,Generator,0,4808.000079999998,4808.000079999998,4800.0,4808.000079999998
1919,SINK_M,app1,Actuator,M.Action,38,78,0,72,Generator,0,4809.000089999998,4809.000089999998,4800.0,4809.000089999998
1921,SINK_M,app1,Actuator,M.Action,0,40,0,72,Generator,0,4901.00001,4901.00001,4900.0,4901.00001
1923,SINK_M,app1,Actuator,M.Action,2,42,317,72,Generator,0,4901.00001,4901.00001,4900.0,4901.00001
1924,SINK_M,app1,Actuator,M.Action,3,43,51,72,Generator,0,4901.00001,4901.00001,4900.0,4901.00001
1928,SINK_M,app1,Actuator,M.Action,7,47,198,72,Generator,0,4901.00001,4901.00001,4900.0,4901.00001
1930,SINK_M,app1,Actuator,M.Action,9,49,89,72,Generator,0,4901.00001,4901.00001,4900.0,4901.00001
1937,SINK_M,app1,Actuator,M.Action,16,56,128,72,Generator,0,4901.00001,4901.00001,4900.0,4901.00001
1941,SINK_M,app1,Actuator,M.Action,20,60,168,72,Generator,0,4901.00001,4901.00001,4900.0,4901.00001
1944,SINK_M,app1,Actuator,M.Action,23,63,228,72,Generator,0,4901.00001,4901.00001,4900.0,4901.00001
1922,SINK_M,app1,Actuator,M.Action,1,41,0,72,Generator,0,4902.0000199999995,4902.0000199999995,4900.0,4902.0000199999995
1925,SINK_M,app1,Actuator,M.Action,4,44,317,72,Generator,0,4902.0000199999995,4902.0000199999995,4900.0,4902.0000199999995
1927,SINK_M,app1,Actuator,M.Action,6,46,51,72,Generator,0,4902.0000199999995,4902.0000199999995,4900.0,4902.0000199999995
1933,SINK_M,app1,Actuator,M.Action,12,52,198,72,Generator,0,4902.0000199999995,4902.0000199999995,4900.0,4902.0000199999995
1934,SINK_M,app1,Actuator,M.Action,13,53,89,72,Generator,0,4902.0000199999995,4902.0000199999995,4900.0,4902.0000199999995
1947,SINK_M,app1,Actuator,M.Action,26,66,168,72,Generator,0,4902.0000199999995,4902.0000199999995,4900.0,4902.0000199999995
1926,SINK_M,app1,Actuator,M.Action,5,45,0,72,Generator,0,4903.000029999999,4903.000029999999,4900.0,4903.000029999999
1929,SINK_M,app1,Actuator,M.Action,8,48,51,72,Generator,0,4903.000029999999,4903.000029999999,4900.0,4903.000029999999
1935,SINK_M,app1,Actuator,M.Action,14,54,89,72,Generator,0,4903.000029999999,4903.000029999999,4900.0,4903.000029999999
1938,SINK_M,app1,Actuator,M.Action,17,57,317,72,Generator,0,4903.000029999999,4903.000029999999,4900.0,4903.000029999999
1943,SINK_M,app1,Actuator,M.Action,22,62,198,72,Generator,0,4903.000029999999,4903.000029999999,4900.0,4903.000029999999
1953,SINK_M,app1,Actuator,M.Action,32,72,168,72,Generator,0,4903.000029999999,4903.000029999999,4900.0,4903.000029999999
1931,SINK_M,app1,Actuator,M.Action,10,50,0,72,Generator,0,4904.000039999999,4904.000039999999,4900.0,4904.000039999999
1939,SINK_M,app1,Actuator,M.Action,18,58,89,72,Generator,0,4904.000039999999,4904.000039999999,4900.0,4904.000039999999
1940,SINK_M,app1,Actuator,M.Action,19,59,51,72,Generator,0,4904.000039999999,4904.000039999999,4900.0,4904.000039999999
1942,SINK_M,app1,Actuator,M.Action,21,61,317,72,Generator,0,4904.000039999999,4904.000039999999,4900.0,4904.000039999999
1948,SINK_M,app1,Actuator,M.Action,27,67,198,72,Generator,0,4904.000039999999,4904.000039999999,4900.0,4904.000039999999
1957,SINK_M,app1,Actuator,M.Action,36,76,168,72,Generator,0,4904.000039999999,4904.000039999999,4900.0,4904.000039999999
1932,SINK_M,app1,Actuator,M.Action,11,51,0,72,Generator,0,4905.000049999999,4905.000049999999,4900.0,4905.000049999999
1945,SINK_M,app1,Actuator,M.Action,24,64,89,72,Generator,0,4905.000049999999,4905.000049999999,4900.0,4905.000049999999
1949,SINK_M,app1,Actuator,M.Action,28,68,198,72,Generator,0,4905.000049999999,4905.000049999999,4900.0,4905.000049999999
1952,SINK_M,app1,Actuator,M.Action,31,71,51,72,Generator,0,4905.000049999999,4905.000049999999,4900.0,4905.000049999999
1954,SINK_M,app1,Actuator,M.Action,33,73,317,72,Generator,0,4905.000049999999,4905.000049999999,4900.0,4905.000049999999
1958,SINK_M,app1,Actuator,M.Action,37,77,168,72,Generator,0,4905.000049999999,4905.000049999999,4900.0,4905.000049999999
1936,SINK_M,app1,Actuator,M.Action,15,55,0,72,Generator,0,4906.0000599999985,4906.0000599999985,4900.0,4906.0000599999985
1950,SINK_M,app1,Actuator,M.Action,29,69,89,72,Generator,0,4906.0000599999985,4906.0000599999985,4900.0,4906.0000599999985
1960,SINK_M,app1,Actuator,M.Action,39,79,198,72,Generator,0,4906.0000599999985,4906.0000599999985,4900.0,4906.0000599999985
1946,SINK_M,app1,Actuator,M.Action,25,65,0,72,Generator,0,4907.000069999998,4907.000069999998,4900.0,4907.000069999998
1955,SINK_M,app1,Actuator,M.Action,34,74,89,72,Generator,0,4907.000069999998,4907.000069999998,4900.0,4907.000069999998
1951,SINK_M,app1,Actuator,M.Action,30,70,0,72,Generator,0,4908.000079999998,4908.000079999998,4900.0,4908.000079999998
1956,SINK_M,app1,Actuator,M.Action,35,75,89,72,Generator,0,4908.000079999998,4908.000079999998,4900.0,4908.000079999998
1959,SINK_M,app1,Actuator,M.Action,38,78,0,72,Generator,0,4909.000089999998,4909.000089999998,4900.0,4909.000089999998
1961,SINK_M,app1,Actuator,M.Action,0,40,0,72,Generator,0,5001.00001,5001.00001,5000.0,5001.00001
1963,SINK_M,app1,Actuator,M.Action,2,42,317,72,Generator,0,5001.00001,5001.00001,5000.0,5001.00001
1964,SINK_M,app1,Actuator,M.Action,3,43,51,72,Generator,0,5001.00001,5001.00001,5000.0,5001.00001
1968,SINK_M,app1,Actuator,M.Action,7,47,198,72,Generator,0,5001.00001,5001.00001,5000.0,5001.00001
1970,SINK_M,app1,Actuator,M.Action,9,49,89,72,Generator,0,5001.00001,5001.00001,5000.0,5001.00001
1977,SINK_M,app1,Actuator,M.Action,16,56,128,72,Generator,0,5001.00001,5001.00001,5000.0,5001.00001
1981,SINK_M,app1,Actuator,M.Action,20,60,168,72,Generator,0,5001.00001,5001.00001,5000.0,5001.00001
1984,SINK_M,app1,Actuator,M.Action,23,63,228,72,Generator,0,5001.00001,5001.00001,5000.0,5001.00001
1962,SINK_M,app1,Actuator,M.Action,1,41,0,72,Generator,0,5002.0000199999995,5002.0000199999995,5000.0,5002.0000199999995
1965,SINK_M,app1,Actuator,M.Action,4,44,317,72,Generator,0,5002.0000199999995,5002.0000199999995,5000.0,5002.0000199999995
1967,SINK_M,app1,Actuator,M.Action,6,46,51,72,Generator,0,5002.0000199999995,5002.0000199999995,5000.0,5002.0000199999995
1973,SINK_M,app1,Actuator,M.Action,12,52,198,72,Generator,0,5002.0000199999995,5002.0000199999995,5000.0,5002.0000199999995
1974,SINK_M,app1,Actuator,M.Action,13,53,89,72,Generator,0,5002.0000199999995,5002.0000199999995,5000.0,5002.0000199999995
1987,SINK_M,app1,Actuator,M.Action,26,66,168,72,Generator,0,5002.0000199999995,5002.0000199999995,5000.0,5002.0000199999995
1966,SINK_M,app1,Actuator,M.Action,5,45,0,72,Generator,0,5003.000029999999,5003.000029999999,5000.0,5003.000029999999
1969,SINK_M,app1,Actuator,M.Action,8,48,51,72,Generator,0,5003.000029999999,5003.000029999999,5000.0,5003.000029999999
1975,SINK_M,app1,Actuator,M.Action,14,54,89,72,Generator,0,5003.000029999999,5003.000029999999,5000.0,5003.000029999999
1978,SINK_M,app1,Actuator,M.Action,17,57,317,72,Generator,0,5003.000029999999,5003.000029999999,5000.0,5003.000029999999
1983,SINK_M,app1,Actuator,M.Action,22,62,198,72,Generator,0,5003.000029999999,5003.000029999999,5000.0,5003.000029999999
1993,SINK_M,app1,Actuator,M.Action,32,72,168,72,Generator,0,5003.000029999999,5003.000029999999,5000.0,5003.000029999999
1971,SINK_M,app1,Actuator,M.Action,10,50,0,72,Generator,0,5004.000039999999,5004.000039999999,5000.0,5004.000039999999
1979,SINK_M,app1,Actuator,M.Action,18,58,89,72,Generator,0,5004.000039999999,5004.000039999999,5000.0,5004.000039999999
1980,SINK_M,app1,Actuator,M.Action,19,59,51,72,Generator,0,5004.000039999999,5004.000039999999,5000.0,5004.000039999999
1982,SINK_M,app1,Actuator,M.Action,21,61,317,72,Generator,0,5004.000039999999,5004.000039999999,5000.0,5004.000039999999
1988,SINK_M,app1,Actuator,M.Action,27,67,198,72,Generator,0,5004.000039999999,5004.000039999999,5000.0,5004.000039999999
1997,SINK_M,app1,Actuator,M.Action,36,76,168,72,Generator,0,5004.000039999999,5004.000039999999,5000.0,5004.000039999999
1972,SINK_M,app1,Actuator,M.Action,11,51,0,72,Generator,0,5005.000049999999,5005.000049999999,5000.0,5005.000049999999
1985,SINK_M,app1,Actuator,M.Action,24,64,89,72,Generator,0,5005.000049999999,5005.000049999999,5000.0,5005.000049999999
1989,SINK_M,app1,Actuator,M.Action,28,68,198,72,Generator,0,5005.000049999999,5005.000049999999,5000.0,5005.000049999999
1992,SINK_M,app1,Actuator,M.Action,31,71,51,72,Generator,0,5005.000049999999,5005.000049999999,5000.0,5005.000049999999
1994,SINK_M,app1,Actuator,M.Action,33,73,317,72,Generator,0,5005.000049999999,5005.000049999999,5000.0,5005.000049999999
1998,SINK_M,app1,Actuator,M.Action,37,77,168,72,Generator,0,5005.000049999999,5005.000049999999,5000.0,5005.000049999999
1976,SINK_M,app1,Actuator,M.Action,15,55,0,72,Generator,0,5006.0000599999985,5006.0000599999985,5000.0,5006.0000599999985
1990,SINK_M,app1,Actuator,M.Action,29,69,89,72,Generator,0,5006.0000599999985,5006.0000599999985,5000.0,5006.0000599999985
2000,SINK_M,app1,Actuator,M.Action,39,79,198,72,Generator,0,5006.0000599999985,5006.0000599999985,5000.0,5006.0000599999985
1986,SINK_M,app1,Actuator,M.Action,25,65,0,72,Generator,0,5007.000069999998,5007.000069999998,5000.0,5007.000069999998
1995,SINK_M,app1,Actuator,M.Action,34,74,89,72,Generator,0,5007.000069999998,5007.000069999998,5000.0,5007.000069999998
1991,SINK_M,app1,Actuator,M.Action,30,70,0,72,Generator,0,5008.000079999998,5008.000079999998,5000.0,5008.000079999998
1996,SINK_M,app1,Actuator,M.Action,35,75,89,72,Generator,0,5008.000079999998,5008.000079999998,5000.0,5008.000079999998
1999,SINK_M,app1,Actuator,M.Action,38,78,0,72,Generator,0,5009.000089999998,5009.000089999998,5000.0,5009.000089999998
2001,SINK_M,app1,Actuator,M.Action,0,40,0,72,Generator,0,5101.00001,5101.00001,5100.0,5101.00001
2003,SINK_M,app1,Actuator,M.Action,2,42,317,72,Generator,0,5101.00001,5101.00001,5100.0,5101.00001
2004,SINK_M,app1,Actuator,M.Action,3,43,51,72,Generator,0,5101.00001,5101.00001,5100.0,5101.00001
2008,SINK_M,app1,Actuator,M.Action,7,47,198,72,Generator,0,5101.00001,5101.00001,5100.0,5101.00001
2010,SINK_M,app1,Actuator,M.Action,9,49,89,72,Generator,0,5101.00001,5101.00001,5100.0,5101.00001
2017,SINK_M,app1,Actuator,M.Action,16,56,128,72,Generator,0,5101.00001,5101.00001,5100.0,5101.00001
2021,SINK_M,app1,Actuator,M.Action,20,60,168,72,Generator,0,5101.00001,5101.00001,5100.0,5101.00001
2024,SINK_M,app1,Actuator,M.Action,23,63,228,72,Generator,0,5101.00001,5101.00001,5100.0,5101.00001
2002,SINK_M,app1,Actuator,M.Action,1,41,0,72,Generator,0,5102.0000199999995,5102.0000199999995,5100.0,5102.0000199999995
2005,SINK_M,app1,Actuator,M.Action,4,44,317,72,Generator,0,5102.0000199999995,5102.0000199999995,5100.0,5102.0000199999995
2007,SINK_M,app1,Actuator,M.Action,6,46,51,72,Generator,0,5102.0000199999995,5102.0000199999995,5100.0,5102.0000199999995
2013,SINK_M,app1,Actuator,M.Action,12,52,198,72,Generator,0,5102.0000199999995,5102.0000199999995,5100.0,5102.0000199999995
2014,SINK_M,app1,Actuator,M.Action,13,53,89,72,Generator,0,5102.0000199999995,5102.0000199999995,5100.0,5102.0000199999995
2027,SINK_M,app1,Actuator,M.Action,26,66,168,72,Generator,0,5102.0000199999995,5102.0000199999995,5100.0,5102.0000199999995
2006,SINK_M,app1,Actuator,M.Action,5,45,0,72,Generator,0,5103.000029999999,5103.000029999999,5100.0,5103.000029999999
2009,SINK_M,app1,Actuator,M.Action,8,48,51,72,Generator,0,5103.000029999999,5103.000029999999,5100.0,5103.000029999999
2015,SINK_M,app1,Actuator,M.Action,14,54,89,72,Generator,0,5103.000029999999,5103.000029999999,5100.0,5103.000029999999
2018,SINK_M,app1,Actuator,M.Action,17,57,317,72,Generator,0,5103.000029999999,5103.000029999999,5100.0,5103.000029999999
2023,SINK_M,app1,Actuator,M.Action,22,62,198,72,Generator,0,5103.000029999999,5103.000029999999,5100.0,5103.000029999999
2033,SINK_M,app1,Actuator,M.Action,32,72,168,72,Generator,0,5103.000029999999,5103.000029999999,5100.0,5103.000029999999
2011,SINK_M,app1,Actuator,M.Action,10,50,0,72,Generator,0,5104.000039999999,5104.000039999999,5100.0,5104.000039999999
2019,SINK_M,app1,Actuator,M.Action,18,58,89,72,Generator,0,5104.000039999999,5104.000039999999,5100.0,5104.000039999999
2020,SINK_M,app1,Actuator,M.Action,19,59,51,72,Generator,0,5104.000039999999,5104.000039999999,5100.0,5104.000039999999
2022,SINK_M,app1,Actuator,M.Action,21,61,317,72,Generator,0,5104.000039999999,5104.000039999999,5100.0,5104.000039999999
2028,SINK_M,app1,Actuator,M.Action,27,67,198,72,Generator,0,5104.000039999999,5104.000039999999,5100.0,5104.000039999999
2037,SINK_M,app1,Actuator,M.Action,36,76,168,72,Generator,0,5104.000039999999,5104.000039999999,5100.0,5104.000039999999
2012,SINK_M,app1,Actuator,M.Action,11,51,0,72,Generator,0,5105.000049999999,5105.000049999999,5100.0,5105.000049999999
2025,SINK_M,app1,Actuator,M.Action,24,64,89,72,Generator,0,5105.000049999999,5105.000049999999,5100.0,5105.000049999999
2029,SINK_M,app1,Actuator,M.Action,28,68,198,72,Generator,0,5105.000049999999,5105.000049999999,5100.0,5105.000049999999
2032,SINK_M,app1,Actuator,M.Action,31,71,51,72,Generator,0,5105.000049999999,5105.000049999999,5100.0,5105.000049999999
2034,SINK_M,app1,Actuator,M.Action,33,73,317,72,Generator,0,5105.000049999999,5105.000049999999,5100.0,5105.000049999999
2038,SINK_M,app1,Actuator,M.Action,37,77,168,72,Generator,0,5105.000049999999,5105.000049999999,5100.0,5105.000049999999
2016,SINK_M,app1,Actuator,M.Action,15,55,0,72,Generator,0,5106.0000599999985,5106.0000599999985,5100.0,5106.0000599999985
2030,SINK_M,app1,Actuator,M.Action,29,69,89,72,Generator,0,5106.0000599999985,5106.0000599999985,5100.0,5106.0000599999985
2040,SINK_M,app1,Actuator,M.Action,39,79,198,72,Generator,0,5106.0000599999985,5106.0000599999985,5100.0,5106.0000599999985
2026,SINK_M,app1,Actuator,M.Action,25,65,0,72,Generator,0,5107.000069999998,5107.000069999998,5100.0,5107.000069999998
2035,SINK_M,app1,Actuator,M.Action,34,74,89,72,Generator,0,5107.000069999998,5107.000069999998,5100.0,5107.000069999998
2031,SINK_M,app1,Actuator,M.Action,30,70,0,72,Generator,0,5108.000079999998,5108.000079999998,5100.0,5108.000079999998
2036,SINK_M,app1,Actuator,M.Action,35,75,89,72,Generator,0,5108.000079999998,5108.000079999998,5100.0,5108.000079999998
2039,SINK_M,app1,Actuator,M.Action,38,78,0,72,Generator,0,5109.000089999998,5109.000089999998,5100.0,5109.000089999998
2041,SINK_M,app1,Actuator,M.Action,0,40,0,72,Generator,0,5201.00001,5201.00001,5200.0,5201.00001
2043,SINK_M,app1,Actuator,M.Action,2,42,317,72,Generator,0,5201.00001,5201.00001,5200.0,5201.00001
2044,SINK_M,app1,Actuator,M.Action,3,43,51,72,Generator,0,5201.00001,5201.00001,5200.0,5201.00001
2048,SINK_M,app1,Actuator,M.Action,7,47,198,72,Generator,0,5201.00001,5201.00001,5200.0,5201.00001
2050,SINK_M,app1,Actuator,M.Action,9,49,89,72,Generator,0,5201.00001,5201.00001,5200.0,5201.00001
2057,SINK_M,app1,Actuator,M.Action,16,56,128,72,Generator,0,5201.00001,5201.00001,5200.0,5201.00001
2061,SINK_M,app1,Actuator,M.Action,20,60,168,72,Generator,0,5201.00001,5201.00001,5200.0,5201.00001
2064,SINK_M,app1,Actuator,M.Action,23,63,228,72,Generator,0,5201.00001,5201.00001,5200.0,5201.00001
2042,SINK_M,app1,Actuator,M.Action,1,41,0,72,Generator,0,5202.0000199999995,5202.0000199999995,5200.0,5202.0000199999995
2045,SINK_M,app1,Actuator,M.Action,4,44,317,72,Generator,0,5202.0000199999995,5202.0000199999995,5200.0,5202.0000199999995
2047,SINK_M,app1,Actuator,M.Action,6,46,51,72,Generator,0,5202.0000199999995,5202.0000199999995,5200.0,5202.0000199999995
2053,SINK_M,app1,Actuator,M.Action,12,52,198,72,Generator,0,5202.0000199999995,5202.0000199999995,5200.0,5202.0000199999995
2054,SINK_M,app1,Actuator,M.Action,13,53,89,72,Generator,0,5202.0000199999995,5202.0000199999995,5200.0,5202.0000199999995
2067,SINK_M,app1,Actuator,M.Action,26,66,168,72,Generator,0,5202.0000199999995,5202.0000199999995,5200.0,5202.0000199999995
2046,SINK_M,app1,Actuator,M.Action,5,45,0,72,Generator,0,5203.000029999999,5203.000029999999,5200.0,5203.000029999999
2049,SINK_M,app1,Actuator,M.Action,8,48,51,72,Generator,0,5203.000029999999,5203.000029999999,5200.0,5203.000029999999
2055,SINK_M,app1,Actuator,M.Action,14,54,89,72,Generator,0,5203.000029999999,5203.000029999999,5200.0,5203.000029999999
2058,SINK_M,app1,Actuator,M.Action,17,57,317,72,Generator,0,5203.000029999999,5203.000029999999,5200.0,5203.000029999999
2063,SINK_M,app1,Actuator,M.Action,22,62,198,72,Generator,0,5203.000029999999,5203.000029999999,5200.0,5203.000029999999
2073,SINK_M,app1,Actuator,M.Action,32,72,168,72,Generator,0,5203.000029999999,5203.000029999999,5200.0,5203.000029999999
2051,SINK_M,app1,Actuator,M.Action,10,50,0,72,Generator,0,5204.000039999999,5204.000039999999,5200.0,5204.000039999999
2059,SINK_M,app1,Actuator,M.Action,18,58,89,72,Generator,0,5204.000039999999,5204.000039999999,5200.0,5204.000039999999
2060,SINK_M,app1,Actuator,M.Action,19,59,51,72,Generator,0,5204.000039999999,5204.000039999999,5200.0,5204.000039999999
2062,SINK_M,app1,Actuator,M.Action,21,61,317,72,Generator,0,5204.000039999999,5204.000039999999,5200.0,5204.000039999999
2068,SINK_M,app1,Actuator,M.Action,27,67,198,72,Generator,0,5204.000039999999,5204.000039999999,5200.0,5204.000039999999
2077,SINK_M,app1,Actuator,M.Action,36,76,168,72,Generator,0,5204.000039999999,5204.000039999999,5200.0,5204.000039999999
2052,SINK_M,app1,Actuator,M.Action,11,51,0,72,Generator,0,5205.000049999999,5205.000049999999,5200.0,5205.000049999999
2065,SINK_M,app1,Actuator,M.Action,24,64,89,72,Generator,0,5205.000049999999,5205.000049999999,5200.0,5205.000049999999
2069,SINK_M,app1,Actuator,M.Action,28,68,198,72,Generator,0,5205.000049999999,5205.000049999999,5200.0,5205.000049999999
2072,SINK_M,app1,Actuator,M.Action,31,71,51,72,Generator,0,5205.000049999999,5205.000049999999,5200.0,5205.000049999999
2074,SINK_M,app1,Actuator,M.Action,33,73,317,72,Generator,0,5205.000049999999,5205.000049999999,5200.0,5205.000049999999
2078,SINK_M,app1,Actuator,M.Action,37,77,168,72,Generator,0,5205.000049999999,5205.000049999999,5200.0,5205.000049999999
2056,SINK_M,app1,Actuator,M.Action,15,55,0,72,Generator,0,5206.0000599999985,5206.0000599999985,5200.0,5206.0000599999985
2070,SINK_M,app1,Actuator,M.Action,29,69,89,72,Generator,0,5206.0000599999985,5206.0000599999985,5200.0,5206.0000599999985
2080,SINK_M,app1,Actuator,M.Action,39,79,198,72,Generator,0,5206.0000599999985,5206.0000599999985,5200.0,5206.0000599999985
2066,SINK_M,app1,Actuator,M.Action,25,65,0,72,Generator,0,5207.000069999998,5207.000069999998,5200.0,5207.000069999998
2075,SINK_M,app1,Actuator,M.Action,34,74,89,72,Generator,0,5207.000069999998,5207.000069999998,5200.0,5207.000069999998
2071,SINK_M,app1,Actuator,M.Action,30,70,0,72,Generator,0,5208.000079999998,5208.000079999998,5200.0,5208.000079999998
2076,SINK_M,app1,Actuator,M.Action,35,75,89,72,Generator,0,5208.000079999998,5208.000079999998,5200.0,5208.000079999998
2079,SINK_M,app1,Actuator,M.Action,38,78,0,72,Generator,0,5209.000089999998,5209.000089999998,5200.0,5209.000089999998
2081,SINK_M,app1,Actuator,M.Action,0,40,0,72,Generator,0,5301.00001,5301.00001,5300.0,5301.00001
2083,SINK_M,app1,Actuator,M.Action,2,42,317,72,Generator,0,5301.00001,5301.00001,5300.0,5301.00001
2084,SINK_M,app1,Actuator,M.Action,3,43,51,72,Generator,0,5301.00001,5301.00001,5300.0,5301.00001
2088,SINK_M,app1,Actuator,M.Action,7,47,198,72,Generator,0,5301.00001,5301.00001,5300.0,5301.00001
2090,SINK_M,app1,Actuator,M.Action,9,49,89,72,Generator,0,5301.00001,5301.00001,5300.0,5301.00001
2097,SINK_M,app1,Actuator,M.Action,16,56,128,72,Generator,0,5301.00001,5301.00001,5300.0,5301.00001
2101,SINK_M,app1,Actuator,M.Action,20,60,168,72,Generator,0,5301.00001,5301.00001,5300.0,5301.00001
2104,SINK_M,app1,Actuator,M.Action,23,63,228,72,Generator,0,5301.00001,5301.00001,5300.0,5301.00001
2082,SINK_M,app1,Actuator,M.Action,1,41,0,72,Generator,0,5302.0000199999995,5302.0000199999995,5300.0,5302.0000199999995
2085,SINK_M,app1,Actuator,M.Action,4,44,317,72,Generator,0,5302.0000199999995,5302.0000199999995,5300.0,5302.0000199999995
2087,SINK_M,app1,Actuator,M.Action,6,46,51,72,Generator,0,5302.0000199999995,5302.0000199999995,5300.0,5302.0000199999995
2093,SINK_M,app1,Actuator,M.Action,12,52,198,72,Generator,0,5302.0000199999995,5302.0000199999995,5300.0,5302.0000199999995
2094,SINK_M,app1,Actuator,M.Action,13,53,89,72,Generator,0,5302.0000199999995,5302.0000199999995,5300.0,5302.0000199999995
2107,SINK_M,app1,Actuator,M.Action,26,66,168,72,Generator,0,5302.0000199999995,5302.0000199999995,5300.0,5302.0000199999995
2086,SINK_M,app1,Actuator,M.Action,5,45,0,72,Generator,0,5303.000029999999,5303.000029999999,5300.0,5303.000029999999
2089,SINK_M,app1,Actuator,M.Action,8,48,51,72,Generator,0,5303.000029999999,5303.000029999999,5300.0,5303.000029999999
2095,SINK_M,app1,Actuator,M.Action,14,54,89,72,Generator,0,5303.000029999999,5303.000029999999,5300.0,5303.000029999999
2098,SINK_M,app1,Actuator,M.Action,17,57,317,72,Generator,0,5303.000029999999,5303.000029999999,5300.0,5303.000029999999
2103,SINK_M,app1,Actuator,M.Action,22,62,198,72,Generator,0,5303.000029999999,5303.000029999999,5300.0,5303.000029999999
2113,SINK_M,app1,Actuator,M.Action,32,72,168,72,Generator,0,5303.000029999999,5303.000029999999,5300.0,5303.000029999999
2091,SINK_M,app1,Actuator,M.Action,10,50,0,72,Generator,0,5304.000039999999,5304.000039999999,5300.0,5304.000039999999
2099,SINK_M,app1,Actuator,M.Action,18,58,89,72,Generator,0,5304.000039999999,5304.000039999999,5300.0,5304.000039999999
2100,SINK_M,app1,Actuator,M.Action,19,59,51,72,Generator,0,5304.000039999999,5304.000039999999,5300.0,5304.000039999999
2102,SINK_M,app1,Actuator,M.Action,21,61,317,72,Generator,0,5304.000039999999,5304.000039999999,5300.0,5304.000039999999
2108,SINK_M,app1,Actuator,M.Action,27,67,198,72,Generator,0,5304.000039999999,5304.000039999999,5300.0,5304.000039999999
2117,SINK_M,app1,Actuator,M.Action,36,76,168,72,Generator,0,5304.000039999999,5304.000039999999,5300.0,5304.000039999999
2092,SINK_M,app1,Actuator,M.Action,11,51,0,72,Generator,0,5305.000049999999,5305.000049999999,5300.0,5305.000049999999
2105,SINK_M,app1,Actuator,M.Action,24,64,89,72,Generator,0,5305.000049999999,5305.000049999999,5300.0,5305.000049999999
2109,SINK_M,app1,Actuator,M.Action,28,68,198,72,Generator,0,5305.000049999999,5305.000049999999,5300.0,5305.000049999999
2112,SINK_M,app1,Actuator,M.Action,31,71,51,72,Generator,0,5305.000049999999,5305.000049999999,5300.0,5305.000049999999
2114,SINK_M,app1,Actuator,M.Action,33,73,317,72,Generator,0,5305.000049999999,5305.000049999999,5300.0,5305.000049999999
2118,SINK_M,app1,Actuator,M.Action,37,77,168,72,Generator,0,5305.000049999999,5305.000049999999,5300.0,5305.000049999999
2096,SINK_M,app1,Actuator,M.Action,15,55,0,72,Generator,0,5306.0000599999985,5306.0000599999985,5300.0,5306.0000599999985
2110,SINK_M,app1,Actuator,M.Action,29,69,89,72,Generator,0,5306.0000599999985,5306.0000599999985,5300.0,5306.0000599999985
2120,SINK_M,app1,Actuator,M.Action,39,79,198,72,Generator,0,5306.0000599999985,5306.0000599999985,5300.0,5306.0000599999985
2106,SINK_M,app1,Actuator,M.Action,25,65,0,72,Generator,0,5307.000069999998,5307.000069999998,5300.0,5307.000069999998
2115,SINK_M,app1,Actuator,M.Action,34,74,89,72,Generator,0,5307.000069999998,5307.000069999998,5300.0,5307.000069999998
2111,SINK_M,app1,Actuator,M.Action,30,70,0,72,Generator,0,5308.000079999998,5308.000079999998,5300.0,5308.000079999998
2116,SINK_M,app1,Actuator,M.Action,35,75,89,72,Generator,0,5308.000079999998,5308.000079999998,5300.0,5308.000079999998
2119,SINK_M,app1,Actuator,M.Action,38,78,0,72,Generator,0,5309.000089999998,5309.000089999998,5300.0,5309.000089999998
2121,SINK_M,app1,Actuator,M.Action,0,40,0,72,Generator,0,5401.00001,5401.00001,5400.0,5401.00001
2123,SINK_M,app1,Actuator,M.Action,2,42,317,72,Generator,0,5401.00001,5401.00001,5400.0,5401.00001
2124,SINK_M,app1,Actuator,M.Action,3,43,51,72,Generator,0,5401.00001,5401.00001,5400.0,5401.00001
2128,SINK_M,app1,Actuator,M.Action,7,47,198,72,Generator,0,5401.00001,5401.00001,5400.0,5401.00001
2130,SINK_M,app1,Actuator,M.Action,9,49,89,72,Generator,0,5401.00001,5401.00001,5400.0,5401.00001
2137,SINK_M,app1,Actuator,M.Action,16,56,128,72,Generator,0,5401.00001,5401.00001,5400.0,5401.00001
2141,SINK_M,app1,Actuator,M.Action,20,60,168,72,Generator,0,5401.00001,5401.00001,5400.0,5401.00001
2144,SINK_M,app1,Actuator,M.Action,23,63,228,72,Generator,0,5401.00001,5401.00001,5400.0,5401.00001
2122,SINK_M,app1,Actuator,M.Action,1,41,0,72,Generator,0,5402.0000199999995,5402.0000199999995,5400.0,5402.0000199999995
2125,SINK_M,app1,Actuator,M.Action,4,44,317,72,Generator,0,5402.0000199999995,5402.0000199999995,5400.0,5402.0000199999995
2127,SINK_M,app1,Actuator,M.Action,6,46,51,72,Generator,0,5402.0000199999995,5402.0000199999995,5400.0,5402.0000199999995
2133,SINK_M,app1,Actuator,M.Action,12,52,198,72,Generator,0,5402.0000199999995,5402.0000199999995,5400.0,5402.0000199999995
2134,SINK_M,app1,Actuator,M.Action,13,53,89,72,Generator,0,5402.0000199999995,5402.0000199999995,5400.0,5402.0000199999995
2147,SINK_M,app1,Actuator,M.Action,26,66,168,72,Generator,0,5402.0000199999995,5402.0000199999995,5400.0,5402.0000199999995
2126,SINK_M,app1,Actuator,M.Action,5,45,0,72,Generator,0,5403.000029999999,5403.000029999999,5400.0,5403.000029999999
2129,SINK_M,app1,Actuator,M.Action,8,48,51,72,Generator,0,5403.000029999999,5403.000029999999,5400.0,5403.000029999999
2135,SINK_M,app1,Actuator,M.Action,14,54,89,72,Generator,0,5403.000029999999,5403.000029999999,5400.0,5403.000029999999
2138,SINK_M,app1,Actuator,M.Action,17,57,317,72,Generator,0,5403.000029999999,5403.000029999999,5400.0,5403.000029999999
2143,SINK_M,app1,Actuator,M.Action,22,62,198,72,Generator,0,5403.000029999999,5403.000029999999,5400.0,5403.000029999999
2153,SINK_M,app1,Actuator,M.Action,32,72,168,72,Generator,0,5403.000029999999,5403.000029999999,5400.0,5403.000029999999
2131,SINK_M,app1,Actuator,M.Action,10,50,0,72,Generator,0,5404.000039999999,5404.000039999999,5400.0,5404.000039999999
2139,SINK_M,app1,Actuator,M.Action,18,58,89,72,Generator,0,5404.000039999999,5404.000039999999,5400.0,5404.000039999999
2140,SINK_M,app1,Actuator,M.Action,19,59,51,72,Generator,0,5404.000039999999,5404.000039999999,5400.0,5404.000039999999
2142,SINK_M,app1,Actuator,M.Action,21,61,317,72,Generator,0,5404.000039999999,5404.000039999999,5400.0,5404.000039999999
2148,SINK_M,app1,Actuator,M.Action,27,67,198,72,Generator,0,5404.000039999999,5404.000039999999,5400.0,5404.000039999999
2157,SINK_M,app1,Actuator,M.Action,36,76,168,72,Generator,0,5404.000039999999,5404.000039999999,5400.0,5404.000039999999
2132,SINK_M,app1,Actuator,M.Action,11,51,0,72,Generator,0,5405.000049999999,5405.000049999999,5400.0,5405.000049999999
2145,SINK_M,app1,Actuator,M.Action,24,64,89,72,Generator,0,5405.000049999999,5405.000049999999,5400.0,5405.000049999999
2149,SINK_M,app1,Actuator,M.Action,28,68,198,72,Generator,0,5405.000049999999,5405.000049999999,5400.0,5405.000049999999
2152,SINK_M,app1,Actuator,M.Action,31,71,51,72,Generator,0,5405.000049999999,5405.000049999999,5400.0,5405.000049999999
2154,SINK_M,app1,Actuator,M.Action,33,73,317,72,Generator,0,5405.000049999999,5405.000049999999,5400.0,5405.000049999999
2158,SINK_M,app1,Actuator,M.Action,37,77,168,72,Generator,0,5405.000049999999,5405.000049999999,5400.0,5405.000049999999
2136,SINK_M,app1,Actuator,M.Action,15,55,0,72,Generator,0,5406.0000599999985,5406.0000599999985,5400.0,5406.0000599999985
2150,SINK_M,app1,Actuator,M.Action,29,69,89,72,Generator,0,5406.0000599999985,5406.0000599999985,5400.0,5406.0000599999985
2160,SINK_M,app1,Actuator,M.Action,39,79,198,72,Generator,0,5406.0000599999985,5406.0000599999985,5400.0,5406.0000599999985
2146,SINK_M,app1,Actuator,M.Action,25,65,0,72,Generator,0,5407.000069999998,5407.000069999998,5400.0,5407.000069999998
2155,SINK_M,app1,Actuator,M.Action,34,74,89,72,Generator,0,5407.000069999998,5407.000069999998,5400.0,5407.000069999998
2151,SINK_M,app1,Actuator,M.Action,30,70,0,72,Generator,0,5408.000079999998,5408.000079999998,5400.0,5408.000079999998
2156,SINK_M,app1,Actuator,M.Action,35,75,89,72,Generator,0,5408.000079999998,5408.000079999998,5400.0,5408.000079999998
2159,SINK_M,app1,Actuator,M.Action,38,78,0,72,Generator,0,5409.000089999998,5409.000089999998,5400.0,5409.000089999998
2161,SINK_M,app1,Actuator,M.Action,0,40,0,72,Generator,0,5501.00001,5501.00001,5500.0,5501.00001
2163,SINK_M,app1,Actuator,M.Action,2,42,317,72,Generator,0,5501.00001,5501.00001,5500.0,5501.00001
2164,SINK_M,app1,Actuator,M.Action,3,43,51,72,Generator,0,5501.00001,5501.00001,5500.0,5501.00001
2168,SINK_M,app1,Actuator,M.Action,7,47,198,72,Generator,0,5501.00001,5501.00001,5500.0,5501.00001
2170,SINK_M,app1,Actuator,M.Action,9,49,89,72,Generator,0,5501.00001,5501.00001,5500.0,5501.00001
2177,SINK_M,app1,Actuator,M.Action,16,56,128,72,Generator,0,5501.00001,5501.00001,5500.0,5501.00001
2181,SINK_M,app1,Actuator,M.Action,20,60,168,72,Generator,0,5501.00001,5501.00001,5500.0,5501.00001
2184,SINK_M,app1,Actuator,M.Action,23,63,228,72,Generator,0,5501.00001,5501.00001,5500.0,5501.00001
2162,SINK_M,app1,Actuator,M.Action,1,41,0,72,Generator,0,5502.0000199999995,5502.0000199999995,5500.0,5502.0000199999995
2165,SINK_M,app1,Actuator,M.Action,4,44,317,72,Generator,0,5502.0000199999995,5502.0000199999995,5500.0,5502.0000199999995
2167,SINK_M,app1,Actuator,M.Action,6,46,51,72,Generator,0,5502.0000199999995,5502.0000199999995,5500.0,5502.0000199999995
2173,SINK_M,app1,Actuator,M.Action,12,52,198,72,Generator,0,5502.0000199999995,5502.0000199999995,5500.0,5502.0000199999995
2174,SINK_M,app1,Actuator,M.Action,13,53,89,72,Generator,0,5502.0000199999995,5502.0000199999995,5500.0,5502.0000199999995
2187,SINK_M,app1,Actuator,M.Action,26,66,168,72,Generator,0,5502.0000199999995,5502.0000199999995,5500.0,5502.0000199999995
2166,SINK_M,app1,Actuator,M.Action,5,45,0,72,Generator,0,5503.000029999999,5503.000029999999,5500.0,5503.000029999999
2169,SINK_M,app1,Actuator,M.Action,8,48,51,72,Generator,0,5503.000029999999,5503.000029999999,5500.0,5503.000029999999
2175,SINK_M,app1,Actuator,M.Action,14,54,89,72,Generator,0,5503.000029999999,5503.000029999999,5500.0,5503.000029999999
2178,SINK_M,app1,Actuator,M.Action,17,57,317,72,Generator,0,5503.000029999999,5503.000029999999,5500.0,5503.000029999999
2183,SINK_M,app1,Actuator,M.Action,22,62,198,72,Generator,0,5503.000029999999,5503.000029999999,5500.0,5503.000029999999
2193,SINK_M,app1,Actuator,M.Action,32,72,168,72,Generator,0,5503.000029999999,5503.000029999999,5500.0,5503.000029999999
2171,SINK_M,app1,Actuator,M.Action,10,50,0,72,Generator,0,5504.000039999999,5504.000039999999,5500.0,5504.000039999999
2179,SINK_M,app1,Actuator,M.Action,18,58,89,72,Generator,0,5504.000039999999,5504.000039999999,5500.0,5504.000039999999
2180,SINK_M,app1,Actuator,M.Action,19,59,51,72,Generator,0,5504.000039999999,5504.000039999999,5500.0,5504.000039999999
2182,SINK_M,app1,Actuator,M.Action,21,61,317,72,Generator,0,5504.000039999999,5504.000039999999,5500.0,5504.000039999999
2188,SINK_M,app1,Actuator,M.Action,27,67,198,72,Generator,0,5504.000039999999,5504.000039999999,5500.0,5504.000039999999
2197,SINK_M,app1,Actuator,M.Action,36,76,168,72,Generator,0,5504.000039999999,5504.000039999999,5500.0,5504.000039999999
2172,SINK_M,app1,Actuator,M.Action,11,51,0,72,Generator,0,5505.000049999999,5505.000049999999,5500.0,5505.000049999999
2185,SINK_M,app1,Actuator,M.Action,24,64,89,72,Generator,0,5505.000049999999,5505.000049999999,5500.0,5505.000049999999
2189,SINK_M,app1,Actuator,M.Action,28,68,198,72,Generator,0,5505.000049999999,5505.000049999999,5500.0,5505.000049999999
2192,SINK_M,app1,Actuator,M.Action,31,71,51,72,Generator,0,5505.000049999999,5505.000049999999,5500.0,5505.000049999999
2194,SINK_M,app1,Actuator,M.Action,33,73,317,72,Generator,0,5505.000049999999,5505.000049999999,5500.0,5505.000049999999
2198,SINK_M,app1,Actuator,M.Action,37,77,168,72,Generator,0,5505.000049999999,5505.000049999999,5500.0,5505.000049999999
2176,SINK_M,app1,Actuator,M.Action,15,55,0,72,Generator,0,5506.0000599999985,5506.0000599999985,5500.0,5506.0000599999985
2190,SINK_M,app1,Actuator,M.Action,29,69,89,72,Generator,0,5506.0000599999985,5506.0000599999985,5500.0,5506.0000599999985
2200,SINK_M,app1,Actuator,M.Action,39,79,198,72,Generator,0,5506.0000599999985,5506.0000599999985,5500.0,5506.0000599999985
2186,SINK_M,app1,Actuator,M.Action,25,65,0,72,Generator,0,5507.000069999998,5507.000069999998,5500.0,5507.000069999998
2195,SINK_M,app1,Actuator,M.Action,34,74,89,72,Generator,0,5507.000069999998,5507.000069999998,5500.0,5507.000069999998
2191,SINK_M,app1,Actuator,M.Action,30,70,0,72,Generator,0,5508.000079999998,5508.000079999998,5500.0,5508.000079999998
2196,SINK_M,app1,Actuator,M.Action,35,75,89,72,Generator,0,5508.000079999998,5508.000079999998,5500.0,5508.000079999998
2199,SINK_M,app1,Actuator,M.Action,38,78,0,72,Generator,0,5509.000089999998,5509.000089999998,5500.0,5509.000089999998
2201,SINK_M,app1,Actuator,M.Action,0,40,0,72,Generator,0,5601.00001,5601.00001,5600.0,5601.00001
2203,SINK_M,app1,Actuator,M.Action,2,42,317,72,Generator,0,5601.00001,5601.00001,5600.0,5601.00001
2204,SINK_M,app1,Actuator,M.Action,3,43,51,72,Generator,0,5601.00001,5601.00001,5600.0,5601.00001
2208,SINK_M,app1,Actuator,M.Action,7,47,198,72,Generator,0,5601.00001,5601.00001,5600.0,5601.00001
2210,SINK_M,app1,Actuator,M.Action,9,49,89,72,Generator,0,5601.00001,5601.00001,5600.0,5601.00001
2217,SINK_M,app1,Actuator,M.Action,16,56,128,72,Generator,0,5601.00001,5601.00001,5600.0,5601.00001
2221,SINK_M,app1,Actuator,M.Action,20,60,168,72,Generator,0,5601.00001,5601.00001,5600.0,5601.00001
2224,SINK_M,app1,Actuator,M.Action,23,63,228,72,Generator,0,5601.00001,5601.00001,5600.0,5601.00001
2202,SINK_M,app1,Actuator,M.Action,1,41,0,72,Generator,0,5602.0000199999995,5602.0000199999995,5600.0,5602.0000199999995
2205,SINK_M,app1,Actuator,M.Action,4,44,317,72,Generator,0,5602.0000199999995,5602.0000199999995,5600.0,5602.0000199999995
2207,SINK_M,app1,Actuator,M.Action,6,46,51,72,Generator,0,5602.0000199999995,5602.0000199999995,5600.0,5602.0000199999995
2213,SINK_M,app1,Actuator,M.Action,12,52,198,72,Generator,0,5602.0000199999995,5602.0000199999995,5600.0,5602.0000199999995
2214,SINK_M,app1,Actuator,M.Action,13,53,89,72,Generator,0,5602.0000199999995,5602.0000199999995,5600.0,5602.0000199999995
2227,SINK_M,app1,Actuator,M.Action,26,66,168,72,Generator,0,5602.0000199999995,5602.0000199999995,5600.0,5602.0000199999995
2206,SINK_M,app1,Actuator,M.Action,5,45,0,72,Generator,0,5603.000029999999,5603.000029999999,5600.0,5603.000029999999
2209,SINK_M,app1,Actuator,M.Action,8,48,51,72,Generator,0,5603.000029999999,5603.000029999999,5600.0,5603.000029999999
2215,SINK_M,app1,Actuator,M.Action,14,54,89,72,Generator,0,5603.000029999999,5603.000029999999,5600.0,5603.000029999999
2218,SINK_M,app1,Actuator,M.Action,17,57,317,72,Generator,0,5603.000029999999,5603.000029999999,5600.0,5603.000029999999
2223,SINK_M,app1,Actuator,M.Action,22,62,198,72,Generator,0,5603.000029999999,5603.000029999999,5600.0,5603.000029999999
2233,SINK_M,app1,Actuator,M.Action,32,72,168,72,Generator,0,5603.000029999999,5603.000029999999,5600.0,5603.000029999999
2211,SINK_M,app1,Actuator,M.Action,10,50,0,72,Generator,0,5604.000039999999,5604.000039999999,5600.0,5604.000039999999
2219,SINK_M,app1,Actuator,M.Action,18,58,89,72,Generator,0,5604.000039999999,5604.000039999999,5600.0,5604.000039999999
2220,SINK_M,app1,Actuator,M.Action,19,59,51,72,Generator,0,5604.000039999999,5604.000039999999,5600.0,5604.000039999999
2222,SINK_M,app1,Actuator,M.Action,21,61,317,72,Generator,0,5604.000039999999,5604.000039999999,5600.0,5604.000039999999
2228,SINK_M,app1,Actuator,M.Action,27,67,198,72,Generator,0,5604.000039999999,5604.000039999999,5600.0,5604.000039999999
2237,SINK_M,app1,Actuator,M.Action,36,76,168,72,Generator,0,5604.000039999999,5604.000039999999,5600.0,5604.000039999999
2212,SINK_M,app1,Actuator,M.Action,11,51,0,72,Generator,0,5605.000049999999,5605.000049999999,5600.0,5605.000049999999
2225,SINK_M,app1,Actuator,M.Action,24,64,89,72,Generator,0,5605.000049999999,5605.000049999999,5600.0,5605.000049999999
2229,SINK_M,app1,Actuator,M.Action,28,68,198,72,Generator,0,5605.000049999999,5605.000049999999,5600.0,5605.000049999999
2232,SINK_M,app1,Actuator,M.Action,31,71,51,72,Generator,0,5605.000049999999,5605.000049999999,5600.0,5605.000049999999
2234,SINK_M,app1,Actuator,M.Action,33,73,317,72,Generator,0,5605.000049999999,5605.000049999999,5600.0,5605.000049999999
2238,SINK_M,app1,Actuator,M.Action,37,77,168,72,Generator,0,5605.000049999999,5605.000049999999,5600.0,5605.000049999999
2216,SINK_M,app1,Actuator,M.Action,15,55,0,72,Generator,0,5606.0000599999985,5606.0000599999985,5600.0,5606.0000599999985
2230,SINK_M,app1,Actuator,M.Action,29,69,89,72,Generator,0,5606.0000599999985,5606.0000599999985,5600.0,5606.0000599999985
2240,SINK_M,app1,Actuator,M.Action,39,79,198,72,Generator,0,5606.0000599999985,5606.0000599999985,5600.0,5606.0000599999985
2226,SINK_M,app1,Actuator,M.Action,25,65,0,72,Generator,0,5607.000069999998,5607.000069999998,5600.0,5607.000069999998
2235,SINK_M,app1,Actuator,M.Action,34,74,89,72,Generator,0,5607.000069999998,5607.000069999998,5600.0,5607.000069999998
2231,SINK_M,app1,Actuator,M.Action,30,70,0,72,Generator,0,5608.000079999998,5608.000079999998,5600.0,5608.000079999998
2236,SINK_M,app1,Actuator,M.Action,35,75,89,72,Generator,0,5608.000079999998,5608.000079999998,5600.0,5608.000079999998
2239,SINK_M,app1,Actuator,M.Action,38,78,0,72,Generator,0,5609.000089999998,5609.000089999998,5600.0,5609.000089999998
2241,SINK_M,app1,Actuator,M.Action,0,40,0,72,Generator,0,5701.00001,5701.00001,5700.0,5701.00001
2243,SINK_M,app1,Actuator,M.Action,2,42,317,72,Generator,0,5701.00001,5701.00001,5700.0,5701.00001
2244,SINK_M,app1,Actuator,M.Action,3,43,51,72,Generator,0,5701.00001,5701.00001,5700.0,5701.00001
2248,SINK_M,app1,Actuator,M.Action,7,47,198,72,Generator,0,5701.00001,5701.00001,5700.0,5701.00001
2250,SINK_M,app1,Actuator,M.Action,9,49,89,72,Generator,0,5701.00001,5701.00001,5700.0,5701.00001
2257,SINK_M,app1,Actuator,M.Action,16,56,128,72,Generator,0,5701.00001,5701.00001,5700.0,5701.00001
2261,SINK_M,app1,Actuator,M.Action,20,60,168,72,Generator,0,5701.00001,5701.00001,5700.0,5701.00001
2264,SINK_M,app1,Actuator,M.Action,23,63,228,72,Generator,0,5701.00001,5701.00001,5700.0,5701.00001
2242,SINK_M,app1,Actuator,M.Action,1,41,0,72,Generator,0,5702.0000199999995,5702.0000199999995,5700.0,5702.0000199999995
2245,SINK_M,app1,Actuator,M.Action,4,44,317,72,Generator,0,5702.0000199999995,5702.0000199999995,5700.0,5702.0000199999995
2247,SINK_M,app1,Actuator,M.Action,6,46,51,72,Generator,0,5702.0000199999995,5702.0000199999995,5700.0,5702.0000199999995
2253,SINK_M,app1,Actuator,M.Action,12,52,198,72,Generator,0,5702.0000199999995,5702.0000199999995,5700.0,5702.0000199999995
2254,SINK_M,app1,Actuator,M.Action,13,53,89,72,Generator,0,5702.0000199999995,5702.0000199999995,5700.0,5702.0000199999995
2267,SINK_M,app1,Actuator,M.Action,26,66,168,72,Generator,0,5702.0000199999995,5702.0000199999995,5700.0,5702.0000199999995
2246,SINK_M,app1,Actuator,M.Action,5,45,0,72,Generator,0,5703.000029999999,5703.000029999999,5700.0,5703.000029999999
2249,SINK_M,app1,Actuator,M.Action,8,48,51,72,Generator,0,5703.000029999999,5703.000029999999,5700.0,5703.000029999999
2255,SINK_M,app1,Actuator,M.Action,14,54,89,72,Generator,0,5703.000029999999,5703.000029999999,5700.0,5703.000029999999
2258,SINK_M,app1,Actuator,M.Action,17,57,317,72,Generator,0,5703.000029999999,5703.000029999999,5700.0,5703.000029999999
2263,SINK_M,app1,Actuator,M.Action,22,62,198,72,Generator,0,5703.000029999999,5703.000029999999,5700.0,5703.000029999999
2273,SINK_M,app1,Actuator,M.Action,32,72,168,72,Generator,0,5703.000029999999,5703.000029999999,5700.0,5703.000029999999
2251,SINK_M,app1,Actuator,M.Action,10,50,0,72,Generator,0,5704.000039999999,5704.000039999999,5700.0,5704.000039999999
2259,SINK_M,app1,Actuator,M.Action,18,58,89,72,Generator,0,5704.000039999999,5704.000039999999,5700.0,5704.000039999999
2260,SINK_M,app1,Actuator,M.Action,19,59,51,72,Generator,0,5704.000039999999,5704.000039999999,5700.0,5704.000039999999
2262,SINK_M,app1,Actuator,M.Action,21,61,317,72,Generator,0,5704.000039999999,5704.000039999999,5700.0,5704.000039999999
2268,SINK_M,app1,Actuator,M.Action,27,67,198,72,Generator,0,5704.000039999999,5704.000039999999,5700.0,5704.000039999999
2277,SINK_M,app1,Actuator,M.Action,36,76,168,72,Generator,0,5704.000039999999,5704.000039999999,5700.0,5704.000039999999
2252,SINK_M,app1,Actuator,M.Action,11,51,0,72,Generator,0,5705.000049999999,5705.000049999999,5700.0,5705.000049999999
2265,SINK_M,app1,Actuator,M.Action,24,64,89,72,Generator,0,5705.000049999999,5705.000049999999,5700.0,5705.000049999999
2269,SINK_M,app1,Actuator,M.Action,28,68,198,72,Generator,0,5705.000049999999,5705.000049999999,5700.0,5705.000049999999
2272,SINK_M,app1,Actuator,M.Action,31,71,51,72,Generator,0,5705.000049999999,5705.000049999999,5700.0,5705.000049999999
2274,SINK_M,app1,Actuator,M.Action,33,73,317,72,Generator,0,5705.000049999999,5705.000049999999,5700.0,5705.000049999999
2278,SINK_M,app1,Actuator,M.Action,37,77,168,72,Generator,0,5705.000049999999,5705.000049999999,5700.0,5705.000049999999
2256,SINK_M,app1,Actuator,M.Action,15,55,0,72,Generator,0,5706.0000599999985,5706.0000599999985,5700.0,5706.0000599999985
2270,SINK_M,app1,Actuator,M.Action,29,69,89,72,Generator,0,5706.0000599999985,5706.0000599999985,5700.0,5706.0000599999985
2280,SINK_M,app1,Actuator,M.Action,39,79,198,72,Generator,0,5706.0000599999985,5706.0000599999985,5700.0,5706.0000599999985
2266,SINK_M,app1,Actuator,M.Action,25,65,0,72,Generator,0,5707.000069999998,5707.000069999998,5700.0,5707.000069999998
2275,SINK_M,app1,Actuator,M.Action,34,74,89,72,Generator,0,5707.000069999998,5707.000069999998,5700.0,5707.000069999998
2271,SINK_M,app1,Actuator,M.Action,30,70,0,72,Generator,0,5708.000079999998,5708.000079999998,5700.0,5708.000079999998
2276,SINK_M,app1,Actuator,M.Action,35,75,89,72,Generator,0,5708.000079999998,5708.000079999998,5700.0,5708.000079999998
2279,SINK_M,app1,Actuator,M.Action,38,78,0,72,Generator,0,5709.000089999998,5709.000089999998,5700.0,5709.000089999998
2281,SINK_M,app1,Actuator,M.Action,0,40,0,72,Generator,0,5801.00001,5801.00001,5800.0,5801.00001
2283,SINK_M,app1,Actuator,M.Action,2,42,317,72,Generator,0,5801.00001,5801.00001,5800.0,5801.00001
2284,SINK_M,app1,Actuator,M.Action,3,43,51,72,Generator,0,5801.00001,5801.00001,5800.0,5801.00001
2288,SINK_M,app1,Actuator,M.Action,7,47,198,72,Generator,0,5801.00001,5801.00001,5800.0,5801.00001
2290,SINK_M,app1,Actuator,M.Action,9,49,89,72,Generator,0,5801.00001,5801.00001,5800.0,5801.00001
2297,SINK_M,app1,Actuator,M.Action,16,56,128,72,Generator,0,5801.00001,5801.00001,5800.0,5801.00001
2301,SINK_M,app1,Actuator,M.Action,20,60,168,72,Generator,0,5801.00001,5801.00001,5800.0,5801.00001
2304,SINK_M,app1,Actuator,M.Action,23,63,228,72,Generator,0,5801.00001,5801.00001,5800.0,5801.00001
2282,SINK_M,app1,Actuator,M.Action,1,41,0,72,Generator,0,5802.0000199999995,5802.0000199999995,5800.0,5802.0000199999995
2285,SINK_M,app1,Actuator,M.Action,4,44,317,72,Generator,0,5802.0000199999995,5802.0000199999995,5800.0,5802.0000199999995
2287,SINK_M,app1,Actuator,M.Action,6,46,51,72,Generator,0,5802.0000199999995,5802.0000199999995,5800.0,5802.0000199999995
2293,SINK_M,app1,Actuator,M.Action,12,52,198,72,Generator,0,5802.0000199999995,5802.0000199999995,5800.0,5802.0000199999995
2294,SINK_M,app1,Actuator,M.Action,13,53,89,72,Generator,0,5802.0000199999995,5802.0000199999995,5800.0,5802.0000199999995
2307,SINK_M,app1,Actuator,M.Action,26,66,168,72,Generator,0,5802.0000199999995,5802.0000199999995,5800.0,5802.0000199999995
2286,SINK_M,app1,Actuator,M.Action,5,45,0,72,Generator,0,5803.000029999999,5803.000029999999,5800.0,5803.000029999999
2289,SINK_M,app1,Actuator,M.Action,8,48,51,72,Generator,0,5803.000029999999,5803.000029999999,5800.0,5803.000029999999
2295,SINK_M,app1,Actuator,M.Action,14,54,89,72,Generator,0,5803.000029999999,5803.000029999999,5800.0,5803.000029999999
2298,SINK_M,app1,Actuator,M.Action,17,57,317,72,Generator,0,5803.000029999999,5803.000029999999,5800.0,5803.000029999999
2303,SINK_M,app1,Actuator,M.Action,22,62,198,72,Generator,0,5803.000029999999,5803.000029999999,5800.0,5803.000029999999
2313,SINK_M,app1,Actuator,M.Action,32,72,168,72,Generator,0,5803.000029999999,5803.000029999999,5800.0,5803.000029999999
2291,SINK_M,app1,Actuator,M.Action,10,50,0,72,Generator,0,5804.000039999999,5804.000039999999,5800.0,5804.000039999999
2299,SINK_M,app1,Actuator,M.Action,18,58,89,72,Generator,0,5804.000039999999,5804.000039999999,5800.0,5804.000039999999
2300,SINK_M,app1,Actuator,M.Action,19,59,51,72,Generator,0,5804.000039999999,5804.000039999999,5800.0,5804.000039999999
2302,SINK_M,app1,Actuator,M.Action,21,61,317,72,Generator,0,5804.000039999999,5804.000039999999,5800.0,5804.000039999999
2308,SINK_M,app1,Actuator,M.Action,27,67,198,72,Generator,0,5804.000039999999,5804.000039999999,5800.0,5804.000039999999
2317,SINK_M,app1,Actuator,M.Action,36,76,168,72,Generator,0,5804.000039999999,5804.000039999999,5800.0,5804.000039999999
2292,SINK_M,app1,Actuator,M.Action,11,51,0,72,Generator,0,5805.000049999999,5805.000049999999,5800.0,5805.000049999999
2305,SINK_M,app1,Actuator,M.Action,24,64,89,72,Generator,0,5805.000049999999,5805.000049999999,5800.0,5805.000049999999
2309,SINK_M,app1,Actuator,M.Action,28,68,198,72,Generator,0,5805.000049999999,5805.000049999999,5800.0,5805.000049999999
2312,SINK_M,app1,Actuator,M.Action,31,71,51,72,Generator,0,5805.000049999999,5805.000049999999,5800.0,5805.000049999999
2314,SINK_M,app1,Actuator,M.Action,33,73,317,72,Generator,0,5805.000049999999,5805.000049999999,5800.0,5805.000049999999
2318,SINK_M,app1,Actuator,M.Action,37,77,168,72,Generator,0,5805.000049999999,5805.000049999999,5800.0,5805.000049999999
2296,SINK_M,app1,Actuator,M.Action,15,55,0,72,Generator,0,5806.0000599999985,5806.0000599999985,5800.0,5806.0000599999985
2310,SINK_M,app1,Actuator,M.Action,29,69,89,72,Generator,0,5806.0000599999985,5806.0000599999985,5800.0,5806.0000599999985
2320,SINK_M,app1,Actuator,M.Action,39,79,198,72,Generator,0,5806.0000599999985,5806.0000599999985,5800.0,5806.0000599999985
2306,SINK_M,app1,Actuator,M.Action,25,65,0,72,Generator,0,5807.000069999998,5807.000069999998,5800.0,5807.000069999998
2315,SINK_M,app1,Actuator,M.Action,34,74,89,72,Generator,0,5807.000069999998,5807.000069999998,5800.0,5807.000069999998
2311,SINK_M,app1,Actuator,M.Action,30,70,0,72,Generator,0,5808.000079999998,5808.000079999998,5800.0,5808.000079999998
2316,SINK_M,app1,Actuator,M.Action,35,75,89,72,Generator,0,5808.000079999998,5808.000079999998,5800.0,5808.000079999998
2319,SINK_M,app1,Actuator,M.Action,38,78,0,72,Generator,0,5809.000089999998,5809.000089999998,5800.0,5809.000089999998
2321,SINK_M,app1,Actuator,M.Action,0,40,0,72,Generator,0,5901.00001,5901.00001,5900.0,5901.00001
2323,SINK_M,app1,Actuator,M.Action,2,42,317,72,Generator,0,5901.00001,5901.00001,5900.0,5901.00001
2324,SINK_M,app1,Actuator,M.Action,3,43,51,72,Generator,0,5901.00001,5901.00001,5900.0,5901.00001
2328,SINK_M,app1,Actuator,M.Action,7,47,198,72,Generator,0,5901.00001,5901.00001,5900.0,5901.00001
2330,SINK_M,app1,Actuator,M.Action,9,49,89,72,Generator,0,5901.00001,5901.00001,5900.0,5901.00001
2337,SINK_M,app1,Actuator,M.Action,16,56,128,72,Generator,0,5901.00001,5901.00001,5900.0,5901.00001
2341,SINK_M,app1,Actuator,M.Action,20,60,168,72,Generator,0,5901.00001,5901.00001,5900.0,5901.00001
2344,SINK_M,app1,Actuator,M.Action,23,63,228,72,Generator,0,5901.00001,5901.00001,5900.0,5901.00001
2322,SINK_M,app1,Actuator,M.Action,1,41,0,72,Generator,0,5902.0000199999995,5902.0000199999995,5900.0,5902.0000199999995
2325,SINK_M,app1,Actuator,M.Action,4,44,317,72,Generator,0,5902.0000199999995,5902.0000199999995,5900.0,5902.0000199999995
2327,SINK_M,app1,Actuator,M.Action,6,46,51,72,Generator,0,5902.0000199999995,5902.0000199999995,5900.0,5902.0000199999995
2333,SINK_M,app1,Actuator,M.Action,12,52,198,72,Generator,0,5902.0000199999995,5902.0000199999995,5900.0,5902.0000199999995
2334,SINK_M,app1,Actuator,M.Action,13,53,89,72,Generator,0,5902.0000199999995,5902.0000199999995,5900.0,5902.0000199999995
2347,SINK_M,app1,Actuator,M.Action,26,66,168,72,Generator,0,5902.0000199999995,5902.0000199999995,5900.0,5902.0000199999995
2326,SINK_M,app1,Actuator,M.Action,5,45,0,72,Generator,0,5903.000029999999,5903.000029999999,5900.0,5903.000029999999
2329,SINK_M,app1,Actuator,M.Action,8,48,51,72,Generator,0,5903.000029999999,5903.000029999999,5900.0,5903.000029999999
2335,SINK_M,app1,Actuator,M.Action,14,54,89,72,Generator,0,5903.000029999999,5903.000029999999,5900.0,5903.000029999999
2338,SINK_M,app1,Actuator,M.Action,17,57,317,72,Generator,0,5903.000029999999,5903.000029999999,5900.0,5903.000029999999
2343,SINK_M,app1,Actuator,M.Action,22,62,198,72,Generator,0,5903.000029999999,5903.000029999999,5900.0,5903.000029999999
2353,SINK_M,app1,Actuator,M.Action,32,72,168,72,Generator,0,5903.000029999999,5903.000029999999,5900.0,5903.000029999999
2331,SINK_M,app1,Actuator,M.Action,10,50,0,72,Generator,0,5904.000039999999,5904.000039999999,5900.0,5904.000039999999
2339,SINK_M,app1,Actuator,M.Action,18,58,89,72,Generator,0,5904.000039999999,5904.000039999999,5900.0,5904.000039999999
2340,SINK_M,app1,Actuator,M.Action,19,59,51,72,Generator,0,5904.000039999999,5904.000039999999,5900.0,5904.000039999999
2342,SINK_M,app1,Actuator,M.Action,21,61,317,72,Generator,0,5904.000039999999,5904.000039999999,5900.0,5904.000039999999
2348,SINK_M,app1,Actuator,M.Action,27,67,198,72,Generator,0,5904.000039999999,5904.000039999999,5900.0,5904.000039999999
2357,SINK_M,app1,Actuator,M.Action,36,76,168,72,Generator,0,5904.000039999999,5904.000039999999,5900.0,5904.000039999999
2332,SINK_M,app1,Actuator,M.Action,11,51,0,72,Generator,0,5905.000049999999,5905.000049999999,5900.0,5905.000049999999
2345,SINK_M,app1,Actuator,M.Action,24,64,89,72,Generator,0,5905.000049999999,5905.000049999999,5900.0,5905.000049999999
2349,SINK_M,app1,Actuator,M.Action,28,68,198,72,Generator,0,5905.000049999999,5905.000049999999,5900.0,5905.000049999999
2352,SINK_M,app1,Actuator,M.Action,31,71,51,72,Generator,0,5905.000049999999,5905.000049999999,5900.0,5905.000049999999
2354,SINK_M,app1,Actuator,M.Action,33,73,317,72,Generator,0,5905.000049999999,5905.000049999999,5900.0,5905.000049999999
2358,SINK_M,app1,Actuator,M.Action,37,77,168,72,Generator,0,5905.000049999999,5905.000049999999,5900.0,5905.000049999999
2336,SINK_M,app1,Actuator,M.Action,15,55,0,72,Generator,0,5906.0000599999985,5906.0000599999985,5900.0,5906.0000599999985
2350,SINK_M,app1,Actuator,M.Action,29,69,89,72,Generator,0,5906.0000599999985,5906.0000599999985,5900.0,5906.0000599999985
2360,SINK_M,app1,Actuator,M.Action,39,79,198,72,Generator,0,5906.0000599999985,5906.0000599999985,5900.0,5906.0000599999985
2346,SINK_M,app1,Actuator,M.Action,25,65,0,72,Generator,0,5907.000069999998,5907.000069999998,5900.0,5907.000069999998
2355,SINK_M,app1,Actuator,M.Action,34,74,89,72,Generator,0,5907.000069999998,5907.000069999998,5900.0,5907.000069999998
2351,SINK_M,app1,Actuator,M.Action,30,70,0,72,Generator,0,5908.000079999998,5908.000079999998,5900.0,5908.000079999998
2356,SINK_M,app1,Actuator,M.Action,35,75,89,72,Generator,0,5908.000079999998,5908.000079999998,5900.0,5908.000079999998
2359,SINK_M,app1,Actuator,M.Action,38,78,0,72,Generator,0,5909.000089999998,5909.000089999998,5900.0,5909.000089999998
2361,SINK_M,app1,Actuator,M.Action,0,40,0,72,Generator,0,6001.00001,6001.00001,6000.0,6001.00001
2363,SINK_M,app1,Actuator,M.Action,2,42,317,72,Generator,0,6001.00001,6001.00001,6000.0,6001.00001
2364,SINK_M,app1,Actuator,M.Action,3,43,51,72,Generator,0,6001.00001,6001.00001,6000.0,6001.00001
2368,SINK_M,app1,Actuator,M.Action,7,47,198,72,Generator,0,6001.00001,6001.00001,6000.0,6001.00001
2370,SINK_M,app1,Actuator,M.Action,9,49,89,72,Generator,0,6001.00001,6001.00001,6000.0,6001.00001
2377,SINK_M,app1,Actuator,M.Action,16,56,128,72,Generator,0,6001.00001,6001.00001,6000.0,6001.00001
2381,SINK_M,app1,Actuator,M.Action,20,60,168,72,Generator,0,6001.00001,6001.00001,6000.0,6001.00001
2384,SINK_M,app1,Actuator,M.Action,23,63,228,72,Generator,0,6001.00001,6001.00001,6000.0,6001.00001
2362,SINK_M,app1,Actuator,M.Action,1,41,0,72,Generator,0,6002.0000199999995,6002.0000199999995,6000.0,6002.0000199999995
2365,SINK_M,app1,Actuator,M.Action,4,44,317,72,Generator,0,6002.0000199999995,6002.0000199999995,6000.0,6002.0000199999995
2367,SINK_M,app1,Actuator,M.Action,6,46,51,72,Generator,0,6002.0000199999995,6002.0000199999995,6000.0,6002.0000199999995
2373,SINK_M,app1,Actuator,M.Action,12,52,198,72,Generator,0,6002.0000199999995,6002.0000199999995,6000.0,6002.0000199999995
2374,SINK_M,app1,Actuator,M.Action,13,53,89,72,Generator,0,6002.0000199999995,6002.0000199999995,6000.0,6002.0000199999995
2387,SINK_M,app1,Actuator,M.Action,26,66,168,72,Generator,0,6002.0000199999995,6002.0000199999995,6000.0,6002.0000199999995
2366,SINK_M,app1,Actuator,M.Action,5,45,0,72,Generator,0,6003.000029999999,6003.000029999999,6000.0,6003.000029999999
2369,SINK_M,app1,Actuator,M.Action,8,48,51,72,Generator,0,6003.000029999999,6003.000029999999,6000.0,6003.000029999999
2375,SINK_M,app1,Actuator,M.Action,14,54,89,72,Generator,0,6003.000029999999,6003.000029999999,6000.0,6003.000029999999
2378,SINK_M,app1,Actuator,M.Action,17,57,317,72,Generator,0,6003.000029999999,6003.000029999999,6000.0,6003.000029999999
2383,SINK_M,app1,Actuator,M.Action,22,62,198,72,Generator,0,6003.000029999999,6003.000029999999,6000.0,6003.000029999999
2393,SINK_M,app1,Actuator,M.Action,32,72,168,72,Generator,0,6003.000029999999,6003.000029999999,6000.0,6003.000029999999
2371,SINK_M,app1,Actuator,M.Action,10,50,0,72,Generator,0,6004.000039999999,6004.000039999999,6000.0,6004.000039999999
2379,SINK_M,app1,Actuator,M.Action,18,58,89,72,Generator,0,6004.000039999999,6004.000039999999,6000.0,6004.000039999999
2380,SINK_M,app1,Actuator,M.Action,19,59,51,72,Generator,0,6004.000039999999,6004.000039999999,6000.0,6004.000039999999
2382,SINK_M,app1,Actuator,M.Action,21,61,317,72,Generator,0,6004.000039999999,6004.000039999999,6000.0,6004.000039999999
2388,SINK_M,app1,Actuator,M.Action,27,67,198,72,Generator,0,6004.000039999999,6004.000039999999,6000.0,6004.000039999999
2397,SINK_M,app1,Actuator,M.Action,36,76,168,72,Generator,0,6004.000039999999,6004.000039999999,6000.0,6004.000039999999
2372,SINK_M,app1,Actuator,M.Action,11,51,0,72,Generator,0,6005.000049999999,6005.000049999999,6000.0,6005.000049999999
2385,SINK_M,app1,Actuator,M.Action,24,64,89,72,Generator,0,6005.000049999999,6005.000049999999,6000.0,6005.000049999999
2389,SINK_M,app1,Actuator,M.Action,28,68,198,72,Generator,0,6005.000049999999,6005.000049999999,6000.0,6005.000049999999
2392,SINK_M,app1,Actuator,M.Action,31,71,51,72,Generator,0,6005.000049999999,6005.000049999999,6000.0,6005.000049999999
2394,SINK_M,app1,Actuator,M.Action,33,73,317,72,Generator,0,6005.000049999999,6005.000049999999,6000.0,6005.000049999999
2398,SINK_M,app1,Actuator,M.Action,37,77,168,72,Generator,0,6005.000049999999,6005.000049999999,6000.0,6005.000049999999
2376,SINK_M,app1,Actuator,M.Action,15,55,0,72,Generator,0,6006.0000599999985,6006.0000599999985,6000.0,6006.0000599999985
2390,SINK_M,app1,Actuator,M.Action,29,69,89,72,Generator,0,6006.0000599999985,6006.0000599999985,6000.0,6006.0000599999985
2400,SINK_M,app1,Actuator,M.Action,39,79,198,72,Generator,0,6006.0000599999985,6006.0000599999985,6000.0,6006.0000599999985
2386,SINK_M,app1,Actuator,M.Action,25,65,0,72,Generator,0,6007.000069999998,6007.000069999998,6000.0,6007.000069999998
2395,SINK_M,app1,Actuator,M.Action,34,74,89,72,Generator,0,6007.000069999998,6007.000069999998,6000.0,6007.000069999998
2391,SINK_M,app1,Actuator,M.Action,30,70,0,72,Generator,0,6008.000079999998,6008.000079999998,6000.0,6008.000079999998
2396,SINK_M,app1,Actuator,M.Action,35,75,89,72,Generator,0,6008.000079999998,6008.000079999998,6000.0,6008.000079999998
2399,SINK_M,app1,Actuator,M.Action,38,78,0,72,Generator,0,6009.000089999998,6009.000089999998,6000.0,6009.000089999998
2401,SINK_M,app1,Actuator,M.Action,0,40,0,72,Generator,0,6101.00001,6101.00001,6100.0,6101.00001
2403,SINK_M,app1,Actuator,M.Action,2,42,317,72,Generator,0,6101.00001,6101.00001,6100.0,6101.00001
2404,SINK_M,app1,Actuator,M.Action,3,43,51,72,Generator,0,6101.00001,6101.00001,6100.0,6101.00001
2408,SINK_M,app1,Actuator,M.Action,7,47,198,72,Generator,0,6101.00001,6101.00001,6100.0,6101.00001
2410,SINK_M,app1,Actuator,M.Action,9,49,89,72,Generator,0,6101.00001,6101.00001,6100.0,6101.00001
2417,SINK_M,app1,Actuator,M.Action,16,56,128,72,Generator,0,6101.00001,6101.00001,6100.0,6101.00001
2421,SINK_M,app1,Actuator,M.Action,20,60,168,72,Generator,0,6101.00001,6101.00001,6100.0,6101.00001
2424,SINK_M,app1,Actuator,M.Action,23,63,228,72,Generator,0,6101.00001,6101.00001,6100.0,6101.00001
2402,SINK_M,app1,Actuator,M.Action,1,41,0,72,Generator,0,6102.0000199999995,6102.0000199999995,6100.0,6102.0000199999995
2405,SINK_M,app1,Actuator,M.Action,4,44,317,72,Generator,0,6102.0000199999995,6102.0000199999995,6100.0,6102.0000199999995
2407,SINK_M,app1,Actuator,M.Action,6,46,51,72,Generator,0,6102.0000199999995,6102.0000199999995,6100.0,6102.0000199999995
2413,SINK_M,app1,Actuator,M.Action,12,52,198,72,Generator,0,6102.0000199999995,6102.0000199999995,6100.0,6102.0000199999995
2414,SINK_M,app1,Actuator,M.Action,13,53,89,72,Generator,0,6102.0000199999995,6102.0000199999995,6100.0,6102.0000199999995
2427,SINK_M,app1,Actuator,M.Action,26,66,168,72,Generator,0,6102.0000199999995,6102.0000199999995,6100.0,6102.0000199999995
2406,SINK_M,app1,Actuator,M.Action,5,45,0,72,Generator,0,6103.000029999999,6103.000029999999,6100.0,6103.000029999999
2409,SINK_M,app1,Actuator,M.Action,8,48,51,72,Generator,0,6103.000029999999,6103.000029999999,6100.0,6103.000029999999
2415,SINK_M,app1,Actuator,M.Action,14,54,89,72,Generator,0,6103.000029999999,6103.000029999999,6100.0,6103.000029999999
2418,SINK_M,app1,Actuator,M.Action,17,57,317,72,Generator,0,6103.000029999999,6103.000029999999,6100.0,6103.000029999999
2423,SINK_M,app1,Actuator,M.Action,22,62,198,72,Generator,0,6103.000029999999,6103.000029999999,6100.0,6103.000029999999
2433,SINK_M,app1,Actuator,M.Action,32,72,168,72,Generator,0,6103.000029999999,6103.000029999999,6100.0,6103.000029999999
2411,SINK_M,app1,Actuator,M.Action,10,50,0,72,Generator,0,6104.000039999999,6104.000039999999,6100.0,6104.000039999999
2419,SINK_M,app1,Actuator,M.Action,18,58,89,72,Generator,0,6104.000039999999,6104.000039999999,6100.0,6104.000039999999
2420,SINK_M,app1,Actuator,M.Action,19,59,51,72,Generator,0,6104.000039999999,6104.000039999999,6100.0,6104.000039999999
2422,SINK_M,app1,Actuator,M.Action,21,61,317,72,Generator,0,6104.000039999999,6104.000039999999,6100.0,6104.000039999999
2428,SINK_M,app1,Actuator,M.Action,27,67,198,72,Generator,0,6104.000039999999,6104.000039999999,6100.0,6104.000039999999
2437,SINK_M,app1,Actuator,M.Action,36,76,168,72,Generator,0,6104.000039999999,6104.000039999999,6100.0,6104.000039999999
2412,SINK_M,app1,Actuator,M.Action,11,51,0,72,Generator,0,6105.000049999999,6105.000049999999,6100.0,6105.000049999999
2425,SINK_M,app1,Actuator,M.Action,24,64,89,72,Generator,0,6105.000049999999,6105.000049999999,6100.0,6105.000049999999
2429,SINK_M,app1,Actuator,M.Action,28,68,198,72,Generator,0,6105.000049999999,6105.000049999999,6100.0,6105.000049999999
2432,SINK_M,app1,Actuator,M.Action,31,71,51,72,Generator,0,6105.000049999999,6105.000049999999,6100.0,6105.000049999999
2434,SINK_M,app1,Actuator,M.Action,33,73,317,72,Generator,0,6105.000049999999,6105.000049999999,6100.0,6105.000049999999
2438,SINK_M,app1,Actuator,M.Action,37,77,168,72,Generator,0,6105.000049999999,6105.000049999999,6100.0,6105.000049999999
2416,SINK_M,app1,Actuator,M.Action,15,55,0,72,Generator,0,6106.0000599999985,6106.0000599999985,6100.0,6106.0000599999985
2430,SINK_M,app1,Actuator,M.Action,29,69,89,72,Generator,0,6106.0000599999985,6106.0000599999985,6100.0,6106.0000599999985
2440,SINK_M,app1,Actuator,M.Action,39,79,198,72,Generator,0,6106.0000599999985,6106.0000599999985,6100.0,6106.0000599999985
2426,SINK_M,app1,Actuator,M.Action,25,65,0,72,Generator,0,6107.000069999998,6107.000069999998,6100.0,6107.000069999998
2435,SINK_M,app1,Actuator,M.Action,34,74,89,72,Generator,0,6107.000069999998,6107.000069999998,6100.0,6107.000069999998
2431,SINK_M,app1,Actuator,M.Action,30,70,0,72,Generator,0,6108.000079999998,6108.000079999998,6100.0,6108.000079999998
2436,SINK_M,app1,Actuator,M.Action,35,75,89,72,Generator,0,6108.000079999998,6108.000079999998,6100.0,6108.000079999998
2439,SINK_M,app1,Actuator,M.Action,38,78,0,72,Generator,0,6109.000089999998,6109.000089999998,6100.0,6109.000089999998
2441,SINK_M,app1,Actuator,M.Action,0,40,0,72,Generator,0,6201.00001,6201.00001,6200.0,6201.00001
2443,SINK_M,app1,Actuator,M.Action,2,42,317,72,Generator,0,6201.00001,6201.00001,6200.0,6201.00001
2444,SINK_M,app1,Actuator,M.Action,3,43,51,72,Generator,0,6201.00001,6201.00001,6200.0,6201.00001
2448,SINK_M,app1,Actuator,M.Action,7,47,198,72,Generator,0,6201.00001,6201.00001,6200.0,6201.00001
2450,SINK_M,app1,Actuator,M.Action,9,49,89,72,Generator,0,6201.00001,6201.00001,6200.0,6201.00001
2457,SINK_M,app1,Actuator,M.Action,16,56,128,72,Generator,0,6201.00001,6201.00001,6200.0,6201.00001
2461,SINK_M,app1,Actuator,M.Action,20,60,168,72,Generator,0,6201.00001,6201.00001,6200.0,6201.00001
2464,SINK_M,app1,Actuator,M.Action,23,63,228,72,Generator,0,6201.00001,6201.00001,6200.0,6201.00001
2442,SINK_M,app1,Actuator,M.Action,1,41,0,72,Generator,0,6202.0000199999995,6202.0000199999995,6200.0,6202.0000199999995
2445,SINK_M,app1,Actuator,M.Action,4,44,317,72,Generator,0,6202.0000199999995,6202.0000199999995,6200.0,6202.0000199999995
2447,SINK_M,app1,Actuator,M.Action,6,46,51,72,Generator,0,6202.0000199999995,6202.0000199999995,6200.0,6202.0000199999995
2453,SINK_M,app1,Actuator,M.Action,12,52,198,72,Generator,0,6202.0000199999995,6202.0000199999995,6200.0,6202.0000199999995
2454,SINK_M,app1,Actuator,M.Action,13,53,89,72,Generator,0,6202.0000199999995,6202.0000199999995,6200.0,6202.0000199999995
2467,SINK_M,app1,Actuator,M.Action,26,66,168,72,Generator,0,6202.0000199999995,6202.0000199999995,6200.0,6202.0000199999995
2446,SINK_M,app1,Actuator,M.Action,5,45,0,72,Generator,0,6203.000029999999,6203.000029999999,6200.0,6203.000029999999
2449,SINK_M,app1,Actuator,M.Action,8,48,51,72,Generator,0,6203.000029999999,6203.000029999999,6200.0,6203.000029999999
2455,SINK_M,app1,Actuator,M.Action,14,54,89,72,Generator,0,6203.000029999999,6203.000029999999,6200.0,6203.000029999999
2458,SINK_M,app1,Actuator,M.Action,17,57,317,72,Generator,0,6203.000029999999,6203.000029999999,6200.0,6203.000029999999
2463,SINK_M,app1,Actuator,M.Action,22,62,198,72,Generator,0,6203.000029999999,6203.000029999999,6200.0,6203.000029999999
2473,SINK_M,app1,Actuator,M.Action,32,72,168,72,Generator,0,6203.000029999999,6203.000029999999,6200.0,6203.000029999999
2451,SINK_M,app1,Actuator,M.Action,10,50,0,72,Generator,0,6204.000039999999,6204.000039999999,6200.0,6204.000039999999
2459,SINK_M,app1,Actuator,M.Action,18,58,89,72,Generator,0,6204.000039999999,6204.000039999999,6200.0,6204.000039999999
2460,SINK_M,app1,Actuator,M.Action,19,59,51,72,Generator,0,6204.000039999999,6204.000039999999,6200.0,6204.000039999999
2462,SINK_M,app1,Actuator,M.Action,21,61,317,72,Generator,0,6204.000039999999,6204.000039999999,6200.0,6204.000039999999
2468,SINK_M,app1,Actuator,M.Action,27,67,198,72,Generator,0,6204.000039999999,6204.000039999999,6200.0,6204.000039999999
2477,SINK_M,app1,Actuator,M.Action,36,76,168,72,Generator,0,6204.000039999999,6204.000039999999,6200.0,6204.000039999999
2452,SINK_M,app1,Actuator,M.Action,11,51,0,72,Generator,0,6205.000049999999,6205.000049999999,6200.0,6205.000049999999
2465,SINK_M,app1,Actuator,M.Action,24,64,89,72,Generator,0,6205.000049999999,6205.000049999999,6200.0,6205.000049999999
2469,SINK_M,app1,Actuator,M.Action,28,68,198,72,Generator,0,6205.000049999999,6205.000049999999,6200.0,6205.000049999999
2472,SINK_M,app1,Actuator,M.Action,31,71,51,72,Generator,0,6205.000049999999,6205.000049999999,6200.0,6205.000049999999
2474,SINK_M,app1,Actuator,M.Action,33,73,317,72,Generator,0,6205.000049999999,6205.000049999999,6200.0,6205.000049999999
2478,SINK_M,app1,Actuator,M.Action,37,77,168,72,Generator,0,6205.000049999999,6205.000049999999,6200.0,6205.000049999999
2456,SINK_M,app1,Actuator,M.Action,15,55,0,72,Generator,0,6206.0000599999985,6206.0000599999985,6200.0,6206.0000599999985
2470,SINK_M,app1,Actuator,M.Action,29,69,89,72,Generator,0,6206.0000599999985,6206.0000599999985,6200.0,6206.0000599999985
2480,SINK_M,app1,Actuator,M.Action,39,79,198,72,Generator,0,6206.0000599999985,6206.0000599999985,6200.0,6206.0000599999985
2466,SINK_M,app1,Actuator,M.Action,25,65,0,72,Generator,0,6207.000069999998,6207.000069999998,6200.0,6207.000069999998
2475,SINK_M,app1,Actuator,M.Action,34,74,89,72,Generator,0,6207.000069999998,6207.000069999998,6200.0,6207.000069999998
2471,SINK_M,app1,Actuator,M.Action,30,70,0,72,Generator,0,6208.000079999998,6208.000079999998,6200.0,6208.000079999998
2476,SINK_M,app1,Actuator,M.Action,35,75,89,72,Generator,0,6208.000079999998,6208.000079999998,6200.0,6208.000079999998
2479,SINK_M,app1,Actuator,M.Action,38,78,0,72,Generator,0,6209.000089999998,6209.000089999998,6200.0,6209.000089999998
2481,SINK_M,app1,Actuator,M.Action,0,40,0,72,Generator,0,6301.00001,6301.00001,6300.0,6301.00001
2483,SINK_M,app1,Actuator,M.Action,2,42,317,72,Generator,0,6301.00001,6301.00001,6300.0,6301.00001
2484,SINK_M,app1,Actuator,M.Action,3,43,51,72,Generator,0,6301.00001,6301.00001,6300.0,6301.00001
2488,SINK_M,app1,Actuator,M.Action,7,47,198,72,Generator,0,6301.00001,6301.00001,6300.0,6301.00001
2490,SINK_M,app1,Actuator,M.Action,9,49,89,72,Generator,0,6301.00001,6301.00001,6300.0,6301.00001
2497,SINK_M,app1,Actuator,M.Action,16,56,128,72,Generator,0,6301.00001,6301.00001,6300.0,6301.00001
2501,SINK_M,app1,Actuator,M.Action,20,60,168,72,Generator,0,6301.00001,6301.00001,6300.0,6301.00001
2504,SINK_M,app1,Actuator,M.Action,23,63,228,72,Generator,0,6301.00001,6301.00001,6300.0,6301.00001
2482,SINK_M,app1,Actuator,M.Action,1,41,0,72,Generator,0,6302.0000199999995,6302.0000199999995,6300.0,6302.0000199999995
2485,SINK_M,app1,Actuator,M.Action,4,44,317,72,Generator,0,6302.0000199999995,6302.0000199999995,6300.0,6302.0000199999995
2487,SINK_M,app1,Actuator,M.Action,6,46,51,72,Generator,0,6302.0000199999995,6302.0000199999995,6300.0,6302.0000199999995
2493,SINK_M,app1,Actuator,M.Action,12,52,198,72,Generator,0,6302.0000199999995,6302.0000199999995,6300.0,6302.0000199999995
2494,SINK_M,app1,Actuator,M.Action,13,53,89,72,Generator,0,6302.0000199999995,6302.0000199999995,6300.0,6302.0000199999995
2507,SINK_M,app1,Actuator,M.Action,26,66,168,72,Generator,0,6302.0000199999995,6302.0000199999995,6300.0,6302.0000199999995
2486,SINK_M,app1,Actuator,M.Action,5,45,0,72,Generator,0,6303.000029999999,6303.000029999999,6300.0,6303.000029999999
2489,SINK_M,app1,Actuator,M.Action,8,48,51,72,Generator,0,6303.000029999999,6303.000029999999,6300.0,6303.000029999999
2495,SINK_M,app1,Actuator,M.Action,14,54,89,72,Generator,0,6303.000029999999,6303.000029999999,6300.0,6303.000029999999
2498,SINK_M,app1,Actuator,M.Action,17,57,317,72,Generator,0,6303.000029999999,6303.000029999999,6300.0,6303.000029999999
2503,SINK_M,app1,Actuator,M.Action,22,62,198,72,Generator,0,6303.000029999999,6303.000029999999,6300.0,6303.000029999999
2513,SINK_M,app1,Actuator,M.Action,32,72,168,72,Generator,0,6303.000029999999,6303.000029999999,6300.0,6303.000029999999
2491,SINK_M,app1,Actuator,M.Action,10,50,0,72,Generator,0,6304.000039999999,6304.000039999999,6300.0,6304.000039999999
2499,SINK_M,app1,Actuator,M.Action,18,58,89,72,Generator,0,6304.000039999999,6304.000039999999,6300.0,6304.000039999999
2500,SINK_M,app1,Actuator,M.Action,19,59,51,72,Generator,0,6304.000039999999,6304.000039999999,6300.0,6304.000039999999
2502,SINK_M,app1,Actuator,M.Action,21,61,317,72,Generator,0,6304.000039999999,6304.000039999999,6300.0,6304.000039999999
2508,SINK_M,app1,Actuator,M.Action,27,67,198,72,Generator,0,6304.000039999999,6304.000039999999,6300.0,6304.000039999999
2517,SINK_M,app1,Actuator,M.Action,36,76,168,72,Generator,0,6304.000039999999,6304.000039999999,6300.0,6304.000039999999
2492,SINK_M,app1,Actuator,M.Action,11,51,0,72,Generator,0,6305.000049999999,6305.000049999999,6300.0,6305.000049999999
2505,SINK_M,app1,Actuator,M.Action,24,64,89,72,Generator,0,6305.000049999999,6305.000049999999,6300.0,6305.000049999999
2509,SINK_M,app1,Actuator,M.Action,28,68,198,72,Generator,0,6305.000049999999,6305.000049999999,6300.0,6305.000049999999
2512,SINK_M,app1,Actuator,M.Action,31,71,51,72,Generator,0,6305.000049999999,6305.000049999999,6300.0,6305.000049999999
2514,SINK_M,app1,Actuator,M.Action,33,73,317,72,Generator,0,6305.000049999999,6305.000049999999,6300.0,6305.000049999999
2518,SINK_M,app1,Actuator,M.Action,37,77,168,72,Generator,0,6305.000049999999,6305.000049999999,6300.0,6305.000049999999
2496,SINK_M,app1,Actuator,M.Action,15,55,0,72,Generator,0,6306.0000599999985,6306.0000599999985,6300.0,6306.0000599999985
2510,SINK_M,app1,Actuator,M.Action,29,69,89,72,Generator,0,6306.0000599999985,6306.0000599999985,6300.0,6306.0000599999985
2520,SINK_M,app1,Actuator,M.Action,39,79,198,72,Generator,0,6306.0000599999985,6306.0000599999985,6300.0,6306.0000599999985
2506,SINK_M,app1,Actuator,M.Action,25,65,0,72,Generator,0,6307.000069999998,6307.000069999998,6300.0,6307.000069999998
2515,SINK_M,app1,Actuator,M.Action,34,74,89,72,Generator,0,6307.000069999998,6307.000069999998,6300.0,6307.000069999998
2511,SINK_M,app1,Actuator,M.Action,30,70,0,72,Generator,0,6308.000079999998,6308.000079999998,6300.0,6308.000079999998
2516,SINK_M,app1,Actuator,M.Action,35,75,89,72,Generator,0,6308.000079999998,6308.000079999998,6300.0,6308.000079999998
2519,SINK_M,app1,Actuator,M.Action,38,78,0,72,Generator,0,6309.000089999998,6309.000089999998,6300.0,6309.000089999998
2521,SINK_M,app1,Actuator,M.Action,0,40,0,72,Generator,0,6401.00001,6401.00001,6400.0,6401.00001
2523,SINK_M,app1,Actuator,M.Action,2,42,317,72,Generator,0,6401.00001,6401.00001,6400.0,6401.00001
2524,SINK_M,app1,Actuator,M.Action,3,43,51,72,Generator,0,6401.00001,6401.00001,6400.0,6401.00001
2528,SINK_M,app1,Actuator,M.Action,7,47,198,72,Generator,0,6401.00001,6401.00001,6400.0,6401.00001
2530,SINK_M,app1,Actuator,M.Action,9,49,89,72,Generator,0,6401.00001,6401.00001,6400.0,6401.00001
2537,SINK_M,app1,Actuator,M.Action,16,56,128,72,Generator,0,6401.00001,6401.00001,6400.0,6401.00001
2541,SINK_M,app1,Actuator,M.Action,20,60,168,72,Generator,0,6401.00001,6401.00001,6400.0,6401.00001
2544,SINK_M,app1,Actuator,M.Action,23,63,228,72,Generator,0,6401.00001,6401.00001,6400.0,6401.00001
2522,SINK_M,app1,Actuator,M.Action,1,41,0,72,Generator,0,6402.0000199999995,6402.0000199999995,6400.0,6402.0000199999995
2525,SINK_M,app1,Actuator,M.Action,4,44,317,72,Generator,0,6402.0000199999995,6402.0000199999995,6400.0,6402.0000199999995
2527,SINK_M,app1,Actuator,M.Action,6,46,51,72,Generator,0,6402.0000199999995,6402.0000199999995,6400.0,6402.0000199999995
2533,SINK_M,app1,Actuator,M.Action,12,52,198,72,Generator,0,6402.0000199999995,6402.0000199999995,6400.0,6402.0000199999995
2534,SINK_M,app1,Actuator,M.Action,13,53,89,72,Generator,0,6402.0000199999995,6402.0000199999995,6400.0,6402.0000199999995
2547,SINK_M,app1,Actuator,M.Action,26,66,168,72,Generator,0,6402.0000199999995,6402.0000199999995,6400.0,6402.0000199999995
2526,SINK_M,app1,Actuator,M.Action,5,45,0,72,Generator,0,6403.000029999999,6403.000029999999,6400.0,6403.000029999999
2529,SINK_M,app1,Actuator,M.Action,8,48,51,72,Generator,0,6403.000029999999,6403.000029999999,6400.0,6403.000029999999
2535,SINK_M,app1,Actuator,M.Action,14,54,89,72,Generator,0,6403.000029999999,6403.000029999999,6400.0,6403.000029999999
2538,SINK_M,app1,Actuator,M.Action,17,57,317,72,Generator,0,6403.000029999999,6403.000029999999,6400.0,6403.000029999999
2543,SINK_M,app1,Actuator,M.Action,22,62,198,72,Generator,0,6403.000029999999,6403.000029999999,6400.0,6403.000029999999
2553,SINK_M,app1,Actuator,M.Action,32,72,168,72,Generator,0,6403.000029999999,6403.000029999999,6400.0,6403.000029999999
2531,SINK_M,app1,Actuator,M.Action,10,50,0,72,Generator,0,6404.000039999999,6404.000039999999,6400.0,6404.000039999999
2539,SINK_M,app1,Actuator,M.Action,18,58,89,72,Generator,0,6404.000039999999,6404.000039999999,6400.0,6404.000039999999
2540,SINK_M,app1,Actuator,M.Action,19,59,51,72,Generator,0,6404.000039999999,6404.000039999999,6400.0,6404.000039999999
2542,SINK_M,app1,Actuator,M.Action,21,61,317,72,Generator,0,6404.000039999999,6404.000039999999,6400.0,6404.000039999999
2548,SINK_M,app1,Actuator,M.Action,27,67,198,72,Generator,0,6404.000039999999,6404.000039999999,6400.0,6404.000039999999
2557,SINK_M,app1,Actuator,M.Action,36,76,168,72,Generator,0,6404.000039999999,6404.000039999999,6400.0,6404.000039999999
2532,SINK_M,app1,Actuator,M.Action,11,51,0,72,Generator,0,6405.000049999999,6405.000049999999,6400.0,6405.000049999999
2545,SINK_M,app1,Actuator,M.Action,24,64,89,72,Generator,0,6405.000049999999,6405.000049999999,6400.0,6405.000049999999
2549,SINK_M,app1,Actuator,M.Action,28,68,198,72,Generator,0,6405.000049999999,6405.000049999999,6400.0,6405.000049999999
2552,SINK_M,app1,Actuator,M.Action,31,71,51,72,Generator,0,6405.000049999999,6405.000049999999,6400.0,6405.000049999999
2554,SINK_M,app1,Actuator,M.Action,33,73,317,72,Generator,0,6405.000049999999,6405.000049999999,6400.0,6405.000049999999
2558,SINK_M,app1,Actuator,M.Action,37,77,168,72,Generator,0,6405.000049999999,6405.000049999999,6400.0,6405.000049999999
2536,SINK_M,app1,Actuator,M.Action,15,55,0,72,Generator,0,6406.0000599999985,6406.0000599999985,6400.0,6406.0000599999985
2550,SINK_M,app1,Actuator,M.Action,29,69,89,72,Generator,0,6406.0000599999985,6406.0000599999985,6400.0,6406.0000599999985
2560,SINK_M,app1,Actuator,M.Action,39,79,198,72,Generator,0,6406.0000599999985,6406.0000599999985,6400.0,6406.0000599999985
2546,SINK_M,app1,Actuator,M.Action,25,65,0,72,Generator,0,6407.000069999998,6407.000069999998,6400.0,6407.000069999998
2555,SINK_M,app1,Actuator,M.Action,34,74,89,72,Generator,0,6407.000069999998,6407.000069999998,6400.0,6407.000069999998
2551,SINK_M,app1,Actuator,M.Action,30,70,0,72,Generator,0,6408.000079999998,6408.000079999998,6400.0,6408.000079999998
2556,SINK_M,app1,Actuator,M.Action,35,75,89,72,Generator,0,6408.000079999998,6408.000079999998,6400.0,6408.000079999998
2559,SINK_M,app1,Actuator,M.Action,38,78,0,72,Generator,0,6409.000089999998,6409.000089999998,6400.0,6409.000089999998
2561,SINK_M,app1,Actuator,M.Action,0,40,0,72,Generator,0,6501.00001,6501.00001,6500.0,6501.00001
2563,SINK_M,app1,Actuator,M.Action,2,42,317,72,Generator,0,6501.00001,6501.00001,6500.0,6501.00001
2564,SINK_M,app1,Actuator,M.Action,3,43,51,72,Generator,0,6501.00001,6501.00001,6500.0,6501.00001
2568,SINK_M,app1,Actuator,M.Action,7,47,198,72,Generator,0,6501.00001,6501.00001,6500.0,6501.00001
2570,SINK_M,app1,Actuator,M.Action,9,49,89,72,Generator,0,6501.00001,6501.00001,6500.0,6501.00001
2577,SINK_M,app1,Actuator,M.Action,16,56,128,72,Generator,0,6501.00001,6501.00001,6500.0,6501.00001
2581,SINK_M,app1,Actuator,M.Action,20,60,168,72,Generator,0,6501.00001,6501.00001,6500.0,6501.00001
2584,SINK_M,app1,Actuator,M.Action,23,63,228,72,Generator,0,6501.00001,6501.00001,6500.0,6501.00001
2562,SINK_M,app1,Actuator,M.Action,1,41,0,72,Generator,0,6502.0000199999995,6502.0000199999995,6500.0,6502.0000199999995
2565,SINK_M,app1,Actuator,M.Action,4,44,317,72,Generator,0,6502.0000199999995,6502.0000199999995,6500.0,6502.0000199999995
2567,SINK_M,app1,Actuator,M.Action,6,46,51,72,Generator,0,6502.0000199999995,6502.0000199999995,6500.0,6502.0000199999995
2573,SINK_M,app1,Actuator,M.Action,12,52,198,72,Generator,0,6502.0000199999995,6502.0000199999995,6500.0,6502.0000199999995
2574,SINK_M,app1,Actuator,M.Action,13,53,89,72,Generator,0,6502.0000199999995,6502.0000199999995,6500.0,6502.0000199999995
2587,SINK_M,app1,Actuator,M.Action,26,66,168,72,Generator,0,6502.0000199999995,6502.0000199999995,6500.0,6502.0000199999995
2566,SINK_M,app1,Actuator,M.Action,5,45,0,72,Generator,0,6503.000029999999,6503.000029999999,6500.0,6503.000029999999
2569,SINK_M,app1,Actuator,M.Action,8,48,51,72,Generator,0,6503.000029999999,6503.000029999999,6500.0,6503.000029999999
2575,SINK_M,app1,Actuator,M.Action,14,54,89,72,Generator,0,6503.000029999999,6503.000029999999,6500.0,6503.000029999999
2578,SINK_M,app1,Actuator,M.Action,17,57,317,72,Generator,0,6503.000029999999,6503.000029999999,6500.0,6503.000029999999
2583,SINK_M,app1,Actuator,M.Action,22,62,198,72,Generator,0,6503.000029999999,6503.000029999999,6500.0,6503.000029999999
2593,SINK_M,app1,Actuator,M.Action,32,72,168,72,Generator,0,6503.000029999999,6503.000029999999,6500.0,6503.000029999999
2571,SINK_M,app1,Actuator,M.Action,10,50,0,72,Generator,0,6504.000039999999,6504.000039999999,6500.0,6504.000039999999
2579,SINK_M,app1,Actuator,M.Action,18,58,89,72,Generator,0,6504.000039999999,6504.000039999999,6500.0,6504.000039999999
2580,SINK_M,app1,Actuator,M.Action,19,59,51,72,Generator,0,6504.000039999999,6504.000039999999,6500.0,6504.000039999999
2582,SINK_M,app1,Actuator,M.Action,21,61,317,72,Generator,0,6504.000039999999,6504.000039999999,6500.0,6504.000039999999
2588,SINK_M,app1,Actuator,M.Action,27,67,198,72,Generator,0,6504.000039999999,6504.000039999999,6500.0,6504.000039999999
2597,SINK_M,app1,Actuator,M.Action,36,76,168,72,Generator,0,6504.000039999999,6504.000039999999,6500.0,6504.000039999999
2572,SINK_M,app1,Actuator,M.Action,11,51,0,72,Generator,0,6505.000049999999,6505.000049999999,6500.0,6505.000049999999
2585,SINK_M,app1,Actuator,M.Action,24,64,89,72,Generator,0,6505.000049999999,6505.000049999999,6500.0,6505.000049999999
2589,SINK_M,app1,Actuator,M.Action,28,68,198,72,Generator,0,6505.000049999999,6505.000049999999,6500.0,6505.000049999999
2592,SINK_M,app1,Actuator,M.Action,31,71,51,72,Generator,0,6505.000049999999,6505.000049999999,6500.0,6505.000049999999
2594,SINK_M,app1,Actuator,M.Action,33,73,317,72,Generator,0,6505.000049999999,6505.000049999999,6500.0,6505.000049999999
2598,SINK_M,app1,Actuator,M.Action,37,77,168,72,Generator,0,6505.000049999999,6505.000049999999,6500.0,6505.000049999999
2576,SINK_M,app1,Actuator,M.Action,15,55,0,72,Generator,0,6506.0000599999985,6506.0000599999985,6500.0,6506.0000599999985
2590,SINK_M,app1,Actuator,M.Action,29,69,89,72,Generator,0,6506.0000599999985,6506.0000599999985,6500.0,6506.0000599999985
2600,SINK_M,app1,Actuator,M.Action,39,79,198,72,Generator,0,6506.0000599999985,6506.0000599999985,6500.0,6506.0000599999985
2586,SINK_M,app1,Actuator,M.Action,25,65,0,72,Generator,0,6507.000069999998,6507.000069999998,6500.0,6507.000069999998
2595,SINK_M,app1,Actuator,M.Action,34,74,89,72,Generator,0,6507.000069999998,6507.000069999998,6500.0,6507.000069999998
2591,SINK_M,app1,Actuator,M.Action,30,70,0,72,Generator,0,6508.000079999998,6508.000079999998,6500.0,6508.000079999998
2596,SINK_M,app1,Actuator,M.Action,35,75,89,72,Generator,0,6508.000079999998,6508.000079999998,6500.0,6508.000079999998
2599,SINK_M,app1,Actuator,M.Action,38,78,0,72,Generator,0,6509.000089999998,6509.000089999998,6500.0,6509.000089999998
2601,SINK_M,app1,Actuator,M.Action,0,40,0,72,Generator,0,6601.00001,6601.00001,6600.0,6601.00001
2603,SINK_M,app1,Actuator,M.Action,2,42,317,72,Generator,0,6601.00001,6601.00001,6600.0,6601.00001
2604,SINK_M,app1,Actuator,M.Action,3,43,51,72,Generator,0,6601.00001,6601.00001,6600.0,6601.00001
2608,SINK_M,app1,Actuator,M.Action,7,47,198,72,Generator,0,6601.00001,6601.00001,6600.0,6601.00001
2610,SINK_M,app1,Actuator,M.Action,9,49,89,72,Generator,0,6601.00001,6601.00001,6600.0,6601.00001
2617,SINK_M,app1,Actuator,M.Action,16,56,128,72,Generator,0,6601.00001,6601.00001,6600.0,6601.00001
2621,SINK_M,app1,Actuator,M.Action,20,60,168,72,Generator,0,6601.00001,6601.00001,6600.0,6601.00001
2624,SINK_M,app1,Actuator,M.Action,23,63,228,72,Generator,0,6601.00001,6601.00001,6600.0,6601.00001
2602,SINK_M,app1,Actuator,M.Action,1,41,0,72,Generator,0,6602.0000199999995,6602.0000199999995,6600.0,6602.0000199999995
2605,SINK_M,app1,Actuator,M.Action,4,44,317,72,Generator,0,6602.0000199999995,6602.0000199999995,6600.0,6602.0000199999995
2607,SINK_M,app1,Actuator,M.Action,6,46,51,72,Generator,0,6602.0000199999995,6602.0000199999995,6600.0,6602.0000199999995
2613,SINK_M,app1,Actuator,M.Action,12,52,198,72,Generator,0,6602.0000199999995,6602.0000199999995,6600.0,6602.0000199999995
2614,SINK_M,app1,Actuator,M.Action,13,53,89,72,Generator,0,6602.0000199999995,6602.0000199999995,6600.0,6602.0000199999995
2627,SINK_M,app1,Actuator,M.Action,26,66,168,72,Generator,0,6602.0000199999995,6602.0000199999995,6600.0,6602.0000199999995
2606,SINK_M,app1,Actuator,M.Action,5,45,0,72,Generator,0,6603.000029999999,6603.000029999999,6600.0,6603.000029999999
2609,SINK_M,app1,Actuator,M.Action,8,48,51,72,Generator,0,6603.000029999999,6603.000029999999,6600.0,6603.000029999999
2615,SINK_M,app1,Actuator,M.Action,14,54,89,72,Generator,0,6603.000029999999,6603.000029999999,6600.0,6603.000029999999
2618,SINK_M,app1,Actuator,M.Action,17,57,317,72,Generator,0,6603.000029999999,6603.000029999999,6600.0,6603.000029999999
2623,SINK_M,app1,Actuator,M.Action,22,62,198,72,Generator,0,6603.000029999999,6603.000029999999,6600.0,6603.000029999999
2633,SINK_M,app1,Actuator,M.Action,32,72,168,72,Generator,0,6603.000029999999,6603.000029999999,6600.0,6603.000029999999
2611,SINK_M,app1,Actuator,M.Action,10,50,0,72,Generator,0,6604.000039999999,6604.000039999999,6600.0,6604.000039999999
2619,SINK_M,app1,Actuator,M.Action,18,58,89,72,Generator,0,6604.000039999999,6604.000039999999,6600.0,6604.000039999999
2620,SINK_M,app1,Actuator,M.Action,19,59,51,72,Generator,0,6604.000039999999,6604.000039999999,6600.0,6604.000039999999
2622,SINK_M,app1,Actuator,M.Action,21,61,317,72,Generator,0,6604.000039999999,6604.000039999999,6600.0,6604.000039999999
2628,SINK_M,app1,Actuator,M.Action,27,67,198,72,Generator,0,6604.000039999999,6604.000039999999,6600.0,6604.000039999999
2637,SINK_M,app1,Actuator,M.Action,36,76,168,72,Generator,0,6604.000039999999,6604.000039999999,6600.0,6604.000039999999
2612,SINK_M,app1,Actuator,M.Action,11,51,0,72,Generator,0,6605.000049999999,6605.000049999999,6600.0,6605.000049999999
2625,SINK_M,app1,Actuator,M.Action,24,64,89,72,Generator,0,6605.000049999999,6605.000049999999,6600.0,6605.000049999999
2629,SINK_M,app1,Actuator,M.Action,28,68,198,72,Generator,0,6605.000049999999,6605.000049999999,6600.0,6605.000049999999
2632,SINK_M,app1,Actuator,M.Action,31,71,51,72,Generator,0,6605.000049999999,6605.000049999999,6600.0,6605.000049999999
2634,SINK_M,app1,Actuator,M.Action,33,73,317,72,Generator,0,6605.000049999999,6605.000049999999,6600.0,6605.000049999999
2638,SINK_M,app1,Actuator,M.Action,37,77,168,72,Generator,0,6605.000049999999,6605.000049999999,6600.0,6605.000049999999
2616,SINK_M,app1,Actuator,M.Action,15,55,0,72,Generator,0,6606.0000599999985,6606.0000599999985,6600.0,6606.0000599999985
2630,SINK_M,app1,Actuator,M.Action,29,69,89,72,Generator,0,6606.0000599999985,6606.0000599999985,6600.0,6606.0000599999985
2640,SINK_M,app1,Actuator,M.Action,39,79,198,72,Generator,0,6606.0000599999985,6606.0000599999985,6600.0,6606.0000599999985
2626,SINK_M,app1,Actuator,M.Action,25,65,0,72,Generator,0,6607.000069999998,6607.000069999998,6600.0,6607.000069999998
2635,SINK_M,app1,Actuator,M.Action,34,74,89,72,Generator,0,6607.000069999998,6607.000069999998,6600.0,6607.000069999998
2631,SINK_M,app1,Actuator,M.Action,30,70,0,72,Generator,0,6608.000079999998,6608.000079999998,6600.0,6608.000079999998
2636,SINK_M,app1,Actuator,M.Action,35,75,89,72,Generator,0,6608.000079999998,6608.000079999998,6600.0,6608.000079999998
2639,SINK_M,app1,Actuator,M.Action,38,78,0,72,Generator,0,6609.000089999998,6609.000089999998,6600.0,6609.000089999998
2641,SINK_M,app1,Actuator,M.Action,0,40,0,72,Generator,0,6701.00001,6701.00001,6700.0,6701.00001
2643,SINK_M,app1,Actuator,M.Action,2,42,317,72,Generator,0,6701.00001,6701.00001,6700.0,6701.00001
2644,SINK_M,app1,Actuator,M.Action,3,43,51,72,Generator,0,6701.00001,6701.00001,6700.0,6701.00001
2648,SINK_M,app1,Actuator,M.Action,7,47,198,72,Generator,0,6701.00001,6701.00001,6700.0,6701.00001
2650,SINK_M,app1,Actuator,M.Action,9,49,89,72,Generator,0,6701.00001,6701.00001,6700.0,6701.00001
2657,SINK_M,app1,Actuator,M.Action,16,56,128,72,Generator,0,6701.00001,6701.00001,6700.0,6701.00001
2661,SINK_M,app1,Actuator,M.Action,20,60,168,72,Generator,0,6701.00001,6701.00001,6700.0,6701.00001
2664,SINK_M,app1,Actuator,M.Action,23,63,228,72,Generator,0,6701.00001,6701.00001,6700.0,6701.00001
2642,SINK_M,app1,Actuator,M.Action,1,41,0,72,Generator,0,6702.0000199999995,6702.0000199999995,6700.0,6702.0000199999995
2645,SINK_M,app1,Actuator,M.Action,4,44,317,72,Generator,0,6702.0000199999995,6702.0000199999995,6700.0,6702.0000199999995
2647,SINK_M,app1,Actuator,M.Action,6,46,51,72,Generator,0,6702.0000199999995,6702.0000199999995,6700.0,6702.0000199999995
2653,SINK_M,app1,Actuator,M.Action,12,52,198,72,Generator,0,6702.0000199999995,6702.0000199999995,6700.0,6702.0000199999995
2654,SINK_M,app1,Actuator,M.Action,13,53,89,72,Generator,0,6702.0000199999995,6702.0000199999995,6700.0,6702.0000199999995
2667,SINK_M,app1,Actuator,M.Action,26,66,168,72,Generator,0,6702.0000199999995,6702.0000199999995,6700.0,6702.0000199999995
2646,SINK_M,app1,Actuator,M.Action,5,45,0,72,Generator,0,6703.000029999999,6703.000029999999,6700.0,6703.000029999999
2649,SINK_M,app1,Actuator,M.Action,8,48,51,72,Generator,0,6703.000029999999,6703.000029999999,6700.0,6703.000029999999
2655,SINK_M,app1,Actuator,M.Action,14,54,89,72,Generator,0,6703.000029999999,6703.000029999999,6700.0,6703.000029999999
2658,SINK_M,app1,Actuator,M.Action,17,57,317,72,Generator,0,6703.000029999999,6703.000029999999,6700.0,6703.000029999999
2663,SINK_M,app1,Actuator,M.Action,22,62,198,72,Generator,0,6703.000029999999,6703.000029999999,6700.0,6703.000029999999
2673,SINK_M,app1,Actuator,M.Action,32,72,168,72,Generator,0,6703.000029999999,6703.000029999999,6700.0,6703.000029999999
2651,SINK_M,app1,Actuator,M.Action,10,50,0,72,Generator,0,6704.000039999999,6704.000039999999,6700.0,6704.000039999999
2659,SINK_M,app1,Actuator,M.Action,18,58,89,72,Generator,0,6704.000039999999,6704.000039999999,6700.0,6704.000039999999
2660,SINK_M,app1,Actuator,M.Action,19,59,51,72,Generator,0,6704.000039999999,6704.000039999999,6700.0,6704.000039999999
2662,SINK_M,app1,Actuator,M.Action,21,61,317,72,Generator,0,6704.000039999999,6704.000039999999,6700.0,6704.000039999999
2668,SINK_M,app1,Actuator,M.Action,27,67,198,72,Generator,0,6704.000039999999,6704.000039999999,6700.0,6704.000039999999
2677,SINK_M,app1,Actuator,M.Action,36,76,168,72,Generator,0,6704.000039999999,6704.000039999999,6700.0,6704.000039999999
2652,SINK_M,app1,Actuator,M.Action,11,51,0,72,Generator,0,6705.000049999999,6705.000049999999,6700.0,6705.000049999999
2665,SINK_M,app1,Actuator,M.Action,24,64,89,72,Generator,0,6705.000049999999,6705.000049999999,6700.0,6705.000049999999
2669,SINK_M,app1,Actuator,M.Action,28,68,198,72,Generator,0,6705.000049999999,6705.000049999999,6700.0,6705.000049999999
2672,SINK_M,app1,Actuator,M.Action,31,71,51,72,Generator,0,6705.000049999999,6705.000049999999,6700.0,6705.000049999999
2674,SINK_M,app1,Actuator,M.Action,33,73,317,72,Generator,0,6705.000049999999,6705.000049999999,6700.0,6705.000049999999
2678,SINK_M,app1,Actuator,M.Action,37,77,168,72,Generator,0,6705.000049999999,6705.000049999999,6700.0,6705.000049999999
2656,SINK_M,app1,Actuator,M.Action,15,55,0,72,Generator,0,6706.0000599999985,6706.0000599999985,6700.0,6706.0000599999985
2670,SINK_M,app1,Actuator,M.Action,29,69,89,72,Generator,0,6706.0000599999985,6706.0000599999985,6700.0,6706.0000599999985
2680,SINK_M,app1,Actuator,M.Action,39,79,198,72,Generator,0,6706.0000599999985,6706.0000599999985,6700.0,6706.0000599999985
2666,SINK_M,app1,Actuator,M.Action,25,65,0,72,Generator,0,6707.000069999998,6707.000069999998,6700.0,6707.000069999998
2675,SINK_M,app1,Actuator,M.Action,34,74,89,72,Generator,0,6707.000069999998,6707.000069999998,6700.0,6707.000069999998
2671,SINK_M,app1,Actuator,M.Action,30,70,0,72,Generator,0,6708.000079999998,6708.000079999998,6700.0,6708.000079999998
2676,SINK_M,app1,Actuator,M.Action,35,75,89,72,Generator,0,6708.000079999998,6708.000079999998,6700.0,6708.000079999998
2679,SINK_M,app1,Actuator,M.Action,38,78,0,72,Generator,0,6709.000089999998,6709.000089999998,6700.0,6709.000089999998
2681,SINK_M,app1,Actuator,M.Action,0,40,0,72,Generator,0,6801.00001,6801.00001,6800.0,6801.00001
2683,SINK_M,app1,Actuator,M.Action,2,42,317,72,Generator,0,6801.00001,6801.00001,6800.0,6801.00001
2684,SINK_M,app1,Actuator,M.Action,3,43,51,72,Generator,0,6801.00001,6801.00001,6800.0,6801.00001
2688,SINK_M,app1,Actuator,M.Action,7,47,198,72,Generator,0,6801.00001,6801.00001,6800.0,6801.00001
2690,SINK_M,app1,Actuator,M.Action,9,49,89,72,Generator,0,6801.00001,6801.00001,6800.0,6801.00001
2697,SINK_M,app1,Actuator,M.Action,16,56,128,72,Generator,0,6801.00001,6801.00001,6800.0,6801.00001
2701,SINK_M,app1,Actuator,M.Action,20,60,168,72,Generator,0,6801.00001,6801.00001,6800.0,6801.00001
2704,SINK_M,app1,Actuator,M.Action,23,63,228,72,Generator,0,6801.00001,6801.00001,6800.0,6801.00001
2682,SINK_M,app1,Actuator,M.Action,1,41,0,72,Generator,0,6802.0000199999995,6802.0000199999995,6800.0,6802.0000199999995
2685,SINK_M,app1,Actuator,M.Action,4,44,317,72,Generator,0,6802.0000199999995,6802.0000199999995,6800.0,6802.0000199999995
2687,SINK_M,app1,Actuator,M.Action,6,46,51,72,Generator,0,6802.0000199999995,6802.0000199999995,6800.0,6802.0000199999995
2693,SINK_M,app1,Actuator,M.Action,12,52,198,72,Generator,0,6802.0000199999995,6802.0000199999995,6800.0,6802.0000199999995
2694,SINK_M,app1,Actuator,M.Action,13,53,89,72,Generator,0,6802.0000199999995,6802.0000199999995,6800.0,6802.0000199999995
2707,SINK_M,app1,Actuator,M.Action,26,66,168,72,Generator,0,6802.0000199999995,6802.0000199999995,6800.0,6802.0000199999995
2686,SINK_M,app1,Actuator,M.Action,5,45,0,72,Generator,0,6803.000029999999,6803.000029999999,6800.0,6803.000029999999
2689,SINK_M,app1,Actuator,M.Action,8,48,51,72,Generator,0,6803.000029999999,6803.000029999999,6800.0,6803.000029999999
2695,SINK_M,app1,Actuator,M.Action,14,54,89,72,Generator,0,6803.000029999999,6803.000029999999,6800.0,6803.000029999999
2698,SINK_M,app1,Actuator,M.Action,17,57,317,72,Generator,0,6803.000029999999,6803.000029999999,6800.0,6803.000029999999
2703,SINK_M,app1,Actuator,M.Action,22,62,198,72,Generator,0,6803.000029999999,6803.000029999999,6800.0,6803.000029999999
2713,SINK_M,app1,Actuator,M.Action,32,72,168,72,Generator,0,6803.000029999999,6803.000029999999,6800.0,6803.000029999999
2691,SINK_M,app1,Actuator,M.Action,10,50,0,72,Generator,0,6804.000039999999,6804.000039999999,6800.0,6804.000039999999
2699,SINK_M,app1,Actuator,M.Action,18,58,89,72,Generator,0,6804.000039999999,6804.000039999999,6800.0,6804.000039999999
2700,SINK_M,app1,Actuator,M.Action,19,59,51,72,Generator,0,6804.000039999999,6804.000039999999,6800.0,6804.000039999999
2702,SINK_M,app1,Actuator,M.Action,21,61,317,72,Generator,0,6804.000039999999,6804.000039999999,6800.0,6804.000039999999
2708,SINK_M,app1,Actuator,M.Action,27,67,198,72,Generator,0,6804.000039999999,6804.000039999999,6800.0,6804.000039999999
2717,SINK_M,app1,Actuator,M.Action,36,76,168,72,Generator,0,6804.000039999999,6804.000039999999,6800.0,6804.000039999999
2692,SINK_M,app1,Actuator,M.Action,11,51,0,72,Generator,0,6805.000049999999,6805.000049999999,6800.0,6805.000049999999
2705,SINK_M,app1,Actuator,M.Action,24,64,89,72,Generator,0,6805.000049999999,6805.000049999999,6800.0,6805.000049999999
2709,SINK_M,app1,Actuator,M.Action,28,68,198,72,Generator,0,6805.000049999999,6805.000049999999,6800.0,6805.000049999999
2712,SINK_M,app1,Actuator,M.Action,31,71,51,72,Generator,0,6805.000049999999,6805.000049999999,6800.0,6805.000049999999
2714,SINK_M,app1,Actuator,M.Action,33,73,317,72,Generator,0,6805.000049999999,6805.000049999999,6800.0,6805.000049999999
2718,SINK_M,app1,Actuator,M.Action,37,77,168,72,Generator,0,6805.000049999999,6805.000049999999,6800.0,6805.000049999999
2696,SINK_M,app1,Actuator,M.Action,15,55,0,72,Generator,0,6806.0000599999985,6806.0000599999985,6800.0,6806.0000599999985
2710,SINK_M,app1,Actuator,M.Action,29,69,89,72,Generator,0,6806.0000599999985,6806.0000599999985,6800.0,6806.0000599999985
2720,SINK_M,app1,Actuator,M.Action,39,79,198,72,Generator,0,6806.0000599999985,6806.0000599999985,6800.0,6806.0000599999985
2706,SINK_M,app1,Actuator,M.Action,25,65,0,72,Generator,0,6807.000069999998,6807.000069999998,6800.0,6807.000069999998
2715,SINK_M,app1,Actuator,M.Action,34,74,89,72,Generator,0,6807.000069999998,6807.000069999998,6800.0,6807.000069999998
2711,SINK_M,app1,Actuator,M.Action,30,70,0,72,Generator,0,6808.000079999998,6808.000079999998,6800.0,6808.000079999998
2716,SINK_M,app1,Actuator,M.Action,35,75,89,72,Generator,0,6808.000079999998,6808.000079999998,6800.0,6808.000079999998
2719,SINK_M,app1,Actuator,M.Action,38,78,0,72,Generator,0,6809.000089999998,6809.000089999998,6800.0,6809.000089999998
2721,SINK_M,app1,Actuator,M.Action,0,40,0,72,Generator,0,6901.00001,6901.00001,6900.0,6901.00001
2723,SINK_M,app1,Actuator,M.Action,2,42,317,72,Generator,0,6901.00001,6901.00001,6900.0,6901.00001
2724,SINK_M,app1,Actuator,M.Action,3,43,51,72,Generator,0,6901.00001,6901.00001,6900.0,6901.00001
2728,SINK_M,app1,Actuator,M.Action,7,47,198,72,Generator,0,6901.00001,6901.00001,6900.0,6901.00001
2730,SINK_M,app1,Actuator,M.Action,9,49,89,72,Generator,0,6901.00001,6901.00001,6900.0,6901.00001
2737,SINK_M,app1,Actuator,M.Action,16,56,128,72,Generator,0,6901.00001,6901.00001,6900.0,6901.00001
2741,SINK_M,app1,Actuator,M.Action,20,60,168,72,Generator,0,6901.00001,6901.00001,6900.0,6901.00001
2744,SINK_M,app1,Actuator,M.Action,23,63,228,72,Generator,0,6901.00001,6901.00001,6900.0,6901.00001
2722,SINK_M,app1,Actuator,M.Action,1,41,0,72,Generator,0,6902.0000199999995,6902.0000199999995,6900.0,6902.0000199999995
2725,SINK_M,app1,Actuator,M.Action,4,44,317,72,Generator,0,6902.0000199999995,6902.0000199999995,6900.0,6902.0000199999995
2727,SINK_M,app1,Actuator,M.Action,6,46,51,72,Generator,0,6902.0000199999995,6902.0000199999995,6900.0,6902.0000199999995
2733,SINK_M,app1,Actuator,M.Action,12,52,198,72,Generator,0,6902.0000199999995,6902.0000199999995,6900.0,6902.0000199999995
2734,SINK_M,app1,Actuator,M.Action,13,53,89,72,Generator,0,6902.0000199999995,6902.0000199999995,6900.0,6902.0000199999995
2747,SINK_M,app1,Actuator,M.Action,26,66,168,72,Generator,0,6902.0000199999995,6902.0000199999995,6900.0,6902.0000199999995
2726,SINK_M,app1,Actuator,M.Action,5,45,0,72,Generator,0,6903.000029999999,6903.000029999999,6900.0,6903.000029999999
2729,SINK_M,app1,Actuator,M.Action,8,48,51,72,Generator,0,6903.000029999999,6903.000029999999,6900.0,6903.000029999999
2735,SINK_M,app1,Actuator,M.Action,14,54,89,72,Generator,0,6903.000029999999,6903.000029999999,6900.0,6903.000029999999
2738,SINK_M,app1,Actuator,M.Action,17,57,317,72,Generator,0,6903.000029999999,6903.000029999999,6900.0,6903.000029999999
2743,SINK_M,app1,Actuator,M.Action,22,62,198,72,Generator,0,6903.000029999999,6903.000029999999,6900.0,6903.000029999999
2753,SINK_M,app1,Actuator,M.Action,32,72,168,72,Generator,0,6903.000029999999,6903.000029999999,6900.0,6903.000029999999
2731,SINK_M,app1,Actuator,M.Action,10,50,0,72,Generator,0,6904.000039999999,6904.000039999999,6900.0,6904.000039999999
2739,SINK_M,app1,Actuator,M.Action,18,58,89,72,Generator,0,6904.000039999999,6904.000039999999,6900.0,6904.000039999999
2740,SINK_M,app1,Actuator,M.Action,19,59,51,72,Generator,0,6904.000039999999,6904.000039999999,6900.0,6904.000039999999
2742,SINK_M,app1,Actuator,M.Action,21,61,317,72,Generator,0,6904.000039999999,6904.000039999999,6900.0,6904.000039999999
2748,SINK_M,app1,Actuator,M.Action,27,67,198,72,Generator,0,6904.000039999999,6904.000039999999,6900.0,6904.000039999999
2757,SINK_M,app1,Actuator,M.Action,36,76,168,72,Generator,0,6904.000039999999,6904.000039999999,6900.0,6904.000039999999
2732,SINK_M,app1,Actuator,M.Action,11,51,0,72,Generator,0,6905.000049999999,6905.000049999999,6900.0,6905.000049999999
2745,SINK_M,app1,Actuator,M.Action,24,64,89,72,Generator,0,6905.000049999999,6905.000049999999,6900.0,6905.000049999999
2749,SINK_M,app1,Actuator,M.Action,28,68,198,72,Generator,0,6905.000049999999,6905.000049999999,6900.0,6905.000049999999
2752,SINK_M,app1,Actuator,M.Action,31,71,51,72,Generator,0,6905.000049999999,6905.000049999999,6900.0,6905.000049999999
2754,SINK_M,app1,Actuator,M.Action,33,73,317,72,Generator,0,6905.000049999999,6905.000049999999,6900.0,6905.000049999999
2758,SINK_M,app1,Actuator,M.Action,37,77,168,72,Generator,0,6905.000049999999,6905.000049999999,6900.0,6905.000049999999
2736,SINK_M,app1,Actuator,M.Action,15,55,0,72,Generator,0,6906.0000599999985,6906.0000599999985,6900.0,6906.0000599999985
2750,SINK_M,app1,Actuator,M.Action,29,69,89,72,Generator,0,6906.0000599999985,6906.0000599999985,6900.0,6906.0000599999985
2760,SINK_M,app1,Actuator,M.Action,39,79,198,72,Generator,0,6906.0000599999985,6906.0000599999985,6900.0,6906.0000599999985
2746,SINK_M,app1,Actuator,M.Action,25,65,0,72,Generator,0,6907.000069999998,6907.000069999998,6900.0,6907.000069999998
2755,SINK_M,app1,Actuator,M.Action,34,74,89,72,Generator,0,6907.000069999998,6907.000069999998,6900.0,6907.000069999998
2751,SINK_M,app1,Actuator,M.Action,30,70,0,72,Generator,0,6908.000079999998,6908.000079999998,6900.0,6908.000079999998
2756,SINK_M,app1,Actuator,M.Action,35,75,89,72,Generator,0,6908.000079999998,6908.000079999998,6900.0,6908.000079999998
2759,SINK_M,app1,Actuator,M.Action,38,78,0,72,Generator,0,6909.000089999998,6909.000089999998,6900.0,6909.000089999998
2761,SINK_M,app1,Actuator,M.Action,0,40,0,72,Generator,0,7001.00001,7001.00001,7000.0,7001.00001
2763,SINK_M,app1,Actuator,M.Action,2,42,317,72,Generator,0,7001.00001,7001.00001,7000.0,7001.00001
2764,SINK_M,app1,Actuator,M.Action,3,43,51,72,Generator,0,7001.00001,7001.00001,7000.0,7001.00001
2768,SINK_M,app1,Actuator,M.Action,7,47,198,72,Generator,0,7001.00001,7001.00001,7000.0,7001.00001
2770,SINK_M,app1,Actuator,M.Action,9,49,89,72,Generator,0,7001.00001,7001.00001,7000.0,7001.00001
2777,SINK_M,app1,Actuator,M.Action,16,56,128,72,Generator,0,7001.00001,7001.00001,7000.0,7001.00001
2781,SINK_M,app1,Actuator,M.Action,20,60,168,72,Generator,0,7001.00001,7001.00001,7000.0,7001.00001
2784,SINK_M,app1,Actuator,M.Action,23,63,228,72,Generator,0,7001.00001,7001.00001,7000.0,7001.00001
2762,SINK_M,app1,Actuator,M.Action,1,41,0,72,Generator,0,7002.0000199999995,7002.0000199999995,7000.0,7002.0000199999995
2765,SINK_M,app1,Actuator,M.Action,4,44,317,72,Generator,0,7002.0000199999995,7002.0000199999995,7000.0,7002.0000199999995
2767,SINK_M,app1,Actuator,M.Action,6,46,51,72,Generator,0,7002.0000199999995,7002.0000199999995,7000.0,7002.0000199999995
2773,SINK_M,app1,Actuator,M.Action,12,52,198,72,Generator,0,7002.0000199999995,7002.0000199999995,7000.0,7002.0000199999995
2774,SINK_M,app1,Actuator,M.Action,13,53,89,72,Generator,0,7002.0000199999995,7002.0000199999995,7000.0,7002.0000199999995
2787,SINK_M,app1,Actuator,M.Action,26,66,168,72,Generator,0,7002.0000199999995,7002.0000199999995,7000.0,7002.0000199999995
2766,SINK_M,app1,Actuator,M.Action,5,45,0,72,Generator,0,7003.000029999999,7003.000029999999,7000.0,7003.000029999999
2769,SINK_M,app1,Actuator,M.Action,8,48,51,72,Generator,0,7003.000029999999,7003.000029999999,7000.0,7003.000029999999
2775,SINK_M,app1,Actuator,M.Action,14,54,89,72,Generator,0,7003.000029999999,7003.000029999999,7000.0,7003.000029999999
2778,SINK_M,app1,Actuator,M.Action,17,57,317,72,Generator,0,7003.000029999999,7003.000029999999,7000.0,7003.000029999999
2783,SINK_M,app1,Actuator,M.Action,22,62,198,72,Generator,0,7003.000029999999,7003.000029999999,7000.0,7003.000029999999
2793,SINK_M,app1,Actuator,M.Action,32,72,168,72,Generator,0,7003.000029999999,7003.000029999999,7000.0,7003.000029999999
2771,SINK_M,app1,Actuator,M.Action,10,50,0,72,Generator,0,7004.000039999999,7004.000039999999,7000.0,7004.000039999999
2779,SINK_M,app1,Actuator,M.Action,18,58,89,72,Generator,0,7004.000039999999,7004.000039999999,7000.0,7004.000039999999
2780,SINK_M,app1,Actuator,M.Action,19,59,51,72,Generator,0,7004.000039999999,7004.000039999999,7000.0,7004.000039999999
2782,SINK_M,app1,Actuator,M.Action,21,61,317,72,Generator,0,7004.000039999999,7004.000039999999,7000.0,7004.000039999999
2788,SINK_M,app1,Actuator,M.Action,27,67,198,72,Generator,0,7004.000039999999,7004.000039999999,7000.0,7004.000039999999
2797,SINK_M,app1,Actuator,M.Action,36,76,168,72,Generator,0,7004.000039999999,7004.000039999999,7000.0,7004.000039999999
2772,SINK_M,app1,Actuator,M.Action,11,51,0,72,Generator,0,7005.000049999999,7005.000049999999,7000.0,7005.000049999999
2785,SINK_M,app1,Actuator,M.Action,24,64,89,72,Generator,0,7005.000049999999,7005.000049999999,7000.0,7005.000049999999
2789,SINK_M,app1,Actuator,M.Action,28,68,198,72,Generator,0,7005.000049999999,7005.000049999999,7000.0,7005.000049999999
2792,SINK_M,app1,Actuator,M.Action,31,71,51,72,Generator,0,7005.000049999999,7005.000049999999,7000.0,7005.000049999999
2794,SINK_M,app1,Actuator,M.Action,33,73,317,72,Generator,0,7005.000049999999,7005.000049999999,7000.0,7005.000049999999
2798,SINK_M,app1,Actuator,M.Action,37,77,168,72,Generator,0,7005.000049999999,7005.000049999999,7000.0,7005.000049999999
2776,SINK_M,app1,Actuator,M.Action,15,55,0,72,Generator,0,7006.0000599999985,7006.0000599999985,7000.0,7006.0000599999985
2790,SINK_M,app1,Actuator,M.Action,29,69,89,72,Generator,0,7006.0000599999985,7006.0000599999985,7000.0,7006.0000599999985
2800,SINK_M,app1,Actuator,M.Action,39,79,198,72,Generator,0,7006.0000599999985,7006.0000599999985,7000.0,7006.0000599999985
2786,SINK_M,app1,Actuator,M.Action,25,65,0,72,Generator,0,7007.000069999998,7007.000069999998,7000.0,7007.000069999998
2795,SINK_M,app1,Actuator,M.Action,34,74,89,72,Generator,0,7007.000069999998,7007.000069999998,7000.0,7007.000069999998
2791,SINK_M,app1,Actuator,M.Action,30,70,0,72,Generator,0,7008.000079999998,7008.000079999998,7000.0,7008.000079999998
2796,SINK_M,app1,Actuator,M.Action,35,75,89,72,Generator,0,7008.000079999998,7008.000079999998,7000.0,7008.000079999998
2799,SINK_M,app1,Actuator,M.Action,38,78,0,72,Generator,0,7009.000089999998,7009.000089999998,7000.0,7009.000089999998
2801,SINK_M,app1,Actuator,M.Action,0,40,0,72,Generator,0,7101.00001,7101.00001,7100.0,7101.00001
2803,SINK_M,app1,Actuator,M.Action,2,42,317,72,Generator,0,7101.00001,7101.00001,7100.0,7101.00001
2804,SINK_M,app1,Actuator,M.Action,3,43,51,72,Generator,0,7101.00001,7101.00001,7100.0,7101.00001
2808,SINK_M,app1,Actuator,M.Action,7,47,198,72,Generator,0,7101.00001,7101.00001,7100.0,7101.00001
2810,SINK_M,app1,Actuator,M.Action,9,49,89,72,Generator,0,7101.00001,7101.00001,7100.0,7101.00001
2817,SINK_M,app1,Actuator,M.Action,16,56,128,72,Generator,0,7101.00001,7101.00001,7100.0,7101.00001
2821,SINK_M,app1,Actuator,M.Action,20,60,168,72,Generator,0,7101.00001,7101.00001,7100.0,7101.00001
2824,SINK_M,app1,Actuator,M.Action,23,63,228,72,Generator,0,7101.00001,7101.00001,7100.0,7101.00001
2802,SINK_M,app1,Actuator,M.Action,1,41,0,72,Generator,0,7102.0000199999995,7102.0000199999995,7100.0,7102.0000199999995
2805,SINK_M,app1,Actuator,M.Action,4,44,317,72,Generator,0,7102.0000199999995,7102.0000199999995,7100.0,7102.0000199999995
2807,SINK_M,app1,Actuator,M.Action,6,46,51,72,Generator,0,7102.0000199999995,7102.0000199999995,7100.0,7102.0000199999995
2813,SINK_M,app1,Actuator,M.Action,12,52,198,72,Generator,0,7102.0000199999995,7102.0000199999995,7100.0,7102.0000199999995
2814,SINK_M,app1,Actuator,M.Action,13,53,89,72,Generator,0,7102.0000199999995,7102.0000199999995,7100.0,7102.0000199999995
2827,SINK_M,app1,Actuator,M.Action,26,66,168,72,Generator,0,7102.0000199999995,7102.0000199999995,7100.0,7102.0000199999995
2806,SINK_M,app1,Actuator,M.Action,5,45,0,72,Generator,0,7103.000029999999,7103.000029999999,7100.0,7103.000029999999
2809,SINK_M,app1,Actuator,M.Action,8,48,51,72,Generator,0,7103.000029999999,7103.000029999999,7100.0,7103.000029999999
2815,SINK_M,app1,Actuator,M.Action,14,54,89,72,Generator,0,7103.000029999999,7103.000029999999,7100.0,7103.000029999999
2818,SINK_M,app1,Actuator,M.Action,17,57,317,72,Generator,0,7103.000029999999,7103.000029999999,7100.0,7103.000029999999
2823,SINK_M,app1,Actuator,M.Action,22,62,198,72,Generator,0,7103.000029999999,7103.000029999999,7100.0,7103.000029999999
2833,SINK_M,app1,Actuator,M.Action,32,72,168,72,Generator,0,7103.000029999999,7103.000029999999,7100.0,7103.000029999999
2811,SINK_M,app1,Actuator,M.Action,10,50,0,72,Generator,0,7104.000039999999,7104.000039999999,7100.0,7104.000039999999
2819,SINK_M,app1,Actuator,M.Action,18,58,89,72,Generator,0,7104.000039999999,7104.000039999999,7100.0,7104.000039999999
2820,SINK_M,app1,Actuator,M.Action,19,59,51,72,Generator,0,7104.000039999999,7104.000039999999,7100.0,7104.000039999999
2822,SINK_M,app1,Actuator,M.Action,21,61,317,72,Generator,0,7104.000039999999,7104.000039999999,7100.0,7104.000039999999
2828,SINK_M,app1,Actuator,M.Action,27,67,198,72,Generator,0,7104.000039999999,7104.000039999999,7100.0,7104.000039999999
2837,SINK_M,app1,Actuator,M.Action,36,76,168,72,Generator,0,7104.000039999999,7104.000039999999,7100.0,7104.000039999999
2812,SINK_M,app1,Actuator,M.Action,11,51,0,72,Generator,0,7105.000049999999,7105.000049999999,7100.0,7105.000049999999
2825,SINK_M,app1,Actuator,M.Action,24,64,89,72,Generator,0,7105.000049999999,7105.000049999999,7100.0,7105.000049999999
2829,SINK_M,app1,Actuator,M.Action,28,68,198,72,Generator,0,7105.000049999999,7105.000049999999,7100.0,7105.000049999999
2832,SINK_M,app1,Actuator,M.Action,31,71,51,72,Generator,0,7105.000049999999,7105.000049999999,7100.0,7105.000049999999
2834,SINK_M,app1,Actuator,M.Action,33,73,317,72,Generator,0,7105.000049999999,7105.000049999999,7100.0,7105.000049999999
2838,SINK_M,app1,Actuator,M.Action,37,77,168,72,Generator,0,7105.000049999999,7105.000049999999,7100.0,7105.000049999999
2816,SINK_M,app1,Actuator,M.Action,15,55,0,72,Generator,0,7106.0000599999985,7106.0000599999985,7100.0,7106.0000599999985
2830,SINK_M,app1,Actuator,M.Action,29,69,89,72,Generator,0,7106.0000599999985,7106.0000599999985,7100.0,7106.0000599999985
2840,SINK_M,app1,Actuator,M.Action,39,79,198,72,Generator,0,7106.0000599999985,7106.0000599999985,7100.0,7106.0000599999985
2826,SINK_M,app1,Actuator,M.Action,25,65,0,72,Generator,0,7107.000069999998,7107.000069999998,7100.0,7107.000069999998
2835,SINK_M,app1,Actuator,M.Action,34,74,89,72,Generator,0,7107.000069999998,7107.000069999998,7100.0,7107.000069999998
2831,SINK_M,app1,Actuator,M.Action,30,70,0,72,Generator,0,7108.000079999998,7108.000079999998,7100.0,7108.000079999998
2836,SINK_M,app1,Actuator,M.Action,35,75,89,72,Generator,0,7108.000079999998,7108.000079999998,7100.0,7108.000079999998
2839,SINK_M,app1,Actuator,M.Action,38,78,0,72,Generator,0,7109.000089999998,7109.000089999998,7100.0,7109.000089999998
2841,SINK_M,app1,Actuator,M.Action,0,40,0,72,Generator,0,7201.00001,7201.00001,7200.0,7201.00001
2843,SINK_M,app1,Actuator,M.Action,2,42,317,72,Generator,0,7201.00001,7201.00001,7200.0,7201.00001
2844,SINK_M,app1,Actuator,M.Action,3,43,51,72,Generator,0,7201.00001,7201.00001,7200.0,7201.00001
2848,SINK_M,app1,Actuator,M.Action,7,47,198,72,Generator,0,7201.00001,7201.00001,7200.0,7201.00001
2850,SINK_M,app1,Actuator,M.Action,9,49,89,72,Generator,0,7201.00001,7201.00001,7200.0,7201.00001
2857,SINK_M,app1,Actuator,M.Action,16,56,128,72,Generator,0,7201.00001,7201.00001,7200.0,7201.00001
2861,SINK_M,app1,Actuator,M.Action,20,60,168,72,Generator,0,7201.00001,7201.00001,7200.0,7201.00001
2864,SINK_M,app1,Actuator,M.Action,23,63,228,72,Generator,0,7201.00001,7201.00001,7200.0,7201.00001
2842,SINK_M,app1,Actuator,M.Action,1,41,0,72,Generator,0,7202.0000199999995,7202.0000199999995,7200.0,7202.0000199999995
2845,SINK_M,app1,Actuator,M.Action,4,44,317,72,Generator,0,7202.0000199999995,7202.0000199999995,7200.0,7202.0000199999995
2847,SINK_M,app1,Actuator,M.Action,6,46,51,72,Generator,0,7202.0000199999995,7202.0000199999995,7200.0,7202.0000199999995
2853,SINK_M,app1,Actuator,M.Action,12,52,198,72,Generator,0,7202.0000199999995,7202.0000199999995,7200.0,7202.0000199999995
2854,SINK_M,app1,Actuator,M.Action,13,53,89,72,Generator,0,7202.0000199999995,7202.0000199999995,7200.0,7202.0000199999995
2867,SINK_M,app1,Actuator,M.Action,26,66,168,72,Generator,0,7202.0000199999995,7202.0000199999995,7200.0,7202.0000199999995
2846,SINK_M,app1,Actuator,M.Action,5,45,0,72,Generator,0,7203.000029999999,7203.000029999999,7200.0,7203.000029999999
2849,SINK_M,app1,Actuator,M.Action,8,48,51,72,Generator,0,7203.000029999999,7203.000029999999,7200.0,7203.000029999999
2855,SINK_M,app1,Actuator,M.Action,14,54,89,72,Generator,0,7203.000029999999,7203.000029999999,7200.0,7203.000029999999
2858,SINK_M,app1,Actuator,M.Action,17,57,317,72,Generator,0,7203.000029999999,7203.000029999999,7200.0,7203.000029999999
2863,SINK_M,app1,Actuator,M.Action,22,62,198,72,Generator,0,7203.000029999999,7203.000029999999,7200.0,7203.000029999999
2873,SINK_M,app1,Actuator,M.Action,32,72,168,72,Generator,0,7203.000029999999,7203.000029999999,7200.0,7203.000029999999
2851,SINK_M,app1,Actuator,M.Action,10,50,0,72,Generator,0,7204.000039999999,7204.000039999999,7200.0,7204.000039999999
2859,SINK_M,app1,Actuator,M.Action,18,58,89,72,Generator,0,7204.000039999999,7204.000039999999,7200.0,7204.000039999999
2860,SINK_M,app1,Actuator,M.Action,19,59,51,72,Generator,0,7204.000039999999,7204.000039999999,7200.0,7204.000039999999
2862,SINK_M,app1,Actuator,M.Action,21,61,317,72,Generator,0,7204.000039999999,7204.000039999999,7200.0,7204.000039999999
2868,SINK_M,app1,Actuator,M.Action,27,67,198,72,Generator,0,7204.000039999999,7204.000039999999,7200.0,7204.000039999999
2877,SINK_M,app1,Actuator,M.Action,36,76,168,72,Generator,0,7204.000039999999,7204.000039999999,7200.0,7204.000039999999
2852,SINK_M,app1,Actuator,M.Action,11,51,0,72,Generator,0,7205.000049999999,7205.000049999999,7200.0,7205.000049999999
2865,SINK_M,app1,Actuator,M.Action,24,64,89,72,Generator,0,7205.000049999999,7205.000049999999,7200.0,7205.000049999999
2869,SINK_M,app1,Actuator,M.Action,28,68,198,72,Generator,0,7205.000049999999,7205.000049999999,7200.0,7205.000049999999
2872,SINK_M,app1,Actuator,M.Action,31,71,51,72,Generator,0,7205.000049999999,7205.000049999999,7200.0,7205.000049999999
2874,SINK_M,app1,Actuator,M.Action,33,73,317,72,Generator,0,7205.000049999999,7205.000049999999,7200.0,7205.000049999999
2878,SINK_M,app1,Actuator,M.Action,37,77,168,72,Generator,0,7205.000049999999,7205.000049999999,7200.0,7205.000049999999
2856,SINK_M,app1,Actuator,M.Action,15,55,0,72,Generator,0,7206.0000599999985,7206.0000599999985,7200.0,7206.0000599999985
2870,SINK_M,app1,Actuator,M.Action,29,69,89,72,Generator,0,7206.0000599999985,7206.0000599999985,7200.0,7206.0000599999985
2880,SINK_M,app1,Actuator,M.Action,39,79,198,72,Generator,0,7206.0000599999985,7206.0000599999985,7200.0,7206.0000599999985
2866,SINK_M,app1,Actuator,M.Action,25,65,0,72,Generator,0,7207.000069999998,7207.000069999998,7200.0,7207.000069999998
2875,SINK_M,app1,Actuator,M.Action,34,74,89,72,Generator,0,7207.000069999998,7207.000069999998,7200.0,7207.000069999998
2871,SINK_M,app1,Actuator,M.Action,30,70,0,72,Generator,0,7208.000079999998,7208.000079999998,7200.0,7208.000079999998
2876,SINK_M,app1,Actuator,M.Action,35,75,89,72,Generator,0,7208.000079999998,7208.000079999998,7200.0,7208.000079999998
2879,SINK_M,app1,Actuator,M.Action,38,78,0,72,Generator,0,7209.000089999998,7209.000089999998,7200.0,7209.000089999998
2881,SINK_M,app1,Actuator,M.Action,0,40,0,72,Generator,0,7301.00001,7301.00001,7300.0,7301.00001
2883,SINK_M,app1,Actuator,M.Action,2,42,317,72,Generator,0,7301.00001,7301.00001,7300.0,7301.00001
2884,SINK_M,app1,Actuator,M.Action,3,43,51,72,Generator,0,7301.00001,7301.00001,7300.0,7301.00001
2888,SINK_M,app1,Actuator,M.Action,7,47,198,72,Generator,0,7301.00001,7301.00001,7300.0,7301.00001
2890,SINK_M,app1,Actuator,M.Action,9,49,89,72,Generator,0,7301.00001,7301.00001,7300.0,7301.00001
2897,SINK_M,app1,Actuator,M.Action,16,56,128,72,Generator,0,7301.00001,7301.00001,7300.0,7301.00001
2901,SINK_M,app1,Actuator,M.Action,20,60,168,72,Generator,0,7301.00001,7301.00001,7300.0,7301.00001
2904,SINK_M,app1,Actuator,M.Action,23,63,228,72,Generator,0,7301.00001,7301.00001,7300.0,7301.00001
2882,SINK_M,app1,Actuator,M.Action,1,41,0,72,Generator,0,7302.0000199999995,7302.0000199999995,7300.0,7302.0000199999995
2885,SINK_M,app1,Actuator,M.Action,4,44,317,72,Generator,0,7302.0000199999995,7302.0000199999995,7300.0,7302.0000199999995
2887,SINK_M,app1,Actuator,M.Action,6,46,51,72,Generator,0,7302.0000199999995,7302.0000199999995,7300.0,7302.0000199999995
2893,SINK_M,app1,Actuator,M.Action,12,52,198,72,Generator,0,7302.0000199999995,7302.0000199999995,7300.0,7302.0000199999995
2894,SINK_M,app1,Actuator,M.Action,13,53,89,72,Generator,0,7302.0000199999995,7302.0000199999995,7300.0,7302.0000199999995
2907,SINK_M,app1,Actuator,M.Action,26,66,168,72,Generator,0,7302.0000199999995,7302.0000199999995,7300.0,7302.0000199999995
2886,SINK_M,app1,Actuator,M.Action,5,45,0,72,Generator,0,7303.000029999999,7303.000029999999,7300.0,7303.000029999999
2889,SINK_M,app1,Actuator,M.Action,8,48,51,72,Generator,0,7303.000029999999,7303.000029999999,7300.0,7303.000029999999
2895,SINK_M,app1,Actuator,M.Action,14,54,89,72,Generator,0,7303.000029999999,7303.000029999999,7300.0,7303.000029999999
2898,SINK_M,app1,Actuator,M.Action,17,57,317,72,Generator,0,7303.000029999999,7303.000029999999,7300.0,7303.000029999999
2903,SINK_M,app1,Actuator,M.Action,22,62,198,72,Generator,0,7303.000029999999,7303.000029999999,7300.0,7303.000029999999
2913,SINK_M,app1,Actuator,M.Action,32,72,168,72,Generator,0,7303.000029999999,7303.000029999999,7300.0,7303.000029999999
2891,SINK_M,app1,Actuator,M.Action,10,50,0,72,Generator,0,7304.000039999999,7304.000039999999,7300.0,7304.000039999999
2899,SINK_M,app1,Actuator,M.Action,18,58,89,72,Generator,0,7304.000039999999,7304.000039999999,7300.0,7304.000039999999
2900,SINK_M,app1,Actuator,M.Action,19,59,51,72,Generator,0,7304.000039999999,7304.000039999999,7300.0,7304.000039999999
2902,SINK_M,app1,Actuator,M.Action,21,61,317,72,Generator,0,7304.000039999999,7304.000039999999,7300.0,7304.000039999999
2908,SINK_M,app1,Actuator,M.Action,27,67,198,72,Generator,0,7304.000039999999,7304.000039999999,7300.0,7304.000039999999
2917,SINK_M,app1,Actuator,M.Action,36,76,168,72,Generator,0,7304.000039999999,7304.000039999999,7300.0,7304.000039999999
2892,SINK_M,app1,Actuator,M.Action,11,51,0,72,Generator,0,7305.000049999999,7305.000049999999,7300.0,7305.000049999999
2905,SINK_M,app1,Actuator,M.Action,24,64,89,72,Generator,0,7305.000049999999,7305.000049999999,7300.0,7305.000049999999
2909,SINK_M,app1,Actuator,M.Action,28,68,198,72,Generator,0,7305.000049999999,7305.000049999999,7300.0,7305.000049999999
2912,SINK_M,app1,Actuator,M.Action,31,71,51,72,Generator,0,7305.000049999999,7305.000049999999,7300.0,7305.000049999999
2914,SINK_M,app1,Actuator,M.Action,33,73,317,72,Generator,0,7305.000049999999,7305.000049999999,7300.0,7305.000049999999
2918,SINK_M,app1,Actuator,M.Action,37,77,168,72,Generator,0,7305.000049999999,7305.000049999999,7300.0,7305.000049999999
2896,SINK_M,app1,Actuator,M.Action,15,55,0,72,Generator,0,7306.0000599999985,7306.0000599999985,7300.0,7306.0000599999985
2910,SINK_M,app1,Actuator,M.Action,29,69,89,72,Generator,0,7306.0000599999985,7306.0000599999985,7300.0,7306.0000599999985
2920,SINK_M,app1,Actuator,M.Action,39,79,198,72,Generator,0,7306.0000599999985,7306.0000599999985,7300.0,7306.0000599999985
2906,SINK_M,app1,Actuator,M.Action,25,65,0,72,Generator,0,7307.000069999998,7307.000069999998,7300.0,7307.000069999998
2915,SINK_M,app1,Actuator,M.Action,34,74,89,72,Generator,0,7307.000069999998,7307.000069999998,7300.0,7307.000069999998
2911,SINK_M,app1,Actuator,M.Action,30,70,0,72,Generator,0,7308.000079999998,7308.000079999998,7300.0,7308.000079999998
2916,SINK_M,app1,Actuator,M.Action,35,75,89,72,Generator,0,7308.000079999998,7308.000079999998,7300.0,7308.000079999998
2919,SINK_M,app1,Actuator,M.Action,38,78,0,72,Generator,0,7309.000089999998,7309.000089999998,7300.0,7309.000089999998
2921,SINK_M,app1,Actuator,M.Action,0,40,0,72,Generator,0,7401.00001,7401.00001,7400.0,7401.00001
2923,SINK_M,app1,Actuator,M.Action,2,42,317,72,Generator,0,7401.00001,7401.00001,7400.0,7401.00001
2924,SINK_M,app1,Actuator,M.Action,3,43,51,72,Generator,0,7401.00001,7401.00001,7400.0,7401.00001
2928,SINK_M,app1,Actuator,M.Action,7,47,198,72,Generator,0,7401.00001,7401.00001,7400.0,7401.00001
2930,SINK_M,app1,Actuator,M.Action,9,49,89,72,Generator,0,7401.00001,7401.00001,7400.0,7401.00001
2937,SINK_M,app1,Actuator,M.Action,16,56,128,72,Generator,0,7401.00001,7401.00001,7400.0,7401.00001
2941,SINK_M,app1,Actuator,M.Action,20,60,168,72,Generator,0,7401.00001,7401.00001,7400.0,7401.00001
2944,SINK_M,app1,Actuator,M.Action,23,63,228,72,Generator,0,7401.00001,7401.00001,7400.0,7401.00001
2922,SINK_M,app1,Actuator,M.Action,1,41,0,72,Generator,0,7402.0000199999995,7402.0000199999995,7400.0,7402.0000199999995
2925,SINK_M,app1,Actuator,M.Action,4,44,317,72,Generator,0,7402.0000199999995,7402.0000199999995,7400.0,7402.0000199999995
2927,SINK_M,app1,Actuator,M.Action,6,46,51,72,Generator,0,7402.0000199999995,7402.0000199999995,7400.0,7402.0000199999995
2933,SINK_M,app1,Actuator,M.Action,12,52,198,72,Generator,0,7402.0000199999995,7402.0000199999995,7400.0,7402.0000199999995
2934,SINK_M,app1,Actuator,M.Action,13,53,89,72,Generator,0,7402.0000199999995,7402.0000199999995,7400.0,7402.0000199999995
2947,SINK_M,app1,Actuator,M.Action,26,66,168,72,Generator,0,7402.0000199999995,7402.0000199999995,7400.0,7402.0000199999995
2926,SINK_M,app1,Actuator,M.Action,5,45,0,72,Generator,0,7403.000029999999,7403.000029999999,7400.0,7403.000029999999
2929,SINK_M,app1,Actuator,M.Action,8,48,51,72,Generator,0,7403.000029999999,7403.000029999999,7400.0,7403.000029999999
2935,SINK_M,app1,Actuator,M.Action,14,54,89,72,Generator,0,7403.000029999999,7403.000029999999,7400.0,7403.000029999999
2938,SINK_M,app1,Actuator,M.Action,17,57,317,72,Generator,0,7403.000029999999,7403.000029999999,7400.0,7403.000029999999
2943,SINK_M,app1,Actuator,M.Action,22,62,198,72,Generator,0,7403.000029999999,7403.000029999999,7400.0,7403.000029999999
2953,SINK_M,app1,Actuator,M.Action,32,72,168,72,Generator,0,7403.000029999999,7403.000029999999,7400.0,7403.000029999999
2931,SINK_M,app1,Actuator,M.Action,10,50,0,72,Generator,0,7404.000039999999,7404.000039999999,7400.0,7404.000039999999
2939,SINK_M,app1,Actuator,M.Action,18,58,89,72,Generator,0,7404.000039999999,7404.000039999999,7400.0,7404.000039999999
2940,SINK_M,app1,Actuator,M.Action,19,59,51,72,Generator,0,7404.000039999999,7404.000039999999,7400.0,7404.000039999999
2942,SINK_M,app1,Actuator,M.Action,21,61,317,72,Generator,0,7404.000039999999,7404.000039999999,7400.0,7404.000039999999
2948,SINK_M,app1,Actuator,M.Action,27,67,198,72,Generator,0,7404.000039999999,7404.000039999999,7400.0,7404.000039999999
2957,SINK_M,app1,Actuator,M.Action,36,76,168,72,Generator,0,7404.000039999999,7404.000039999999,7400.0,7404.000039999999
2932,SINK_M,app1,Actuator,M.Action,11,51,0,72,Generator,0,7405.000049999999,7405.000049999999,7400.0,7405.000049999999
2945,SINK_M,app1,Actuator,M.Action,24,64,89,72,Generator,0,7405.000049999999,7405.000049999999,7400.0,7405.000049999999
2949,SINK_M,app1,Actuator,M.Action,28,68,198,72,Generator,0,7405.000049999999,7405.000049999999,7400.0,7405.000049999999
2952,SINK_M,app1,Actuator,M.Action,31,71,51,72,Generator,0,7405.000049999999,7405.000049999999,7400.0,7405.000049999999
2954,SINK_M,app1,Actuator,M.Action,33,73,317,72,Generator,0,7405.000049999999,7405.000049999999,7400.0,7405.000049999999
2958,SINK_M,app1,Actuator,M.Action,37,77,168,72,Generator,0,7405.000049999999,7405.000049999999,7400.0,7405.000049999999
2936,SINK_M,app1,Actuator,M.Action,15,55,0,72,Generator,0,7406.0000599999985,7406.0000599999985,7400.0,7406.0000599999985
2950,SINK_M,app1,Actuator,M.Action,29,69,89,72,Generator,0,7406.0000599999985,7406.0000599999985,7400.0,7406.0000599999985
2960,SINK_M,app1,Actuator,M.Action,39,79,198,72,Generator,0,7406.0000599999985,7406.0000599999985,7400.0,7406.0000599999985
2946,SINK_M,app1,Actuator,M.Action,25,65,0,72,Generator,0,7407.000069999998,7407.000069999998,7400.0,7407.000069999998
2955,SINK_M,app1,Actuator,M.Action,34,74,89,72,Generator,0,7407.000069999998,7407.000069999998,7400.0,7407.000069999998
2951,SINK_M,app1,Actuator,M.Action,30,70,0,72,Generator,0,7408.000079999998,7408.000079999998,7400.0,7408.000079999998
2956,SINK_M,app1,Actuator,M.Action,35,75,89,72,Generator,0,7408.000079999998,7408.000079999998,7400.0,7408.000079999998
2959,SINK_M,app1,Actuator,M.Action,38,78,0,72,Generator,0,7409.000089999998,7409.000089999998,7400.0,7409.000089999998
2961,SINK_M,app1,Actuator,M.Action,0,40,0,72,Generator,0,7501.00001,7501.00001,7500.0,7501.00001
2963,SINK_M,app1,Actuator,M.Action,2,42,317,72,Generator,0,7501.00001,7501.00001,7500.0,7501.00001
2964,SINK_M,app1,Actuator,M.Action,3,43,51,72,Generator,0,7501.00001,7501.00001,7500.0,7501.00001
2968,SINK_M,app1,Actuator,M.Action,7,47,198,72,Generator,0,7501.00001,7501.00001,7500.0,7501.00001
2970,SINK_M,app1,Actuator,M.Action,9,49,89,72,Generator,0,7501.00001,7501.00001,7500.0,7501.00001
2977,SINK_M,app1,Actuator,M.Action,16,56,128,72,Generator,0,7501.00001,7501.00001,7500.0,7501.00001
2981,SINK_M,app1,Actuator,M.Action,20,60,168,72,Generator,0,7501.00001,7501.00001,7500.0,7501.00001
2984,SINK_M,app1,Actuator,M.Action,23,63,228,72,Generator,0,7501.00001,7501.00001,7500.0,7501.00001
2962,SINK_M,app1,Actuator,M.Action,1,41,0,72,Generator,0,7502.0000199999995,7502.0000199999995,7500.0,7502.0000199999995
2965,SINK_M,app1,Actuator,M.Action,4,44,317,72,Generator,0,7502.0000199999995,7502.0000199999995,7500.0,7502.0000199999995
2967,SINK_M,app1,Actuator,M.Action,6,46,51,72,Generator,0,7502.0000199999995,7502.0000199999995,7500.0,7502.0000199999995
2973,SINK_M,app1,Actuator,M.Action,12,52,198,72,Generator,0,7502.0000199999995,7502.0000199999995,7500.0,7502.0000199999995
2974,SINK_M,app1,Actuator,M.Action,13,53,89,72,Generator,0,7502.0000199999995,7502.0000199999995,7500.0,7502.0000199999995
2987,SINK_M,app1,Actuator,M.Action,26,66,168,72,Generator,0,7502.0000199999995,7502.0000199999995,7500.0,7502.0000199999995
2966,SINK_M,app1,Actuator,M.Action,5,45,0,72,Generator,0,7503.000029999999,7503.000029999999,7500.0,7503.000029999999
2969,SINK_M,app1,Actuator,M.Action,8,48,51,72,Generator,0,7503.000029999999,7503.000029999999,7500.0,7503.000029999999
2975,SINK_M,app1,Actuator,M.Action,14,54,89,72,Generator,0,7503.000029999999,7503.000029999999,7500.0,7503.000029999999
2978,SINK_M,app1,Actuator,M.Action,17,57,317,72,Generator,0,7503.000029999999,7503.000029999999,7500.0,7503.000029999999
2983,SINK_M,app1,Actuator,M.Action,22,62,198,72,Generator,0,7503.000029999999,7503.000029999999,7500.0,7503.000029999999
2993,SINK_M,app1,Actuator,M.Action,32,72,168,72,Generator,0,7503.000029999999,7503.000029999999,7500.0,7503.000029999999
2971,SINK_M,app1,Actuator,M.Action,10,50,0,72,Generator,0,7504.000039999999,7504.000039999999,7500.0,7504.000039999999
2979,SINK_M,app1,Actuator,M.Action,18,58,89,72,Generator,0,7504.000039999999,7504.000039999999,7500.0,7504.000039999999
2980,SINK_M,app1,Actuator,M.Action,19,59,51,72,Generator,0,7504.000039999999,7504.000039999999,7500.0,7504.000039999999
2982,SINK_M,app1,Actuator,M.Action,21,61,317,72,Generator,0,7504.000039999999,7504.000039999999,7500.0,7504.000039999999
2988,SINK_M,app1,Actuator,M.Action,27,67,198,72,Generator,0,7504.000039999999,7504.000039999999,7500.0,7504.000039999999
2997,SINK_M,app1,Actuator,M.Action,36,76,168,72,Generator,0,7504.000039999999,7504.000039999999,7500.0,7504.000039999999
2972,SINK_M,app1,Actuator,M.Action,11,51,0,72,Generator,0,7505.000049999999,7505.000049999999,7500.0,7505.000049999999
2985,SINK_M,app1,Actuator,M.Action,24,64,89,72,Generator,0,7505.000049999999,7505.000049999999,7500.0,7505.000049999999
2989,SINK_M,app1,Actuator,M.Action,28,68,198,72,Generator,0,7505.000049999999,7505.000049999999,7500.0,7505.000049999999
2992,SINK_M,app1,Actuator,M.Action,31,71,51,72,Generator,0,7505.000049999999,7505.000049999999,7500.0,7505.000049999999
2994,SINK_M,app1,Actuator,M.Action,33,73,317,72,Generator,0,7505.000049999999,7505.000049999999,7500.0,7505.000049999999
2998,SINK_M,app1,Actuator,M.Action,37,77,168,72,Generator,0,7505.000049999999,7505.000049999999,7500.0,7505.000049999999
2976,SINK_M,app1,Actuator,M.Action,15,55,0,72,Generator,0,7506.0000599999985,7506.0000599999985,7500.0,7506.0000599999985
2990,SINK_M,app1,Actuator,M.Action,29,69,89,72,Generator,0,7506.0000599999985,7506.0000599999985,7500.0,7506.0000599999985
3000,SINK_M,app1,Actuator,M.Action,39,79,198,72,Generator,0,7506.0000599999985,7506.0000599999985,7500.0,7506.0000599999985
2986,SINK_M,app1,Actuator,M.Action,25,65,0,72,Generator,0,7507.000069999998,7507.000069999998,7500.0,7507.000069999998
2995,SINK_M,app1,Actuator,M.Action,34,74,89,72,Generator,0,7507.000069999998,7507.000069999998,7500.0,7507.000069999998
2991,SINK_M,app1,Actuator,M.Action,30,70,0,72,Generator,0,7508.000079999998,7508.000079999998,7500.0,7508.000079999998
2996,SINK_M,app1,Actuator,M.Action,35,75,89,72,Generator,0,7508.000079999998,7508.000079999998,7500.0,7508.000079999998
2999,SINK_M,app1,Actuator,M.Action,38,78,0,72,Generator,0,7509.000089999998,7509.000089999998,7500.0,7509.000089999998
3001,SINK_M,app1,Actuator,M.Action,0,40,0,72,Generator,0,7601.00001,7601.00001,7600.0,7601.00001
3003,SINK_M,app1,Actuator,M.Action,2,42,317,72,Generator,0,7601.00001,7601.00001,7600.0,7601.00001
3004,SINK_M,app1,Actuator,M.Action,3,43,51,72,Generator,0,7601.00001,7601.00001,7600.0,7601.00001
3008,SINK_M,app1,Actuator,M.Action,7,47,198,72,Generator,0,7601.00001,7601.00001,7600.0,7601.00001
3010,SINK_M,app1,Actuator,M.Action,9,49,89,72,Generator,0,7601.00001,7601.00001,7600.0,7601.00001
3017,SINK_M,app1,Actuator,M.Action,16,56,128,72,Generator,0,7601.00001,7601.00001,7600.0,7601.00001
3021,SINK_M,app1,Actuator,M.Action,20,60,168,72,Generator,0,7601.00001,7601.00001,7600.0,7601.00001
3024,SINK_M,app1,Actuator,M.Action,23,63,228,72,Generator,0,7601.00001,7601.00001,7600.0,7601.00001
3002,SINK_M,app1,Actuator,M.Action,1,41,0,72,Generator,0,7602.0000199999995,7602.0000199999995,7600.0,7602.0000199999995
3005,SINK_M,app1,Actuator,M.Action,4,44,317,72,Generator,0,7602.0000199999995,7602.0000199999995,7600.0,7602.0000199999995
3007,SINK_M,app1,Actuator,M.Action,6,46,51,72,Generator,0,7602.0000199999995,7602.0000199999995,7600.0,7602.0000199999995
3013,SINK_M,app1,Actuator,M.Action,12,52,198,72,Generator,0,7602.0000199999995,7602.0000199999995,7600.0,7602.0000199999995
3014,SINK_M,app1,Actuator,M.Action,13,53,89,72,Generator,0,7602.0000199999995,7602.0000199999995,7600.0,7602.0000199999995
3027,SINK_M,app1,Actuator,M.Action,26,66,168,72,Generator,0,7602.0000199999995,7602.0000199999995,7600.0,7602.0000199999995
3006,SINK_M,app1,Actuator,M.Action,5,45,0,72,Generator,0,7603.000029999999,7603.000029999999,7600.0,7603.000029999999
3009,SINK_M,app1,Actuator,M.Action,8,48,51,72,Generator,0,7603.000029999999,7603.000029999999,7600.0,7603.000029999999
3015,SINK_M,app1,Actuator,M.Action,14,54,89,72,Generator,0,7603.000029999999,7603.000029999999,7600.0,7603.000029999999
3018,SINK_M,app1,Actuator,M.Action,17,57,317,72,Generator,0,7603.000029999999,7603.000029999999,7600.0,7603.000029999999
3023,SINK_M,app1,Actuator,M.Action,22,62,198,72,Generator,0,7603.000029999999,7603.000029999999,7600.0,7603.000029999999
3033,SINK_M,app1,Actuator,M.Action,32,72,168,72,Generator,0,7603.000029999999,7603.000029999999,7600.0,7603.000029999999
3011,SINK_M,app1,Actuator,M.Action,10,50,0,72,Generator,0,7604.000039999999,7604.000039999999,7600.0,7604.000039999999
3019,SINK_M,app1,Actuator,M.Action,18,58,89,72,Generator,0,7604.000039999999,7604.000039999999,7600.0,7604.000039999999
3020,SINK_M,app1,Actuator,M.Action,19,59,51,72,Generator,0,7604.000039999999,7604.000039999999,7600.0,7604.000039999999
3022,SINK_M,app1,Actuator,M.Action,21,61,317,72,Generator,0,7604.000039999999,7604.000039999999,7600.0,7604.000039999999
3028,SINK_M,app1,Actuator,M.Action,27,67,198,72,Generator,0,7604.000039999999,7604.000039999999,7600.0,7604.000039999999
3037,SINK_M,app1,Actuator,M.Action,36,76,168,72,Generator,0,7604.000039999999,7604.000039999999,7600.0,7604.000039999999
3012,SINK_M,app1,Actuator,M.Action,11,51,0,72,Generator,0,7605.000049999999,7605.000049999999,7600.0,7605.000049999999
3025,SINK_M,app1,Actuator,M.Action,24,64,89,72,Generator,0,7605.000049999999,7605.000049999999,7600.0,7605.000049999999
3029,SINK_M,app1,Actuator,M.Action,28,68,198,72,Generator,0,7605.000049999999,7605.000049999999,7600.0,7605.000049999999
3032,SINK_M,app1,Actuator,M.Action,31,71,51,72,Generator,0,7605.000049999999,7605.000049999999,7600.0,7605.000049999999
3034,SINK_M,app1,Actuator,M.Action,33,73,317,72,Generator,0,7605.000049999999,7605.000049999999,7600.0,7605.000049999999
3038,SINK_M,app1,Actuator,M.Action,37,77,168,72,Generator,0,7605.000049999999,7605.000049999999,7600.0,7605.000049999999
3016,SINK_M,app1,Actuator,M.Action,15,55,0,72,Generator,0,7606.0000599999985,7606.0000599999985,7600.0,7606.0000599999985
3030,SINK_M,app1,Actuator,M.Action,29,69,89,72,Generator,0,7606.0000599999985,7606.0000599999985,7600.0,7606.0000599999985
3040,SINK_M,app1,Actuator,M.Action,39,79,198,72,Generator,0,7606.0000599999985,7606.0000599999985,7600.0,7606.0000599999985
3026,SINK_M,app1,Actuator,M.Action,25,65,0,72,Generator,0,7607.000069999998,7607.000069999998,7600.0,7607.000069999998
3035,SINK_M,app1,Actuator,M.Action,34,74,89,72,Generator,0,7607.000069999998,7607.000069999998,7600.0,7607.000069999998
3031,SINK_M,app1,Actuator,M.Action,30,70,0,72,Generator,0,7608.000079999998,7608.000079999998,7600.0,7608.000079999998
3036,SINK_M,app1,Actuator,M.Action,35,75,89,72,Generator,0,7608.000079999998,7608.000079999998,7600.0,7608.000079999998
3039,SINK_M,app1,Actuator,M.Action,38,78,0,72,Generator,0,7609.000089999998,7609.000089999998,7600.0,7609.000089999998
3041,SINK_M,app1,Actuator,M.Action,0,40,0,72,Generator,0,7701.00001,7701.00001,7700.0,7701.00001
3043,SINK_M,app1,Actuator,M.Action,2,42,317,72,Generator,0,7701.00001,7701.00001,7700.0,7701.00001
3044,SINK_M,app1,Actuator,M.Action,3,43,51,72,Generator,0,7701.00001,7701.00001,7700.0,7701.00001
3048,SINK_M,app1,Actuator,M.Action,7,47,198,72,Generator,0,7701.00001,7701.00001,7700.0,7701.00001
3050,SINK_M,app1,Actuator,M.Action,9,49,89,72,Generator,0,7701.00001,7701.00001,7700.0,7701.00001
3057,SINK_M,app1,Actuator,M.Action,16,56,128,72,Generator,0,7701.00001,7701.00001,7700.0,7701.00001
3061,SINK_M,app1,Actuator,M.Action,20,60,168,72,Generator,0,7701.00001,7701.00001,7700.0,7701.00001
3064,SINK_M,app1,Actuator,M.Action,23,63,228,72,Generator,0,7701.00001,7701.00001,7700.0,7701.00001
3042,SINK_M,app1,Actuator,M.Action,1,41,0,72,Generator,0,7702.0000199999995,7702.0000199999995,7700.0,7702.0000199999995
3045,SINK_M,app1,Actuator,M.Action,4,44,317,72,Generator,0,7702.0000199999995,7702.0000199999995,7700.0,7702.0000199999995
3047,SINK_M,app1,Actuator,M.Action,6,46,51,72,Generator,0,7702.0000199999995,7702.0000199999995,7700.0,7702.0000199999995
3053,SINK_M,app1,Actuator,M.Action,12,52,198,72,Generator,0,7702.0000199999995,7702.0000199999995,7700.0,7702.0000199999995
3054,SINK_M,app1,Actuator,M.Action,13,53,89,72,Generator,0,7702.0000199999995,7702.0000199999995,7700.0,7702.0000199999995
3067,SINK_M,app1,Actuator,M.Action,26,66,168,72,Generator,0,7702.0000199999995,7702.0000199999995,7700.0,7702.0000199999995
3046,SINK_M,app1,Actuator,M.Action,5,45,0,72,Generator,0,7703.000029999999,7703.000029999999,7700.0,7703.000029999999
3049,SINK_M,app1,Actuator,M.Action,8,48,51,72,Generator,0,7703.000029999999,7703.000029999999,7700.0,7703.000029999999
3055,SINK_M,app1,Actuator,M.Action,14,54,89,72,Generator,0,7703.000029999999,7703.000029999999,7700.0,7703.000029999999
3058,SINK_M,app1,Actuator,M.Action,17,57,317,72,Generator,0,7703.000029999999,7703.000029999999,7700.0,7703.000029999999
3063,SINK_M,app1,Actuator,M.Action,22,62,198,72,Generator,0,7703.000029999999,7703.000029999999,7700.0,7703.000029999999
3073,SINK_M,app1,Actuator,M.Action,32,72,168,72,Generator,0,7703.000029999999,7703.000029999999,7700.0,7703.000029999999
3051,SINK_M,app1,Actuator,M.Action,10,50,0,72,Generator,0,7704.000039999999,7704.000039999999,7700.0,7704.000039999999
3059,SINK_M,app1,Actuator,M.Action,18,58,89,72,Generator,0,7704.000039999999,7704.000039999999,7700.0,7704.000039999999
3060,SINK_M,app1,Actuator,M.Action,19,59,51,72,Generator,0,7704.000039999999,7704.000039999999,7700.0,7704.000039999999
3062,SINK_M,app1,Actuator,M.Action,21,61,317,72,Generator,0,7704.000039999999,7704.000039999999,7700.0,7704.000039999999
3068,SINK_M,app1,Actuator,M.Action,27,67,198,72,Generator,0,7704.000039999999,7704.000039999999,7700.0,7704.000039999999
3077,SINK_M,app1,Actuator,M.Action,36,76,168,72,Generator,0,7704.000039999999,7704.000039999999,7700.0,7704.000039999999
3052,SINK_M,app1,Actuator,M.Action,11,51,0,72,Generator,0,7705.000049999999,7705.000049999999,7700.0,7705.000049999999
3065,SINK_M,app1,Actuator,M.Action,24,64,89,72,Generator,0,7705.000049999999,7705.000049999999,7700.0,7705.000049999999
3069,SINK_M,app1,Actuator,M.Action,28,68,198,72,Generator,0,7705.000049999999,7705.000049999999,7700.0,7705.000049999999
3072,SINK_M,app1,Actuator,M.Action,31,71,51,72,Generator,0,7705.000049999999,7705.000049999999,7700.0,7705.000049999999
3074,SINK_M,app1,Actuator,M.Action,33,73,317,72,Generator,0,7705.000049999999,7705.000049999999,7700.0,7705.000049999999
3078,SINK_M,app1,Actuator,M.Action,37,77,168,72,Generator,0,7705.000049999999,7705.000049999999,7700.0,7705.000049999999
3056,SINK_M,app1,Actuator,M.Action,15,55,0,72,Generator,0,7706.0000599999985,7706.0000599999985,7700.0,7706.0000599999985
3070,SINK_M,app1,Actuator,M.Action,29,69,89,72,Generator,0,7706.0000599999985,7706.0000599999985,7700.0,7706.0000599999985
3080,SINK_M,app1,Actuator,M.Action,39,79,198,72,Generator,0,7706.0000599999985,7706.0000599999985,7700.0,7706.0000599999985
3066,SINK_M,app1,Actuator,M.Action,25,65,0,72,Generator,0,7707.000069999998,7707.000069999998,7700.0,7707.000069999998
3075,SINK_M,app1,Actuator,M.Action,34,74,89,72,Generator,0,7707.000069999998,7707.000069999998,7700.0,7707.000069999998
3071,SINK_M,app1,Actuator,M.Action,30,70,0,72,Generator,0,7708.000079999998,7708.000079999998,7700.0,7708.000079999998
3076,SINK_M,app1,Actuator,M.Action,35,75,89,72,Generator,0,7708.000079999998,7708.000079999998,7700.0,7708.000079999998
3079,SINK_M,app1,Actuator,M.Action,38,78,0,72,Generator,0,7709.000089999998,7709.000089999998,7700.0,7709.000089999998
3081,SINK_M,app1,Actuator,M.Action,0,40,0,72,Generator,0,7801.00001,7801.00001,7800.0,7801.00001
3083,SINK_M,app1,Actuator,M.Action,2,42,317,72,Generator,0,7801.00001,7801.00001,7800.0,7801.00001
3084,SINK_M,app1,Actuator,M.Action,3,43,51,72,Generator,0,7801.00001,7801.00001,7800.0,7801.00001
3088,SINK_M,app1,Actuator,M.Action,7,47,198,72,Generator,0,7801.00001,7801.00001,7800.0,7801.00001
3090,SINK_M,app1,Actuator,M.Action,9,49,89,72,Generator,0,7801.00001,7801.00001,7800.0,7801.00001
3097,SINK_M,app1,Actuator,M.Action,16,56,128,72,Generator,0,7801.00001,7801.00001,7800.0,7801.00001
3101,SINK_M,app1,Actuator,M.Action,20,60,168,72,Generator,0,7801.00001,7801.00001,7800.0,7801.00001
3104,SINK_M,app1,Actuator,M.Action,23,63,228,72,Generator,0,7801.00001,7801.00001,7800.0,7801.00001
3082,SINK_M,app1,Actuator,M.Action,1,41,0,72,Generator,0,7802.0000199999995,7802.0000199999995,7800.0,7802.0000199999995
3085,SINK_M,app1,Actuator,M.Action,4,44,317,72,Generator,0,7802.0000199999995,7802.0000199999995,7800.0,7802.0000199999995
3087,SINK_M,app1,Actuator,M.Action,6,46,51,72,Generator,0,7802.0000199999995,7802.0000199999995,7800.0,7802.0000199999995
3093,SINK_M,app1,Actuator,M.Action,12,52,198,72,Generator,0,7802.0000199999995,7802.0000199999995,7800.0,7802.0000199999995
3094,SINK_M,app1,Actuator,M.Action,13,53,89,72,Generator,0,7802.0000199999995,7802.0000199999995,7800.0,7802.0000199999995
3107,SINK_M,app1,Actuator,M.Action,26,66,168,72,Generator,0,7802.0000199999995,7802.0000199999995,7800.0,7802.0000199999995
3086,SINK_M,app1,Actuator,M.Action,5,45,0,72,Generator,0,7803.000029999999,7803.000029999999,7800.0,7803.000029999999
3089,SINK_M,app1,Actuator,M.Action,8,48,51,72,Generator,0,7803.000029999999,7803.000029999999,7800.0,7803.000029999999
3095,SINK_M,app1,Actuator,M.Action,14,54,89,72,Generator,0,7803.000029999999,7803.000029999999,7800.0,7803.000029999999
3098,SINK_M,app1,Actuator,M.Action,17,57,317,72,Generator,0,7803.000029999999,7803.000029999999,7800.0,7803.000029999999
3103,SINK_M,app1,Actuator,M.Action,22,62,198,72,Generator,0,7803.000029999999,7803.000029999999,7800.0,7803.000029999999
3113,SINK_M,app1,Actuator,M.Action,32,72,168,72,Generator,0,7803.000029999999,7803.000029999999,7800.0,7803.000029999999
3091,SINK_M,app1,Actuator,M.Action,10,50,0,72,Generator,0,7804.000039999999,7804.000039999999,7800.0,7804.000039999999
3099,SINK_M,app1,Actuator,M.Action,18,58,89,72,Generator,0,7804.000039999999,7804.000039999999,7800.0,7804.000039999999
3100,SINK_M,app1,Actuator,M.Action,19,59,51,72,Generator,0,7804.000039999999,7804.000039999999,7800.0,7804.000039999999
3102,SINK_M,app1,Actuator,M.Action,21,61,317,72,Generator,0,7804.000039999999,7804.000039999999,7800.0,7804.000039999999
3108,SINK_M,app1,Actuator,M.Action,27,67,198,72,Generator,0,7804.000039999999,7804.000039999999,7800.0,7804.000039999999
3117,SINK_M,app1,Actuator,M.Action,36,76,168,72,Generator,0,7804.000039999999,7804.000039999999,7800.0,7804.000039999999
3092,SINK_M,app1,Actuator,M.Action,11,51,0,72,Generator,0,7805.000049999999,7805.000049999999,7800.0,7805.000049999999
3105,SINK_M,app1,Actuator,M.Action,24,64,89,72,Generator,0,7805.000049999999,7805.000049999999,7800.0,7805.000049999999
3109,SINK_M,app1,Actuator,M.Action,28,68,198,72,Generator,0,7805.000049999999,7805.000049999999,7800.0,7805.000049999999
3112,SINK_M,app1,Actuator,M.Action,31,71,51,72,Generator,0,7805.000049999999,7805.000049999999,7800.0,7805.000049999999
3114,SINK_M,app1,Actuator,M.Action,33,73,317,72,Generator,0,7805.000049999999,7805.000049999999,7800.0,7805.000049999999
3118,SINK_M,app1,Actuator,M.Action,37,77,168,72,Generator,0,7805.000049999999,7805.000049999999,7800.0,7805.000049999999
3096,SINK_M,app1,Actuator,M.Action,15,55,0,72,Generator,0,7806.0000599999985,7806.0000599999985,7800.0,7806.0000599999985
3110,SINK_M,app1,Actuator,M.Action,29,69,89,72,Generator,0,7806.0000599999985,7806.0000599999985,7800.0,7806.0000599999985
3120,SINK_M,app1,Actuator,M.Action,39,79,198,72,Generator,0,7806.0000599999985,7806.0000599999985,7800.0,7806.0000599999985
3106,SINK_M,app1,Actuator,M.Action,25,65,0,72,Generator,0,7807.000069999998,7807.000069999998,7800.0,7807.000069999998
3115,SINK_M,app1,Actuator,M.Action,34,74,89,72,Generator,0,7807.000069999998,7807.000069999998,7800.0,7807.000069999998
3111,SINK_M,app1,Actuator,M.Action,30,70,0,72,Generator,0,7808.000079999998,7808.000079999998,7800.0,7808.000079999998
3116,SINK_M,app1,Actuator,M.Action,35,75,89,72,Generator,0,7808.000079999998,7808.000079999998,7800.0,7808.000079999998
3119,SINK_M,app1,Actuator,M.Action,38,78,0,72,Generator,0,7809.000089999998,7809.000089999998,7800.0,7809.000089999998
3121,SINK_M,app1,Actuator,M.Action,0,40,0,72,Generator,0,7901.00001,7901.00001,7900.0,7901.00001
3123,SINK_M,app1,Actuator,M.Action,2,42,317,72,Generator,0,7901.00001,7901.00001,7900.0,7901.00001
3124,SINK_M,app1,Actuator,M.Action,3,43,51,72,Generator,0,7901.00001,7901.00001,7900.0,7901.00001
3128,SINK_M,app1,Actuator,M.Action,7,47,198,72,Generator,0,7901.00001,7901.00001,7900.0,7901.00001
3130,SINK_M,app1,Actuator,M.Action,9,49,89,72,Generator,0,7901.00001,7901.00001,7900.0,7901.00001
3137,SINK_M,app1,Actuator,M.Action,16,56,128,72,Generator,0,7901.00001,7901.00001,7900.0,7901.00001
3141,SINK_M,app1,Actuator,M.Action,20,60,168,72,Generator,0,7901.00001,7901.00001,7900.0,7901.00001
3144,SINK_M,app1,Actuator,M.Action,23,63,228,72,Generator,0,7901.00001,7901.00001,7900.0,7901.00001
3122,SINK_M,app1,Actuator,M.Action,1,41,0,72,Generator,0,7902.0000199999995,7902.0000199999995,7900.0,7902.0000199999995
3125,SINK_M,app1,Actuator,M.Action,4,44,317,72,Generator,0,7902.0000199999995,7902.0000199999995,7900.0,7902.0000199999995
3127,SINK_M,app1,Actuator,M.Action,6,46,51,72,Generator,0,7902.0000199999995,7902.0000199999995,7900.0,7902.0000199999995
3133,SINK_M,app1,Actuator,M.Action,12,52,198,72,Generator,0,7902.0000199999995,7902.0000199999995,7900.0,7902.0000199999995
3134,SINK_M,app1,Actuator,M.Action,13,53,89,72,Generator,0,7902.0000199999995,7902.0000199999995,7900.0,7902.0000199999995
3147,SINK_M,app1,Actuator,M.Action,26,66,168,72,Generator,0,7902.0000199999995,7902.0000199999995,7900.0,7902.0000199999995
3126,SINK_M,app1,Actuator,M.Action,5,45,0,72,Generator,0,7903.000029999999,7903.000029999999,7900.0,7903.000029999999
3129,SINK_M,app1,Actuator,M.Action,8,48,51,72,Generator,0,7903.000029999999,7903.000029999999,7900.0,7903.000029999999
3135,SINK_M,app1,Actuator,M.Action,14,54,89,72,Generator,0,7903.000029999999,7903.000029999999,7900.0,7903.000029999999
3138,SINK_M,app1,Actuator,M.Action,17,57,317,72,Generator,0,7903.000029999999,7903.000029999999,7900.0,7903.000029999999
3143,SINK_M,app1,Actuator,M.Action,22,62,198,72,Generator,0,7903.000029999999,7903.000029999999,7900.0,7903.000029999999
3153,SINK_M,app1,Actuator,M.Action,32,72,168,72,Generator,0,7903.000029999999,7903.000029999999,7900.0,7903.000029999999
3131,SINK_M,app1,Actuator,M.Action,10,50,0,72,Generator,0,7904.000039999999,7904.000039999999,7900.0,7904.000039999999
3139,SINK_M,app1,Actuator,M.Action,18,58,89,72,Generator,0,7904.000039999999,7904.000039999999,7900.0,7904.000039999999
3140,SINK_M,app1,Actuator,M.Action,19,59,51,72,Generator,0,7904.000039999999,7904.000039999999,7900.0,7904.000039999999
3142,SINK_M,app1,Actuator,M.Action,21,61,317,72,Generator,0,7904.000039999999,7904.000039999999,7900.0,7904.000039999999
3148,SINK_M,app1,Actuator,M.Action,27,67,198,72,Generator,0,7904.000039999999,7904.000039999999,7900.0,7904.000039999999
3157,SINK_M,app1,Actuator,M.Action,36,76,168,72,Generator,0,7904.000039999999,7904.000039999999,7900.0,7904.000039999999
3132,SINK_M,app1,Actuator,M.Action,11,51,0,72,Generator,0,7905.000049999999,7905.000049999999,7900.0,7905.000049999999
3145,SINK_M,app1,Actuator,M.Action,24,64,89,72,Generator,0,7905.000049999999,7905.000049999999,7900.0,7905.000049999999
3149,SINK_M,app1,Actuator,M.Action,28,68,198,72,Generator,0,7905.000049999999,7905.000049999999,7900.0,7905.000049999999
3152,SINK_M,app1,Actuator,M.Action,31,71,51,72,Generator,0,7905.000049999999,7905.000049999999,7900.0,7905.000049999999
3154,SINK_M,app1,Actuator,M.Action,33,73,317,72,Generator,0,7905.000049999999,7905.000049999999,7900.0,7905.000049999999
3158,SINK_M,app1,Actuator,M.Action,37,77,168,72,Generator,0,7905.000049999999,7905.000049999999,7900.0,7905.000049999999
3136,SINK_M,app1,Actuator,M.Action,15,55,0,72,Generator,0,7906.0000599999985,7906.0000599999985,7900.0,7906.0000599999985
3150,SINK_M,app1,Actuator,M.Action,29,69,89,72,Generator,0,7906.0000599999985,7906.0000599999985,7900.0,7906.0000599999985
3160,SINK_M,app1,Actuator,M.Action,39,79,198,72,Generator,0,7906.0000599999985,7906.0000599999985,7900.0,7906.0000599999985
3146,SINK_M,app1,Actuator,M.Action,25,65,0,72,Generator,0,7907.000069999998,7907.000069999998,7900.0,7907.000069999998
3155,SINK_M,app1,Actuator,M.Action,34,74,89,72,Generator,0,7907.000069999998,7907.000069999998,7900.0,7907.000069999998
3151,SINK_M,app1,Actuator,M.Action,30,70,0,72,Generator,0,7908.000079999998,7908.000079999998,7900.0,7908.000079999998
3156,SINK_M,app1,Actuator,M.Action,35,75,89,72,Generator,0,7908.000079999998,7908.000079999998,7900.0,7908.000079999998
3159,SINK_M,app1,Actuator,M.Action,38,78,0,72,Generator,0,7909.000089999998,7909.000089999998,7900.0,7909.000089999998
3161,SINK_M,app1,Actuator,M.Action,0,40,0,72,Generator,0,8001.00001,8001.00001,8000.0,8001.00001
3163,SINK_M,app1,Actuator,M.Action,2,42,317,72,Generator,0,8001.00001,8001.00001,8000.0,8001.00001
3164,SINK_M,app1,Actuator,M.Action,3,43,51,72,Generator,0,8001.00001,8001.00001,8000.0,8001.00001
3168,SINK_M,app1,Actuator,M.Action,7,47,198,72,Generator,0,8001.00001,8001.00001,8000.0,8001.00001
3170,SINK_M,app1,Actuator,M.Action,9,49,89,72,Generator,0,8001.00001,8001.00001,8000.0,8001.00001
3177,SINK_M,app1,Actuator,M.Action,16,56,128,72,Generator,0,8001.00001,8001.00001,8000.0,8001.00001
3181,SINK_M,app1,Actuator,M.Action,20,60,168,72,Generator,0,8001.00001,8001.00001,8000.0,8001.00001
3184,SINK_M,app1,Actuator,M.Action,23,63,228,72,Generator,0,8001.00001,8001.00001,8000.0,8001.00001
3162,SINK_M,app1,Actuator,M.Action,1,41,0,72,Generator,0,8002.0000199999995,8002.0000199999995,8000.0,8002.0000199999995
3165,SINK_M,app1,Actuator,M.Action,4,44,317,72,Generator,0,8002.0000199999995,8002.0000199999995,8000.0,8002.0000199999995
3167,SINK_M,app1,Actuator,M.Action,6,46,51,72,Generator,0,8002.0000199999995,8002.0000199999995,8000.0,8002.0000199999995
3173,SINK_M,app1,Actuator,M.Action,12,52,198,72,Generator,0,8002.0000199999995,8002.0000199999995,8000.0,8002.0000199999995
3174,SINK_M,app1,Actuator,M.Action,13,53,89,72,Generator,0,8002.0000199999995,8002.0000199999995,8000.0,8002.0000199999995
3187,SINK_M,app1,Actuator,M.Action,26,66,168,72,Generator,0,8002.0000199999995,8002.0000199999995,8000.0,8002.0000199999995
3166,SINK_M,app1,Actuator,M.Action,5,45,0,72,Generator,0,8003.000029999999,8003.000029999999,8000.0,8003.000029999999
3169,SINK_M,app1,Actuator,M.Action,8,48,51,72,Generator,0,8003.000029999999,8003.000029999999,8000.0,8003.000029999999
3175,SINK_M,app1,Actuator,M.Action,14,54,89,72,Generator,0,8003.000029999999,8003.000029999999,8000.0,8003.000029999999
3178,SINK_M,app1,Actuator,M.Action,17,57,317,72,Generator,0,8003.000029999999,8003.000029999999,8000.0,8003.000029999999
3183,SINK_M,app1,Actuator,M.Action,22,62,198,72,Generator,0,8003.000029999999,8003.000029999999,8000.0,8003.000029999999
3193,SINK_M,app1,Actuator,M.Action,32,72,168,72,Generator,0,8003.000029999999,8003.000029999999,8000.0,8003.000029999999
3171,SINK_M,app1,Actuator,M.Action,10,50,0,72,Generator,0,8004.000039999999,8004.000039999999,8000.0,8004.000039999999
3179,SINK_M,app1,Actuator,M.Action,18,58,89,72,Generator,0,8004.000039999999,8004.000039999999,8000.0,8004.000039999999
3180,SINK_M,app1,Actuator,M.Action,19,59,51,72,Generator,0,8004.000039999999,8004.000039999999,8000.0,8004.000039999999
3182,SINK_M,app1,Actuator,M.Action,21,61,317,72,Generator,0,8004.000039999999,8004.000039999999,8000.0,8004.000039999999
3188,SINK_M,app1,Actuator,M.Action,27,67,198,72,Generator,0,8004.000039999999,8004.000039999999,8000.0,8004.000039999999
3197,SINK_M,app1,Actuator,M.Action,36,76,168,72,Generator,0,8004.000039999999,8004.000039999999,8000.0,8004.000039999999
3172,SINK_M,app1,Actuator,M.Action,11,51,0,72,Generator,0,8005.000049999999,8005.000049999999,8000.0,8005.000049999999
3185,SINK_M,app1,Actuator,M.Action,24,64,89,72,Generator,0,8005.000049999999,8005.000049999999,8000.0,8005.000049999999
3189,SINK_M,app1,Actuator,M.Action,28,68,198,72,Generator,0,8005.000049999999,8005.000049999999,8000.0,8005.000049999999
3192,SINK_M,app1,Actuator,M.Action,31,71,51,72,Generator,0,8005.000049999999,8005.000049999999,8000.0,8005.000049999999
3194,SINK_M,app1,Actuator,M.Action,33,73,317,72,Generator,0,8005.000049999999,8005.000049999999,8000.0,8005.000049999999
3198,SINK_M,app1,Actuator,M.Action,37,77,168,72,Generator,0,8005.000049999999,8005.000049999999,8000.0,8005.000049999999
3176,SINK_M,app1,Actuator,M.Action,15,55,0,72,Generator,0,8006.0000599999985,8006.0000599999985,8000.0,8006.0000599999985
3190,SINK_M,app1,Actuator,M.Action,29,69,89,72,Generator,0,8006.0000599999985,8006.0000599999985,8000.0,8006.0000599999985
3200,SINK_M,app1,Actuator,M.Action,39,79,198,72,Generator,0,8006.0000599999985,8006.0000599999985,8000.0,8006.0000599999985
3186,SINK_M,app1,Actuator,M.Action,25,65,0,72,Generator,0,8007.000069999998,8007.000069999998,8000.0,8007.000069999998
3195,SINK_M,app1,Actuator,M.Action,34,74,89,72,Generator,0,8007.000069999998,8007.000069999998,8000.0,8007.000069999998
3191,SINK_M,app1,Actuator,M.Action,30,70,0,72,Generator,0,8008.000079999998,8008.000079999998,8000.0,8008.000079999998
3196,SINK_M,app1,Actuator,M.Action,35,75,89,72,Generator,0,8008.000079999998,8008.000079999998,8000.0,8008.000079999998
3199,SINK_M,app1,Actuator,M.Action,38,78,0,72,Generator,0,8009.000089999998,8009.000089999998,8000.0,8009.000089999998
3201,SINK_M,app1,Actuator,M.Action,0,40,0,72,Generator,0,8101.00001,8101.00001,8100.0,8101.00001
3203,SINK_M,app1,Actuator,M.Action,2,42,317,72,Generator,0,8101.00001,8101.00001,8100.0,8101.00001
3204,SINK_M,app1,Actuator,M.Action,3,43,51,72,Generator,0,8101.00001,8101.00001,8100.0,8101.00001
3208,SINK_M,app1,Actuator,M.Action,7,47,198,72,Generator,0,8101.00001,8101.00001,8100.0,8101.00001
3210,SINK_M,app1,Actuator,M.Action,9,49,89,72,Generator,0,8101.00001,8101.00001,8100.0,8101.00001
3217,SINK_M,app1,Actuator,M.Action,16,56,128,72,Generator,0,8101.00001,8101.00001,8100.0,8101.00001
3221,SINK_M,app1,Actuator,M.Action,20,60,168,72,Generator,0,8101.00001,8101.00001,8100.0,8101.00001
3224,SINK_M,app1,Actuator,M.Action,23,63,228,72,Generator,0,8101.00001,8101.00001,8100.0,8101.00001
3202,SINK_M,app1,Actuator,M.Action,1,41,0,72,Generator,0,8102.0000199999995,8102.0000199999995,8100.0,8102.0000199999995
3205,SINK_M,app1,Actuator,M.Action,4,44,317,72,Generator,0,8102.0000199999995,8102.0000199999995,8100.0,8102.0000199999995
3207,SINK_M,app1,Actuator,M.Action,6,46,51,72,Generator,0,8102.0000199999995,8102.0000199999995,8100.0,8102.0000199999995
3213,SINK_M,app1,Actuator,M.Action,12,52,198,72,Generator,0,8102.0000199999995,8102.0000199999995,8100.0,8102.0000199999995
3214,SINK_M,app1,Actuator,M.Action,13,53,89,72,Generator,0,8102.0000199999995,8102.0000199999995,8100.0,8102.0000199999995
3227,SINK_M,app1,Actuator,M.Action,26,66,168,72,Generator,0,8102.0000199999995,8102.0000199999995,8100.0,8102.0000199999995
3206,SINK_M,app1,Actuator,M.Action,5,45,0,72,Generator,0,8103.000029999999,8103.000029999999,8100.0,8103.000029999999
3209,SINK_M,app1,Actuator,M.Action,8,48,51,72,Generator,0,8103.000029999999,8103.000029999999,8100.0,8103.000029999999
3215,SINK_M,app1,Actuator,M.Action,14,54,89,72,Generator,0,8103.000029999999,8103.000029999999,8100.0,8103.000029999999
3218,SINK_M,app1,Actuator,M.Action,17,57,317,72,Generator,0,8103.000029999999,8103.000029999999,8100.0,8103.000029999999
3223,SINK_M,app1,Actuator,M.Action,22,62,198,72,Generator,0,8103.000029999999,8103.000029999999,8100.0,8103.000029999999
3233,SINK_M,app1,Actuator,M.Action,32,72,168,72,Generator,0,8103.000029999999,8103.000029999999,8100.0,8103.000029999999
3211,SINK_M,app1,Actuator,M.Action,10,50,0,72,Generator,0,8104.000039999999,8104.000039999999,8100.0,8104.000039999999
3219,SINK_M,app1,Actuator,M.Action,18,58,89,72,Generator,0,8104.000039999999,8104.000039999999,8100.0,8104.000039999999
3220,SINK_M,app1,Actuator,M.Action,19,59,51,72,Generator,0,8104.000039999999,8104.000039999999,8100.0,8104.000039999999
3222,SINK_M,app1,Actuator,M.Action,21,61,317,72,Generator,0,8104.000039999999,8104.000039999999,8100.0,8104.000039999999
3228,SINK_M,app1,Actuator,M.Action,27,67,198,72,Generator,0,8104.000039999999,8104.000039999999,8100.0,8104.000039999999
3237,SINK_M,app1,Actuator,M.Action,36,76,168,72,Generator,0,8104.000039999999,8104.000039999999,8100.0,8104.000039999999
3212,SINK_M,app1,Actuator,M.Action,11,51,0,72,Generator,0,8105.000049999999,8105.000049999999,8100.0,8105.000049999999
3225,SINK_M,app1,Actuator,M.Action,24,64,89,72,Generator,0,8105.000049999999,8105.000049999999,8100.0,8105.000049999999
3229,SINK_M,app1,Actuator,M.Action,28,68,198,72,Generator,0,8105.000049999999,8105.000049999999,8100.0,8105.000049999999
3232,SINK_M,app1,Actuator,M.Action,31,71,51,72,Generator,0,8105.000049999999,8105.000049999999,8100.0,8105.000049999999
3234,SINK_M,app1,Actuator,M.Action,33,73,317,72,Generator,0,8105.000049999999,8105.000049999999,8100.0,8105.000049999999
3238,SINK_M,app1,Actuator,M.Action,37,77,168,72,Generator,0,8105.000049999999,8105.000049999999,8100.0,8105.000049999999
3216,SINK_M,app1,Actuator,M.Action,15,55,0,72,Generator,0,8106.0000599999985,8106.0000599999985,8100.0,8106.0000599999985
3230,SINK_M,app1,Actuator,M.Action,29,69,89,72,Generator,0,8106.0000599999985,8106.0000599999985,8100.0,8106.0000599999985
3240,SINK_M,app1,Actuator,M.Action,39,79,198,72,Generator,0,8106.0000599999985,8106.0000599999985,8100.0,8106.0000599999985
3226,SINK_M,app1,Actuator,M.Action,25,65,0,72,Generator,0,8107.000069999998,8107.000069999998,8100.0,8107.000069999998
3235,SINK_M,app1,Actuator,M.Action,34,74,89,72,Generator,0,8107.000069999998,8107.000069999998,8100.0,8107.000069999998
3231,SINK_M,app1,Actuator,M.Action,30,70,0,72,Generator,0,8108.000079999998,8108.000079999998,8100.0,8108.000079999998
3236,SINK_M,app1,Actuator,M.Action,35,75,89,72,Generator,0,8108.000079999998,8108.000079999998,8100.0,8108.000079999998
3239,SINK_M,app1,Actuator,M.Action,38,78,0,72,Generator,0,8109.000089999998,8109.000089999998,8100.0,8109.000089999998
3241,SINK_M,app1,Actuator,M.Action,0,40,0,72,Generator,0,8201.00001,8201.00001,8200.0,8201.00001
3243,SINK_M,app1,Actuator,M.Action,2,42,317,72,Generator,0,8201.00001,8201.00001,8200.0,8201.00001
3244,SINK_M,app1,Actuator,M.Action,3,43,51,72,Generator,0,8201.00001,8201.00001,8200.0,8201.00001
3248,SINK_M,app1,Actuator,M.Action,7,47,198,72,Generator,0,8201.00001,8201.00001,8200.0,8201.00001
3250,SINK_M,app1,Actuator,M.Action,9,49,89,72,Generator,0,8201.00001,8201.00001,8200.0,8201.00001
3257,SINK_M,app1,Actuator,M.Action,16,56,128,72,Generator,0,8201.00001,8201.00001,8200.0,8201.00001
3261,SINK_M,app1,Actuator,M.Action,20,60,168,72,Generator,0,8201.00001,8201.00001,8200.0,8201.00001
3264,SINK_M,app1,Actuator,M.Action,23,63,228,72,Generator,0,8201.00001,8201.00001,8200.0,8201.00001
3242,SINK_M,app1,Actuator,M.Action,1,41,0,72,Generator,0,8202.00002,8202.00002,8200.0,8202.00002
3245,SINK_M,app1,Actuator,M.Action,4,44,317,72,Generator,0,8202.00002,8202.00002,8200.0,8202.00002
3247,SINK_M,app1,Actuator,M.Action,6,46,51,72,Generator,0,8202.00002,8202.00002,8200.0,8202.00002
3253,SINK_M,app1,Actuator,M.Action,12,52,198,72,Generator,0,8202.00002,8202.00002,8200.0,8202.00002
3254,SINK_M,app1,Actuator,M.Action,13,53,89,72,Generator,0,8202.00002,8202.00002,8200.0,8202.00002
3267,SINK_M,app1,Actuator,M.Action,26,66,168,72,Generator,0,8202.00002,8202.00002,8200.0,8202.00002
3246,SINK_M,app1,Actuator,M.Action,5,45,0,72,Generator,0,8203.00003,8203.00003,8200.0,8203.00003
3249,SINK_M,app1,Actuator,M.Action,8,48,51,72,Generator,0,8203.00003,8203.00003,8200.0,8203.00003
3255,SINK_M,app1,Actuator,M.Action,14,54,89,72,Generator,0,8203.00003,8203.00003,8200.0,8203.00003
3258,SINK_M,app1,Actuator,M.Action,17,57,317,72,Generator,0,8203.00003,8203.00003,8200.0,8203.00003
3263,SINK_M,app1,Actuator,M.Action,22,62,198,72,Generator,0,8203.00003,8203.00003,8200.0,8203.00003
3273,SINK_M,app1,Actuator,M.Action,32,72,168,72,Generator,0,8203.00003,8203.00003,8200.0,8203.00003
3251,SINK_M,app1,Actuator,M.Action,10,50,0,72,Generator,0,8204.000039999999,8204.000039999999,8200.0,8204.000039999999
3259,SINK_M,app1,Actuator,M.Action,18,58,89,72,Generator,0,8204.000039999999,8204.000039999999,8200.0,8204.000039999999
3260,SINK_M,app1,Actuator,M.Action,19,59,51,72,Generator,0,8204.000039999999,8204.000039999999,8200.0,8204.000039999999
3262,SINK_M,app1,Actuator,M.Action,21,61,317,72,Generator,0,8204.000039999999,8204.000039999999,8200.0,8204.000039999999
3268,SINK_M,app1,Actuator,M.Action,27,67,198,72,Generator,0,8204.000039999999,8204.000039999999,8200.0,8204.000039999999
3277,SINK_M,app1,Actuator,M.Action,36,76,168,72,Generator,0,8204.000039999999,8204.000039999999,8200.0,8204.000039999999
3252,SINK_M,app1,Actuator,M.Action,11,51,0,72,Generator,0,8205.000049999999,8205.000049999999,8200.0,8205.000049999999
3265,SINK_M,app1,Actuator,M.Action,24,64,89,72,Generator,0,8205.000049999999,8205.000049999999,8200.0,8205.000049999999
3269,SINK_M,app1,Actuator,M.Action,28,68,198,72,Generator,0,8205.000049999999,8205.000049999999,8200.0,8205.000049999999
3272,SINK_M,app1,Actuator,M.Action,31,71,51,72,Generator,0,8205.000049999999,8205.000049999999,8200.0,8205.000049999999
3274,SINK_M,app1,Actuator,M.Action,33,73,317,72,Generator,0,8205.000049999999,8205.000049999999,8200.0,8205.000049999999
3278,SINK_M,app1,Actuator,M.Action,37,77,168,72,Generator,0,8205.000049999999,8205.000049999999,8200.0,8205.000049999999
3256,SINK_M,app1,Actuator,M.Action,15,55,0,72,Generator,0,8206.000059999998,8206.000059999998,8200.0,8206.000059999998
3270,SINK_M,app1,Actuator,M.Action,29,69,89,72,Generator,0,8206.000059999998,8206.000059999998,8200.0,8206.000059999998
3280,SINK_M,app1,Actuator,M.Action,39,79,198,72,Generator,0,8206.000059999998,8206.000059999998,8200.0,8206.000059999998
3266,SINK_M,app1,Actuator,M.Action,25,65,0,72,Generator,0,8207.000069999998,8207.000069999998,8200.0,8207.000069999998
3275,SINK_M,app1,Actuator,M.Action,34,74,89,72,Generator,0,8207.000069999998,8207.000069999998,8200.0,8207.000069999998
3271,SINK_M,app1,Actuator,M.Action,30,70,0,72,Generator,0,8208.000079999998,8208.000079999998,8200.0,8208.000079999998
3276,SINK_M,app1,Actuator,M.Action,35,75,89,72,Generator,0,8208.000079999998,8208.000079999998,8200.0,8208.000079999998
3279,SINK_M,app1,Actuator,M.Action,38,78,0,72,Generator,0,8209.000089999998,8209.000089999998,8200.0,8209.000089999998
3281,SINK_M,app1,Actuator,M.Action,0,40,0,72,Generator,0,8301.00001,8301.00001,8300.0,8301.00001
3283,SINK_M,app1,Actuator,M.Action,2,42,317,72,Generator,0,8301.00001,8301.00001,8300.0,8301.00001
3284,SINK_M,app1,Actuator,M.Action,3,43,51,72,Generator,0,8301.00001,8301.00001,8300.0,8301.00001
3288,SINK_M,app1,Actuator,M.Action,7,47,198,72,Generator,0,8301.00001,8301.00001,8300.0,8301.00001
3290,SINK_M,app1,Actuator,M.Action,9,49,89,72,Generator,0,8301.00001,8301.00001,8300.0,8301.00001
3297,SINK_M,app1,Actuator,M.Action,16,56,128,72,Generator,0,8301.00001,8301.00001,8300.0,8301.00001
3301,SINK_M,app1,Actuator,M.Action,20,60,168,72,Generator,0,8301.00001,8301.00001,8300.0,8301.00001
3304,SINK_M,app1,Actuator,M.Action,23,63,228,72,Generator,0,8301.00001,8301.00001,8300.0,8301.00001
3282,SINK_M,app1,Actuator,M.Action,1,41,0,72,Generator,0,8302.00002,8302.00002,8300.0,8302.00002
3285,SINK_M,app1,Actuator,M.Action,4,44,317,72,Generator,0,8302.00002,8302.00002,8300.0,8302.00002
3287,SINK_M,app1,Actuator,M.Action,6,46,51,72,Generator,0,8302.00002,8302.00002,8300.0,8302.00002
3293,SINK_M,app1,Actuator,M.Action,12,52,198,72,Generator,0,8302.00002,8302.00002,8300.0,8302.00002
3294,SINK_M,app1,Actuator,M.Action,13,53,89,72,Generator,0,8302.00002,8302.00002,8300.0,8302.00002
3307,SINK_M,app1,Actuator,M.Action,26,66,168,72,Generator,0,8302.00002,8302.00002,8300.0,8302.00002
3286,SINK_M,app1,Actuator,M.Action,5,45,0,72,Generator,0,8303.00003,8303.00003,8300.0,8303.00003
3289,SINK_M,app1,Actuator,M.Action,8,48,51,72,Generator,0,8303.00003,8303.00003,8300.0,8303.00003
3295,SINK_M,app1,Actuator,M.Action,14,54,89,72,Generator,0,8303.00003,8303.00003,8300.0,8303.00003
3298,SINK_M,app1,Actuator,M.Action,17,57,317,72,Generator,0,8303.00003,8303.00003,8300.0,8303.00003
3303,SINK_M,app1,Actuator,M.Action,22,62,198,72,Generator,0,8303.00003,8303.00003,8300.0,8303.00003
3313,SINK_M,app1,Actuator,M.Action,32,72,168,72,Generator,0,8303.00003,8303.00003,8300.0,8303.00003
3291,SINK_M,app1,Actuator,M.Action,10,50,0,72,Generator,0,8304.000039999999,8304.000039999999,8300.0,8304.000039999999
3299,SINK_M,app1,Actuator,M.Action,18,58,89,72,Generator,0,8304.000039999999,8304.000039999999,8300.0,8304.000039999999
3300,SINK_M,app1,Actuator,M.Action,19,59,51,72,Generator,0,8304.000039999999,8304.000039999999,8300.0,8304.000039999999
3302,SINK_M,app1,Actuator,M.Action,21,61,317,72,Generator,0,8304.000039999999,8304.000039999999,8300.0,8304.000039999999
3308,SINK_M,app1,Actuator,M.Action,27,67,198,72,Generator,0,8304.000039999999,8304.000039999999,8300.0,8304.000039999999
3317,SINK_M,app1,Actuator,M.Action,36,76,168,72,Generator,0,8304.000039999999,8304.000039999999,8300.0,8304.000039999999
3292,SINK_M,app1,Actuator,M.Action,11,51,0,72,Generator,0,8305.000049999999,8305.000049999999,8300.0,8305.000049999999
3305,SINK_M,app1,Actuator,M.Action,24,64,89,72,Generator,0,8305.000049999999,8305.000049999999,8300.0,8305.000049999999
3309,SINK_M,app1,Actuator,M.Action,28,68,198,72,Generator,0,8305.000049999999,8305.000049999999,8300.0,8305.000049999999
3312,SINK_M,app1,Actuator,M.Action,31,71,51,72,Generator,0,8305.000049999999,8305.000049999999,8300.0,8305.000049999999
3314,SINK_M,app1,Actuator,M.Action,33,73,317,72,Generator,0,8305.000049999999,8305.000049999999,8300.0,8305.000049999999
3318,SINK_M,app1,Actuator,M.Action,37,77,168,72,Generator,0,8305.000049999999,8305.000049999999,8300.0,8305.000049999999
3296,SINK_M,app1,Actuator,M.Action,15,55,0,72,Generator,0,8306.000059999998,8306.000059999998,8300.0,8306.000059999998
3310,SINK_M,app1,Actuator,M.Action,29,69,89,72,Generator,0,8306.000059999998,8306.000059999998,8300.0,8306.000059999998
3320,SINK_M,app1,Actuator,M.Action,39,79,198,72,Generator,0,8306.000059999998,8306.000059999998,8300.0,8306.000059999998
3306,SINK_M,app1,Actuator,M.Action,25,65,0,72,Generator,0,8307.000069999998,8307.000069999998,8300.0,8307.000069999998
3315,SINK_M,app1,Actuator,M.Action,34,74,89,72,Generator,0,8307.000069999998,8307.000069999998,8300.0,8307.000069999998
3311,SINK_M,app1,Actuator,M.Action,30,70,0,72,Generator,0,8308.000079999998,8308.000079999998,8300.0,8308.000079999998
3316,SINK_M,app1,Actuator,M.Action,35,75,89,72,Generator,0,8308.000079999998,8308.000079999998,8300.0,8308.000079999998
3319,SINK_M,app1,Actuator,M.Action,38,78,0,72,Generator,0,8309.000089999998,8309.000089999998,8300.0,8309.000089999998
3321,SINK_M,app1,Actuator,M.Action,0,40,0,72,Generator,0,8401.00001,8401.00001,8400.0,8401.00001
3323,SINK_M,app1,Actuator,M.Action,2,42,317,72,Generator,0,8401.00001,8401.00001,8400.0,8401.00001
3324,SINK_M,app1,Actuator,M.Action,3,43,51,72,Generator,0,8401.00001,8401.00001,8400.0,8401.00001
3328,SINK_M,app1,Actuator,M.Action,7,47,198,72,Generator,0,8401.00001,8401.00001,8400.0,8401.00001
3330,SINK_M,app1,Actuator,M.Action,9,49,89,72,Generator,0,8401.00001,8401.00001,8400.0,8401.00001
3337,SINK_M,app1,Actuator,M.Action,16,56,128,72,Generator,0,8401.00001,8401.00001,8400.0,8401.00001
3341,SINK_M,app1,Actuator,M.Action,20,60,168,72,Generator,0,8401.00001,8401.00001,8400.0,8401.00001
3344,SINK_M,app1,Actuator,M.Action,23,63,228,72,Generator,0,8401.00001,8401.00001,8400.0,8401.00001
3322,SINK_M,app1,Actuator,M.Action,1,41,0,72,Generator,0,8402.00002,8402.00002,8400.0,8402.00002
3325,SINK_M,app1,Actuator,M.Action,4,44,317,72,Generator,0,8402.00002,8402.00002,8400.0,8402.00002
3327,SINK_M,app1,Actuator,M.Action,6,46,51,72,Generator,0,8402.00002,8402.00002,8400.0,8402.00002
3333,SINK_M,app1,Actuator,M.Action,12,52,198,72,Generator,0,8402.00002,8402.00002,8400.0,8402.00002
3334,SINK_M,app1,Actuator,M.Action,13,53,89,72,Generator,0,8402.00002,8402.00002,8400.0,8402.00002
3347,SINK_M,app1,Actuator,M.Action,26,66,168,72,Generator,0,8402.00002,8402.00002,8400.0,8402.00002
3326,SINK_M,app1,Actuator,M.Action,5,45,0,72,Generator,0,8403.00003,8403.00003,8400.0,8403.00003
3329,SINK_M,app1,Actuator,M.Action,8,48,51,72,Generator,0,8403.00003,8403.00003,8400.0,8403.00003
3335,SINK_M,app1,Actuator,M.Action,14,54,89,72,Generator,0,8403.00003,8403.00003,8400.0,8403.00003
3338,SINK_M,app1,Actuator,M.Action,17,57,317,72,Generator,0,8403.00003,8403.00003,8400.0,8403.00003
3343,SINK_M,app1,Actuator,M.Action,22,62,198,72,Generator,0,8403.00003,8403.00003,8400.0,8403.00003
3353,SINK_M,app1,Actuator,M.Action,32,72,168,72,Generator,0,8403.00003,8403.00003,8400.0,8403.00003
3331,SINK_M,app1,Actuator,M.Action,10,50,0,72,Generator,0,8404.000039999999,8404.000039999999,8400.0,8404.000039999999
3339,SINK_M,app1,Actuator,M.Action,18,58,89,72,Generator,0,8404.000039999999,8404.000039999999,8400.0,8404.000039999999
3340,SINK_M,app1,Actuator,M.Action,19,59,51,72,Generator,0,8404.000039999999,8404.000039999999,8400.0,8404.000039999999
3342,SINK_M,app1,Actuator,M.Action,21,61,317,72,Generator,0,8404.000039999999,8404.000039999999,8400.0,8404.000039999999
3348,SINK_M,app1,Actuator,M.Action,27,67,198,72,Generator,0,8404.000039999999,8404.000039999999,8400.0,8404.000039999999
3357,SINK_M,app1,Actuator,M.Action,36,76,168,72,Generator,0,8404.000039999999,8404.000039999999,8400.0,8404.000039999999
3332,SINK_M,app1,Actuator,M.Action,11,51,0,72,Generator,0,8405.000049999999,8405.000049999999,8400.0,8405.000049999999
3345,SINK_M,app1,Actuator,M.Action,24,64,89,72,Generator,0,8405.000049999999,8405.000049999999,8400.0,8405.000049999999
3349,SINK_M,app1,Actuator,M.Action,28,68,198,72,Generator,0,8405.000049999999,8405.000049999999,8400.0,8405.000049999999
3352,SINK_M,app1,Actuator,M.Action,31,71,51,72,Generator,0,8405.000049999999,8405.000049999999,8400.0,8405.000049999999
3354,SINK_M,app1,Actuator,M.Action,33,73,317,72,Generator,0,8405.000049999999,8405.000049999999,8400.0,8405.000049999999
3358,SINK_M,app1,Actuator,M.Action,37,77,168,72,Generator,0,8405.000049999999,8405.000049999999,8400.0,8405.000049999999
3336,SINK_M,app1,Actuator,M.Action,15,55,0,72,Generator,0,8406.000059999998,8406.000059999998,8400.0,8406.000059999998
3350,SINK_M,app1,Actuator,M.Action,29,69,89,72,Generator,0,8406.000059999998,8406.000059999998,8400.0,8406.000059999998
3360,SINK_M,app1,Actuator,M.Action,39,79,198,72,Generator,0,8406.000059999998,8406.000059999998,8400.0,8406.000059999998
3346,SINK_M,app1,Actuator,M.Action,25,65,0,72,Generator,0,8407.000069999998,8407.000069999998,8400.0,8407.000069999998
3355,SINK_M,app1,Actuator,M.Action,34,74,89,72,Generator,0,8407.000069999998,8407.000069999998,8400.0,8407.000069999998
3351,SINK_M,app1,Actuator,M.Action,30,70,0,72,Generator,0,8408.000079999998,8408.000079999998,8400.0,8408.000079999998
3356,SINK_M,app1,Actuator,M.Action,35,75,89,72,Generator,0,8408.000079999998,8408.000079999998,8400.0,8408.000079999998
3359,SINK_M,app1,Actuator,M.Action,38,78,0,72,Generator,0,8409.000089999998,8409.000089999998,8400.0,8409.000089999998
3361,SINK_M,app1,Actuator,M.Action,0,40,0,72,Generator,0,8501.00001,8501.00001,8500.0,8501.00001
3363,SINK_M,app1,Actuator,M.Action,2,42,317,72,Generator,0,8501.00001,8501.00001,8500.0,8501.00001
3364,SINK_M,app1,Actuator,M.Action,3,43,51,72,Generator,0,8501.00001,8501.00001,8500.0,8501.00001
3368,SINK_M,app1,Actuator,M.Action,7,47,198,72,Generator,0,8501.00001,8501.00001,8500.0,8501.00001
3370,SINK_M,app1,Actuator,M.Action,9,49,89,72,Generator,0,8501.00001,8501.00001,8500.0,8501.00001
3377,SINK_M,app1,Actuator,M.Action,16,56,128,72,Generator,0,8501.00001,8501.00001,8500.0,8501.00001
3381,SINK_M,app1,Actuator,M.Action,20,60,168,72,Generator,0,8501.00001,8501.00001,8500.0,8501.00001
3384,SINK_M,app1,Actuator,M.Action,23,63,228,72,Generator,0,8501.00001,8501.00001,8500.0,8501.00001
3362,SINK_M,app1,Actuator,M.Action,1,41,0,72,Generator,0,8502.00002,8502.00002,8500.0,8502.00002
3365,SINK_M,app1,Actuator,M.Action,4,44,317,72,Generator,0,8502.00002,8502.00002,8500.0,8502.00002
3367,SINK_M,app1,Actuator,M.Action,6,46,51,72,Generator,0,8502.00002,8502.00002,8500.0,8502.00002
3373,SINK_M,app1,Actuator,M.Action,12,52,198,72,Generator,0,8502.00002,8502.00002,8500.0,8502.00002
3374,SINK_M,app1,Actuator,M.Action,13,53,89,72,Generator,0,8502.00002,8502.00002,8500.0,8502.00002
3387,SINK_M,app1,Actuator,M.Action,26,66,168,72,Generator,0,8502.00002,8502.00002,8500.0,8502.00002
3366,SINK_M,app1,Actuator,M.Action,5,45,0,72,Generator,0,8503.00003,8503.00003,8500.0,8503.00003
3369,SINK_M,app1,Actuator,M.Action,8,48,51,72,Generator,0,8503.00003,8503.00003,8500.0,8503.00003
3375,SINK_M,app1,Actuator,M.Action,14,54,89,72,Generator,0,8503.00003,8503.00003,8500.0,8503.00003
3378,SINK_M,app1,Actuator,M.Action,17,57,317,72,Generator,0,8503.00003,8503.00003,8500.0,8503.00003
3383,SINK_M,app1,Actuator,M.Action,22,62,198,72,Generator,0,8503.00003,8503.00003,8500.0,8503.00003
3393,SINK_M,app1,Actuator,M.Action,32,72,168,72,Generator,0,8503.00003,8503.00003,8500.0,8503.00003
3371,SINK_M,app1,Actuator,M.Action,10,50,0,72,Generator,0,8504.000039999999,8504.000039999999,8500.0,8504.000039999999
3379,SINK_M,app1,Actuator,M.Action,18,58,89,72,Generator,0,8504.000039999999,8504.000039999999,8500.0,8504.000039999999
3380,SINK_M,app1,Actuator,M.Action,19,59,51,72,Generator,0,8504.000039999999,8504.000039999999,8500.0,8504.000039999999
3382,SINK_M,app1,Actuator,M.Action,21,61,317,72,Generator,0,8504.000039999999,8504.000039999999,8500.0,8504.000039999999
3388,SINK_M,app1,Actuator,M.Action,27,67,198,72,Generator,0,8504.000039999999,8504.000039999999,8500.0,8504.000039999999
3397,SINK_M,app1,Actuator,M.Action,36,76,168,72,Generator,0,8504.000039999999,8504.000039999999,8500.0,8504.000039999999
3372,SINK_M,app1,Actuator,M.Action,11,51,0,72,Generator,0,8505.000049999999,8505.000049999999,8500.0,8505.000049999999
3385,SINK_M,app1,Actuator,M.Action,24,64,89,72,Generator,0,8505.000049999999,8505.000049999999,8500.0,8505.000049999999
3389,SINK_M,app1,Actuator,M.Action,28,68,198,72,Generator,0,8505.000049999999,8505.000049999999,8500.0,8505.000049999999
3392,SINK_M,app1,Actuator,M.Action,31,71,51,72,Generator,0,8505.000049999999,8505.000049999999,8500.0,8505.000049999999
3394,SINK_M,app1,Actuator,M.Action,33,73,317,72,Generator,0,8505.000049999999,8505.000049999999,8500.0,8505.000049999999
3398,SINK_M,app1,Actuator,M.Action,37,77,168,72,Generator,0,8505.000049999999,8505.000049999999,8500.0,8505.000049999999
3376,SINK_M,app1,Actuator,M.Action,15,55,0,72,Generator,0,8506.000059999998,8506.000059999998,8500.0,8506.000059999998
3390,SINK_M,app1,Actuator,M.Action,29,69,89,72,Generator,0,8506.000059999998,8506.000059999998,8500.0,8506.000059999998
3400,SINK_M,app1,Actuator,M.Action,39,79,198,72,Generator,0,8506.000059999998,8506.000059999998,8500.0,8506.000059999998
3386,SINK_M,app1,Actuator,M.Action,25,65,0,72,Generator,0,8507.000069999998,8507.000069999998,8500.0,8507.000069999998
3395,SINK_M,app1,Actuator,M.Action,34,74,89,72,Generator,0,8507.000069999998,8507.000069999998,8500.0,8507.000069999998
3391,SINK_M,app1,Actuator,M.Action,30,70,0,72,Generator,0,8508.000079999998,8508.000079999998,8500.0,8508.000079999998
3396,SINK_M,app1,Actuator,M.Action,35,75,89,72,Generator,0,8508.000079999998,8508.000079999998,8500.0,8508.000079999998
3399,SINK_M,app1,Actuator,M.Action,38,78,0,72,Generator,0,8509.000089999998,8509.000089999998,8500.0,8509.000089999998
3401,SINK_M,app1,Actuator,M.Action,0,40,0,72,Generator,0,8601.00001,8601.00001,8600.0,8601.00001
3403,SINK_M,app1,Actuator,M.Action,2,42,317,72,Generator,0,8601.00001,8601.00001,8600.0,8601.00001
3404,SINK_M,app1,Actuator,M.Action,3,43,51,72,Generator,0,8601.00001,8601.00001,8600.0,8601.00001
3408,SINK_M,app1,Actuator,M.Action,7,47,198,72,Generator,0,8601.00001,8601.00001,8600.0,8601.00001
3410,SINK_M,app1,Actuator,M.Action,9,49,89,72,Generator,0,8601.00001,8601.00001,8600.0,8601.00001
3417,SINK_M,app1,Actuator,M.Action,16,56,128,72,Generator,0,8601.00001,8601.00001,8600.0,8601.00001
3421,SINK_M,app1,Actuator,M.Action,20,60,168,72,Generator,0,8601.00001,8601.00001,8600.0,8601.00001
3424,SINK_M,app1,Actuator,M.Action,23,63,228,72,Generator,0,8601.00001,8601.00001,8600.0,8601.00001
3402,SINK_M,app1,Actuator,M.Action,1,41,0,72,Generator,0,8602.00002,8602.00002,8600.0,8602.00002
3405,SINK_M,app1,Actuator,M.Action,4,44,317,72,Generator,0,8602.00002,8602.00002,8600.0,8602.00002
3407,SINK_M,app1,Actuator,M.Action,6,46,51,72,Generator,0,8602.00002,8602.00002,8600.0,8602.00002
3413,SINK_M,app1,Actuator,M.Action,12,52,198,72,Generator,0,8602.00002,8602.00002,8600.0,8602.00002
3414,SINK_M,app1,Actuator,M.Action,13,53,89,72,Generator,0,8602.00002,8602.00002,8600.0,8602.00002
3427,SINK_M,app1,Actuator,M.Action,26,66,168,72,Generator,0,8602.00002,8602.00002,8600.0,8602.00002
3406,SINK_M,app1,Actuator,M.Action,5,45,0,72,Generator,0,8603.00003,8603.00003,8600.0,8603.00003
3409,SINK_M,app1,Actuator,M.Action,8,48,51,72,Generator,0,8603.00003,8603.00003,8600.0,8603.00003
3415,SINK_M,app1,Actuator,M.Action,14,54,89,72,Generator,0,8603.00003,8603.00003,8600.0,8603.00003
3418,SINK_M,app1,Actuator,M.Action,17,57,317,72,Generator,0,8603.00003,8603.00003,8600.0,8603.00003
3423,SINK_M,app1,Actuator,M.Action,22,62,198,72,Generator,0,8603.00003,8603.00003,8600.0,8603.00003
3433,SINK_M,app1,Actuator,M.Action,32,72,168,72,Generator,0,8603.00003,8603.00003,8600.0,8603.00003
3411,SINK_M,app1,Actuator,M.Action,10,50,0,72,Generator,0,8604.000039999999,8604.000039999999,8600.0,8604.000039999999
3419,SINK_M,app1,Actuator,M.Action,18,58,89,72,Generator,0,8604.000039999999,8604.000039999999,8600.0,8604.000039999999
3420,SINK_M,app1,Actuator,M.Action,19,59,51,72,Generator,0,8604.000039999999,8604.000039999999,8600.0,8604.000039999999
3422,SINK_M,app1,Actuator,M.Action,21,61,317,72,Generator,0,8604.000039999999,8604.000039999999,8600.0,8604.000039999999
3428,SINK_M,app1,Actuator,M.Action,27,67,198,72,Generator,0,8604.000039999999,8604.000039999999,8600.0,8604.000039999999
3437,SINK_M,app1,Actuator,M.Action,36,76,168,72,Generator,0,8604.000039999999,8604.000039999999,8600.0,8604.000039999999
3412,SINK_M,app1,Actuator,M.Action,11,51,0,72,Generator,0,8605.000049999999,8605.000049999999,8600.0,8605.000049999999
3425,SINK_M,app1,Actuator,M.Action,24,64,89,72,Generator,0,8605.000049999999,8605.000049999999,8600.0,8605.000049999999
3429,SINK_M,app1,Actuator,M.Action,28,68,198,72,Generator,0,8605.000049999999,8605.000049999999,8600.0,8605.000049999999
3432,SINK_M,app1,Actuator,M.Action,31,71,51,72,Generator,0,8605.000049999999,8605.000049999999,8600.0,8605.000049999999
3434,SINK_M,app1,Actuator,M.Action,33,73,317,72,Generator,0,8605.000049999999,8605.000049999999,8600.0,8605.000049999999
3438,SINK_M,app1,Actuator,M.Action,37,77,168,72,Generator,0,8605.000049999999,8605.000049999999,8600.0,8605.000049999999
3416,SINK_M,app1,Actuator,M.Action,15,55,0,72,Generator,0,8606.000059999998,8606.000059999998,8600.0,8606.000059999998
3430,SINK_M,app1,Actuator,M.Action,29,69,89,72,Generator,0,8606.000059999998,8606.000059999998,8600.0,8606.000059999998
3440,SINK_M,app1,Actuator,M.Action,39,79,198,72,Generator,0,8606.000059999998,8606.000059999998,8600.0,8606.000059999998
3426,SINK_M,app1,Actuator,M.Action,25,65,0,72,Generator,0,8607.000069999998,8607.000069999998,8600.0,8607.000069999998
3435,SINK_M,app1,Actuator,M.Action,34,74,89,72,Generator,0,8607.000069999998,8607.000069999998,8600.0,8607.000069999998
3431,SINK_M,app1,Actuator,M.Action,30,70,0,72,Generator,0,8608.000079999998,8608.000079999998,8600.0,8608.000079999998
3436,SINK_M,app1,Actuator,M.Action,35,75,89,72,Generator,0,8608.000079999998,8608.000079999998,8600.0,8608.000079999998
3439,SINK_M,app1,Actuator,M.Action,38,78,0,72,Generator,0,8609.000089999998,8609.000089999998,8600.0,8609.000089999998
3441,SINK_M,app1,Actuator,M.Action,0,40,0,72,Generator,0,8701.00001,8701.00001,8700.0,8701.00001
3443,SINK_M,app1,Actuator,M.Action,2,42,317,72,Generator,0,8701.00001,8701.00001,8700.0,8701.00001
3444,SINK_M,app1,Actuator,M.Action,3,43,51,72,Generator,0,8701.00001,8701.00001,8700.0,8701.00001
3448,SINK_M,app1,Actuator,M.Action,7,47,198,72,Generator,0,8701.00001,8701.00001,8700.0,8701.00001
3450,SINK_M,app1,Actuator,M.Action,9,49,89,72,Generator,0,8701.00001,8701.00001,8700.0,8701.00001
3457,SINK_M,app1,Actuator,M.Action,16,56,128,72,Generator,0,8701.00001,8701.00001,8700.0,8701.00001
3461,SINK_M,app1,Actuator,M.Action,20,60,168,72,Generator,0,8701.00001,8701.00001,8700.0,8701.00001
3464,SINK_M,app1,Actuator,M.Action,23,63,228,72,Generator,0,8701.00001,8701.00001,8700.0,8701.00001
3442,SINK_M,app1,Actuator,M.Action,1,41,0,72,Generator,0,8702.00002,8702.00002,8700.0,8702.00002
3445,SINK_M,app1,Actuator,M.Action,4,44,317,72,Generator,0,8702.00002,8702.00002,8700.0,8702.00002
3447,SINK_M,app1,Actuator,M.Action,6,46,51,72,Generator,0,8702.00002,8702.00002,8700.0,8702.00002
3453,SINK_M,app1,Actuator,M.Action,12,52,198,72,Generator,0,8702.00002,8702.00002,8700.0,8702.00002
3454,SINK_M,app1,Actuator,M.Action,13,53,89,72,Generator,0,8702.00002,8702.00002,8700.0,8702.00002
3467,SINK_M,app1,Actuator,M.Action,26,66,168,72,Generator,0,8702.00002,8702.00002,8700.0,8702.00002
3446,SINK_M,app1,Actuator,M.Action,5,45,0,72,Generator,0,8703.00003,8703.00003,8700.0,8703.00003
3449,SINK_M,app1,Actuator,M.Action,8,48,51,72,Generator,0,8703.00003,8703.00003,8700.0,8703.00003
3455,SINK_M,app1,Actuator,M.Action,14,54,89,72,Generator,0,8703.00003,8703.00003,8700.0,8703.00003
3458,SINK_M,app1,Actuator,M.Action,17,57,317,72,Generator,0,8703.00003,8703.00003,8700.0,8703.00003
3463,SINK_M,app1,Actuator,M.Action,22,62,198,72,Generator,0,8703.00003,8703.00003,8700.0,8703.00003
3473,SINK_M,app1,Actuator,M.Action,32,72,168,72,Generator,0,8703.00003,8703.00003,8700.0,8703.00003
3451,SINK_M,app1,Actuator,M.Action,10,50,0,72,Generator,0,8704.000039999999,8704.000039999999,8700.0,8704.000039999999
3459,SINK_M,app1,Actuator,M.Action,18,58,89,72,Generator,0,8704.000039999999,8704.000039999999,8700.0,8704.000039999999
3460,SINK_M,app1,Actuator,M.Action,19,59,51,72,Generator,0,8704.000039999999,8704.000039999999,8700.0,8704.000039999999
3462,SINK_M,app1,Actuator,M.Action,21,61,317,72,Generator,0,8704.000039999999,8704.000039999999,8700.0,8704.000039999999
3468,SINK_M,app1,Actuator,M.Action,27,67,198,72,Generator,0,8704.000039999999,8704.000039999999,8700.0,8704.000039999999
3477,SINK_M,app1,Actuator,M.Action,36,76,168,72,Generator,0,8704.000039999999,8704.000039999999,8700.0,8704.000039999999
3452,SINK_M,app1,Actuator,M.Action,11,51,0,72,Generator,0,8705.000049999999,8705.000049999999,8700.0,8705.000049999999
3465,SINK_M,app1,Actuator,M.Action,24,64,89,72,Generator,0,8705.000049999999,8705.000049999999,8700.0,8705.000049999999
3469,SINK_M,app1,Actuator,M.Action,28,68,198,72,Generator,0,8705.000049999999,8705.000049999999,8700.0,8705.000049999999
3472,SINK_M,app1,Actuator,M.Action,31,71,51,72,Generator,0,8705.000049999999,8705.000049999999,8700.0,8705.000049999999
3474,SINK_M,app1,Actuator,M.Action,33,73,317,72,Generator,0,8705.000049999999,8705.000049999999,8700.0,8705.000049999999
3478,SINK_M,app1,Actuator,M.Action,37,77,168,72,Generator,0,8705.000049999999,8705.000049999999,8700.0,8705.000049999999
3456,SINK_M,app1,Actuator,M.Action,15,55,0,72,Generator,0,8706.000059999998,8706.000059999998,8700.0,8706.000059999998
3470,SINK_M,app1,Actuator,M.Action,29,69,89,72,Generator,0,8706.000059999998,8706.000059999998,8700.0,8706.000059999998
3480,SINK_M,app1,Actuator,M.Action,39,79,198,72,Generator,0,8706.000059999998,8706.000059999998,8700.0,8706.000059999998
3466,SINK_M,app1,Actuator,M.Action,25,65,0,72,Generator,0,8707.000069999998,8707.000069999998,8700.0,8707.000069999998
3475,SINK_M,app1,Actuator,M.Action,34,74,89,72,Generator,0,8707.000069999998,8707.000069999998,8700.0,8707.000069999998
3471,SINK_M,app1,Actuator,M.Action,30,70,0,72,Generator,0,8708.000079999998,8708.000079999998,8700.0,8708.000079999998
3476,SINK_M,app1,Actuator,M.Action,35,75,89,72,Generator,0,8708.000079999998,8708.000079999998,8700.0,8708.000079999998
3479,SINK_M,app1,Actuator,M.Action,38,78,0,72,Generator,0,8709.000089999998,8709.000089999998,8700.0,8709.000089999998
3481,SINK_M,app1,Actuator,M.Action,0,40,0,72,Generator,0,8801.00001,8801.00001,8800.0,8801.00001
3483,SINK_M,app1,Actuator,M.Action,2,42,317,72,Generator,0,8801.00001,8801.00001,8800.0,8801.00001
3484,SINK_M,app1,Actuator,M.Action,3,43,51,72,Generator,0,8801.00001,8801.00001,8800.0,8801.00001
3488,SINK_M,app1,Actuator,M.Action,7,47,198,72,Generator,0,8801.00001,8801.00001,8800.0,8801.00001
3490,SINK_M,app1,Actuator,M.Action,9,49,89,72,Generator,0,8801.00001,8801.00001,8800.0,8801.00001
3497,SINK_M,app1,Actuator,M.Action,16,56,128,72,Generator,0,8801.00001,8801.00001,8800.0,8801.00001
3501,SINK_M,app1,Actuator,M.Action,20,60,168,72,Generator,0,8801.00001,8801.00001,8800.0,8801.00001
3504,SINK_M,app1,Actuator,M.Action,23,63,228,72,Generator,0,8801.00001,8801.00001,8800.0,8801.00001
3482,SINK_M,app1,Actuator,M.Action,1,41,0,72,Generator,0,8802.00002,8802.00002,8800.0,8802.00002
3485,SINK_M,app1,Actuator,M.Action,4,44,317,72,Generator,0,8802.00002,8802.00002,8800.0,8802.00002
3487,SINK_M,app1,Actuator,M.Action,6,46,51,72,Generator,0,8802.00002,8802.00002,8800.0,8802.00002
3493,SINK_M,app1,Actuator,M.Action,12,52,198,72,Generator,0,8802.00002,8802.00002,8800.0,8802.00002
3494,SINK_M,app1,Actuator,M.Action,13,53,89,72,Generator,0,8802.00002,8802.00002,8800.0,8802.00002
3507,SINK_M,app1,Actuator,M.Action,26,66,168,72,Generator,0,8802.00002,8802.00002,8800.0,8802.00002
3486,SINK_M,app1,Actuator,M.Action,5,45,0,72,Generator,0,8803.00003,8803.00003,8800.0,8803.00003
3489,SINK_M,app1,Actuator,M.Action,8,48,51,72,Generator,0,8803.00003,8803.00003,8800.0,8803.00003
3495,SINK_M,app1,Actuator,M.Action,14,54,89,72,Generator,0,8803.00003,8803.00003,8800.0,8803.00003
3498,SINK_M,app1,Actuator,M.Action,17,57,317,72,Generator,0,8803.00003,8803.00003,8800.0,8803.00003
3503,SINK_M,app1,Actuator,M.Action,22,62,198,72,Generator,0,8803.00003,8803.00003,8800.0,8803.00003
3513,SINK_M,app1,Actuator,M.Action,32,72,168,72,Generator,0,8803.00003,8803.00003,8800.0,8803.00003
3491,SINK_M,app1,Actuator,M.Action,10,50,0,72,Generator,0,8804.000039999999,8804.000039999999,8800.0,8804.000039999999
3499,SINK_M,app1,Actuator,M.Action,18,58,89,72,Generator,0,8804.000039999999,8804.000039999999,8800.0,8804.000039999999
3500,SINK_M,app1,Actuator,M.Action,19,59,51,72,Generator,0,8804.000039999999,8804.000039999999,8800.0,8804.000039999999
3502,SINK_M,app1,Actuator,M.Action,21,61,317,72,Generator,0,8804.000039999999,8804.000039999999,8800.0,8804.000039999999
3508,SINK_M,app1,Actuator,M.Action,27,67,198,72,Generator,0,8804.000039999999,8804.000039999999,8800.0,8804.000039999999
3517,SINK_M,app1,Actuator,M.Action,36,76,168,72,Generator,0,8804.000039999999,8804.000039999999,8800.0,8804.000039999999
3492,SINK_M,app1,Actuator,M.Action,11,51,0,72,Generator,0,8805.000049999999,8805.000049999999,8800.0,8805.000049999999
3505,SINK_M,app1,Actuator,M.Action,24,64,89,72,Generator,0,8805.000049999999,8805.000049999999,8800.0,8805.000049999999
3509,SINK_M,app1,Actuator,M.Action,28,68,198,72,Generator,0,8805.000049999999,8805.000049999999,8800.0,8805.000049999999
3512,SINK_M,app1,Actuator,M.Action,31,71,51,72,Generator,0,8805.000049999999,8805.000049999999,8800.0,8805.000049999999
3514,SINK_M,app1,Actuator,M.Action,33,73,317,72,Generator,0,8805.000049999999,8805.000049999999,8800.0,8805.000049999999
3518,SINK_M,app1,Actuator,M.Action,37,77,168,72,Generator,0,8805.000049999999,8805.000049999999,8800.0,8805.000049999999
3496,SINK_M,app1,Actuator,M.Action,15,55,0,72,Generator,0,8806.000059999998,8806.000059999998,8800.0,8806.000059999998
3510,SINK_M,app1,Actuator,M.Action,29,69,89,72,Generator,0,8806.000059999998,8806.000059999998,8800.0,8806.000059999998
3520,SINK_M,app1,Actuator,M.Action,39,79,198,72,Generator,0,8806.000059999998,8806.000059999998,8800.0,8806.000059999998
3506,SINK_M,app1,Actuator,M.Action,25,65,0,72,Generator,0,8807.000069999998,8807.000069999998,8800.0,8807.000069999998
3515,SINK_M,app1,Actuator,M.Action,34,74,89,72,Generator,0,8807.000069999998,8807.000069999998,8800.0,8807.000069999998
3511,SINK_M,app1,Actuator,M.Action,30,70,0,72,Generator,0,8808.000079999998,8808.000079999998,8800.0,8808.000079999998
3516,SINK_M,app1,Actuator,M.Action,35,75,89,72,Generator,0,8808.000079999998,8808.000079999998,8800.0,8808.000079999998
3519,SINK_M,app1,Actuator,M.Action,38,78,0,72,Generator,0,8809.000089999998,8809.000089999998,8800.0,8809.000089999998
3521,SINK_M,app1,Actuator,M.Action,0,40,0,72,Generator,0,8901.00001,8901.00001,8900.0,8901.00001
3523,SINK_M,app1,Actuator,M.Action,2,42,317,72,Generator,0,8901.00001,8901.00001,8900.0,8901.00001
3524,SINK_M,app1,Actuator,M.Action,3,43,51,72,Generator,0,8901.00001,8901.00001,8900.0,8901.00001
3528,SINK_M,app1,Actuator,M.Action,7,47,198,72,Generator,0,8901.00001,8901.00001,8900.0,8901.00001
3530,SINK_M,app1,Actuator,M.Action,9,49,89,72,Generator,0,8901.00001,8901.00001,8900.0,8901.00001
3537,SINK_M,app1,Actuator,M.Action,16,56,128,72,Generator,0,8901.00001,8901.00001,8900.0,8901.00001
3541,SINK_M,app1,Actuator,M.Action,20,60,168,72,Generator,0,8901.00001,8901.00001,8900.0,8901.00001
3544,SINK_M,app1,Actuator,M.Action,23,63,228,72,Generator,0,8901.00001,8901.00001,8900.0,8901.00001
3522,SINK_M,app1,Actuator,M.Action,1,41,0,72,Generator,0,8902.00002,8902.00002,8900.0,8902.00002
3525,SINK_M,app1,Actuator,M.Action,4,44,317,72,Generator,0,8902.00002,8902.00002,8900.0,8902.00002
3527,SINK_M,app1,Actuator,M.Action,6,46,51,72,Generator,0,8902.00002,8902.00002,8900.0,8902.00002
3533,SINK_M,app1,Actuator,M.Action,12,52,198,72,Generator,0,8902.00002,8902.00002,8900.0,8902.00002
3534,SINK_M,app1,Actuator,M.Action,13,53,89,72,Generator,0,8902.00002,8902.00002,8900.0,8902.00002
3547,SINK_M,app1,Actuator,M.Action,26,66,168,72,Generator,0,8902.00002,8902.00002,8900.0,8902.00002
3526,SINK_M,app1,Actuator,M.Action,5,45,0,72,Generator,0,8903.00003,8903.00003,8900.0,8903.00003
3529,SINK_M,app1,Actuator,M.Action,8,48,51,72,Generator,0,8903.00003,8903.00003,8900.0,8903.00003
3535,SINK_M,app1,Actuator,M.Action,14,54,89,72,Generator,0,8903.00003,8903.00003,8900.0,8903.00003
3538,SINK_M,app1,Actuator,M.Action,17,57,317,72,Generator,0,8903.00003,8903.00003,8900.0,8903.00003
3543,SINK_M,app1,Actuator,M.Action,22,62,198,72,Generator,0,8903.00003,8903.00003,8900.0,8903.00003
3553,SINK_M,app1,Actuator,M.Action,32,72,168,72,Generator,0,8903.00003,8903.00003,8900.0,8903.00003
3531,SINK_M,app1,Actuator,M.Action,10,50,0,72,Generator,0,8904.000039999999,8904.000039999999,8900.0,8904.000039999999
3539,SINK_M,app1,Actuator,M.Action,18,58,89,72,Generator,0,8904.000039999999,8904.000039999999,8900.0,8904.000039999999
3540,SINK_M,app1,Actuator,M.Action,19,59,51,72,Generator,0,8904.000039999999,8904.000039999999,8900.0,8904.000039999999
3542,SINK_M,app1,Actuator,M.Action,21,61,317,72,Generator,0,8904.000039999999,8904.000039999999,8900.0,8904.000039999999
3548,SINK_M,app1,Actuator,M.Action,27,67,198,72,Generator,0,8904.000039999999,8904.000039999999,8900.0,8904.000039999999
3557,SINK_M,app1,Actuator,M.Action,36,76,168,72,Generator,0,8904.000039999999,8904.000039999999,8900.0,8904.000039999999
3532,SINK_M,app1,Actuator,M.Action,11,51,0,72,Generator,0,8905.000049999999,8905.000049999999,8900.0,8905.000049999999
3545,SINK_M,app1,Actuator,M.Action,24,64,89,72,Generator,0,8905.000049999999,8905.000049999999,8900.0,8905.000049999999
3549,SINK_M,app1,Actuator,M.Action,28,68,198,72,Generator,0,8905.000049999999,8905.000049999999,8900.0,8905.000049999999
3552,SINK_M,app1,Actuator,M.Action,31,71,51,72,Generator,0,8905.000049999999,8905.000049999999,8900.0,8905.000049999999
3554,SINK_M,app1,Actuator,M.Action,33,73,317,72,Generator,0,8905.000049999999,8905.000049999999,8900.0,8905.000049999999
3558,SINK_M,app1,Actuator,M.Action,37,77,168,72,Generator,0,8905.000049999999,8905.000049999999,8900.0,8905.000049999999
3536,SINK_M,app1,Actuator,M.Action,15,55,0,72,Generator,0,8906.000059999998,8906.000059999998,8900.0,8906.000059999998
3550,SINK_M,app1,Actuator,M.Action,29,69,89,72,Generator,0,8906.000059999998,8906.000059999998,8900.0,8906.000059999998
3560,SINK_M,app1,Actuator,M.Action,39,79,198,72,Generator,0,8906.000059999998,8906.000059999998,8900.0,8906.000059999998
3546,SINK_M,app1,Actuator,M.Action,25,65,0,72,Generator,0,8907.000069999998,8907.000069999998,8900.0,8907.000069999998
3555,SINK_M,app1,Actuator,M.Action,34,74,89,72,Generator,0,8907.000069999998,8907.000069999998,8900.0,8907.000069999998
3551,SINK_M,app1,Actuator,M.Action,30,70,0,72,Generator,0,8908.000079999998,8908.000079999998,8900.0,8908.000079999998
3556,SINK_M,app1,Actuator,M.Action,35,75,89,72,Generator,0,8908.000079999998,8908.000079999998,8900.0,8908.000079999998
3559,SINK_M,app1,Actuator,M.Action,38,78,0,72,Generator,0,8909.000089999998,8909.000089999998,8900.0,8909.000089999998
3561,SINK_M,app1,Actuator,M.Action,0,40,0,72,Generator,0,9001.00001,9001.00001,9000.0,9001.00001
3563,SINK_M,app1,Actuator,M.Action,2,42,317,72,Generator,0,9001.00001,9001.00001,9000.0,9001.00001
3564,SINK_M,app1,Actuator,M.Action,3,43,51,72,Generator,0,9001.00001,9001.00001,9000.0,9001.00001
3568,SINK_M,app1,Actuator,M.Action,7,47,198,72,Generator,0,9001.00001,9001.00001,9000.0,9001.00001
3570,SINK_M,app1,Actuator,M.Action,9,49,89,72,Generator,0,9001.00001,9001.00001,9000.0,9001.00001
3577,SINK_M,app1,Actuator,M.Action,16,56,128,72,Generator,0,9001.00001,9001.00001,9000.0,9001.00001
3581,SINK_M,app1,Actuator,M.Action,20,60,168,72,Generator,0,9001.00001,9001.00001,9000.0,9001.00001
3584,SINK_M,app1,Actuator,M.Action,23,63,228,72,Generator,0,9001.00001,9001.00001,9000.0,9001.00001
3562,SINK_M,app1,Actuator,M.Action,1,41,0,72,Generator,0,9002.00002,9002.00002,9000.0,9002.00002
3565,SINK_M,app1,Actuator,M.Action,4,44,317,72,Generator,0,9002.00002,9002.00002,9000.0,9002.00002
3567,SINK_M,app1,Actuator,M.Action,6,46,51,72,Generator,0,9002.00002,9002.00002,9000.0,9002.00002
3573,SINK_M,app1,Actuator,M.Action,12,52,198,72,Generator,0,9002.00002,9002.00002,9000.0,9002.00002
3574,SINK_M,app1,Actuator,M.Action,13,53,89,72,Generator,0,9002.00002,9002.00002,9000.0,9002.00002
3587,SINK_M,app1,Actuator,M.Action,26,66,168,72,Generator,0,9002.00002,9002.00002,9000.0,9002.00002
3566,SINK_M,app1,Actuator,M.Action,5,45,0,72,Generator,0,9003.00003,9003.00003,9000.0,9003.00003
3569,SINK_M,app1,Actuator,M.Action,8,48,51,72,Generator,0,9003.00003,9003.00003,9000.0,9003.00003
3575,SINK_M,app1,Actuator,M.Action,14,54,89,72,Generator,0,9003.00003,9003.00003,9000.0,9003.00003
3578,SINK_M,app1,Actuator,M.Action,17,57,317,72,Generator,0,9003.00003,9003.00003,9000.0,9003.00003
3583,SINK_M,app1,Actuator,M.Action,22,62,198,72,Generator,0,9003.00003,9003.00003,9000.0,9003.00003
3593,SINK_M,app1,Actuator,M.Action,32,72,168,72,Generator,0,9003.00003,9003.00003,9000.0,9003.00003
3571,SINK_M,app1,Actuator,M.Action,10,50,0,72,Generator,0,9004.000039999999,9004.000039999999,9000.0,9004.000039999999
3579,SINK_M,app1,Actuator,M.Action,18,58,89,72,Generator,0,9004.000039999999,9004.000039999999,9000.0,9004.000039999999
3580,SINK_M,app1,Actuator,M.Action,19,59,51,72,Generator,0,9004.000039999999,9004.000039999999,9000.0,9004.000039999999
3582,SINK_M,app1,Actuator,M.Action,21,61,317,72,Generator,0,9004.000039999999,9004.000039999999,9000.0,9004.000039999999
3588,SINK_M,app1,Actuator,M.Action,27,67,198,72,Generator,0,9004.000039999999,9004.000039999999,9000.0,9004.000039999999
3597,SINK_M,app1,Actuator,M.Action,36,76,168,72,Generator,0,9004.000039999999,9004.000039999999,9000.0,9004.000039999999
3572,SINK_M,app1,Actuator,M.Action,11,51,0,72,Generator,0,9005.000049999999,9005.000049999999,9000.0,9005.000049999999
3585,SINK_M,app1,Actuator,M.Action,24,64,89,72,Generator,0,9005.000049999999,9005.000049999999,9000.0,9005.000049999999
3589,SINK_M,app1,Actuator,M.Action,28,68,198,72,Generator,0,9005.000049999999,9005.000049999999,9000.0,9005.000049999999
3592,SINK_M,app1,Actuator,M.Action,31,71,51,72,Generator,0,9005.000049999999,9005.000049999999,9000.0,9005.000049999999
3594,SINK_M,app1,Actuator,M.Action,33,73,317,72,Generator,0,9005.000049999999,9005.000049999999,9000.0,9005.000049999999
3598,SINK_M,app1,Actuator,M.Action,37,77,168,72,Generator,0,9005.000049999999,9005.000049999999,9000.0,9005.000049999999
3576,SINK_M,app1,Actuator,M.Action,15,55,0,72,Generator,0,9006.000059999998,9006.000059999998,9000.0,9006.000059999998
3590,SINK_M,app1,Actuator,M.Action,29,69,89,72,Generator,0,9006.000059999998,9006.000059999998,9000.0,9006.000059999998
3600,SINK_M,app1,Actuator,M.Action,39,79,198,72,Generator,0,9006.000059999998,9006.000059999998,9000.0,9006.000059999998
3586,SINK_M,app1,Actuator,M.Action,25,65,0,72,Generator,0,9007.000069999998,9007.000069999998,9000.0,9007.000069999998
3595,SINK_M,app1,Actuator,M.Action,34,74,89,72,Generator,0,9007.000069999998,9007.000069999998,9000.0,9007.000069999998
3591,SINK_M,app1,Actuator,M.Action,30,70,0,72,Generator,0,9008.000079999998,9008.000079999998,9000.0,9008.000079999998
3596,SINK_M,app1,Actuator,M.Action,35,75,89,72,Generator,0,9008.000079999998,9008.000079999998,9000.0,9008.000079999998
3599,SINK_M,app1,Actuator,M.Action,38,78,0,72,Generator,0,9009.000089999998,9009.000089999998,9000.0,9009.000089999998
3601,SINK_M,app1,Actuator,M.Action,0,40,0,72,Generator,0,9101.00001,9101.00001,9100.0,9101.00001
3603,SINK_M,app1,Actuator,M.Action,2,42,317,72,Generator,0,9101.00001,9101.00001,9100.0,9101.00001
3604,SINK_M,app1,Actuator,M.Action,3,43,51,72,Generator,0,9101.00001,9101.00001,9100.0,9101.00001
3608,SINK_M,app1,Actuator,M.Action,7,47,198,72,Generator,0,9101.00001,9101.00001,9100.0,9101.00001
3610,SINK_M,app1,Actuator,M.Action,9,49,89,72,Generator,0,9101.00001,9101.00001,9100.0,9101.00001
3617,SINK_M,app1,Actuator,M.Action,16,56,128,72,Generator,0,9101.00001,9101.00001,9100.0,9101.00001
3621,SINK_M,app1,Actuator,M.Action,20,60,168,72,Generator,0,9101.00001,9101.00001,9100.0,9101.00001
3624,SINK_M,app1,Actuator,M.Action,23,63,228,72,Generator,0,9101.00001,9101.00001,9100.0,9101.00001
3602,SINK_M,app1,Actuator,M.Action,1,41,0,72,Generator,0,9102.00002,9102.00002,9100.0,9102.00002
3605,SINK_M,app1,Actuator,M.Action,4,44,317,72,Generator,0,9102.00002,9102.00002,9100.0,9102.00002
3607,SINK_M,app1,Actuator,M.Action,6,46,51,72,Generator,0,9102.00002,9102.00002,9100.0,9102.00002
3613,SINK_M,app1,Actuator,M.Action,12,52,198,72,Generator,0,9102.00002,9102.00002,9100.0,9102.00002
3614,SINK_M,app1,Actuator,M.Action,13,53,89,72,Generator,0,9102.00002,9102.00002,9100.0,9102.00002
3627,SINK_M,app1,Actuator,M.Action,26,66,168,72,Generator,0,9102.00002,9102.00002,9100.0,9102.00002
3606,SINK_M,app1,Actuator,M.Action,5,45,0,72,Generator,0,9103.00003,9103.00003,9100.0,9103.00003
3609,SINK_M,app1,Actuator,M.Action,8,48,51,72,Generator,0,9103.00003,9103.00003,9100.0,9103.00003
3615,SINK_M,app1,Actuator,M.Action,14,54,89,72,Generator,0,9103.00003,9103.00003,9100.0,9103.00003
3618,SINK_M,app1,Actuator,M.Action,17,57,317,72,Generator,0,9103.00003,9103.00003,9100.0,9103.00003
3623,SINK_M,app1,Actuator,M.Action,22,62,198,72,Generator,0,9103.00003,9103.00003,9100.0,9103.00003
3633,SINK_M,app1,Actuator,M.Action,32,72,168,72,Generator,0,9103.00003,9103.00003,9100.0,9103.00003
3611,SINK_M,app1,Actuator,M.Action,10,50,0,72,Generator,0,9104.000039999999,9104.000039999999,9100.0,9104.000039999999
3619,SINK_M,app1,Actuator,M.Action,18,58,89,72,Generator,0,9104.000039999999,9104.000039999999,9100.0,9104.000039999999
3620,SINK_M,app1,Actuator,M.Action,19,59,51,72,Generator,0,9104.000039999999,9104.000039999999,9100.0,9104.000039999999
3622,SINK_M,app1,Actuator,M.Action,21,61,317,72,Generator,0,9104.000039999999,9104.000039999999,9100.0,9104.000039999999
3628,SINK_M,app1,Actuator,M.Action,27,67,198,72,Generator,0,9104.000039999999,9104.000039999999,9100.0,9104.000039999999
3637,SINK_M,app1,Actuator,M.Action,36,76,168,72,Generator,0,9104.000039999999,9104.000039999999,9100.0,9104.000039999999
3612,SINK_M,app1,Actuator,M.Action,11,51,0,72,Generator,0,9105.000049999999,9105.000049999999,9100.0,9105.000049999999
3625,SINK_M,app1,Actuator,M.Action,24,64,89,72,Generator,0,9105.000049999999,9105.000049999999,9100.0,9105.000049999999
3629,SINK_M,app1,Actuator,M.Action,28,68,198,72,Generator,0,9105.000049999999,9105.000049999999,9100.0,9105.000049999999
3632,SINK_M,app1,Actuator,M.Action,31,71,51,72,Generator,0,9105.000049999999,9105.000049999999,9100.0,9105.000049999999
3634,SINK_M,app1,Actuator,M.Action,33,73,317,72,Generator,0,9105.000049999999,9105.000049999999,9100.0,9105.000049999999
3638,SINK_M,app1,Actuator,M.Action,37,77,168,72,Generator,0,9105.000049999999,9105.000049999999,9100.0,9105.000049999999
3616,SINK_M,app1,Actuator,M.Action,15,55,0,72,Generator,0,9106.000059999998,9106.000059999998,9100.0,9106.000059999998
3630,SINK_M,app1,Actuator,M.Action,29,69,89,72,Generator,0,9106.000059999998,9106.000059999998,9100.0,9106.000059999998
3640,SINK_M,app1,Actuator,M.Action,39,79,198,72,Generator,0,9106.000059999998,9106.000059999998,9100.0,9106.000059999998
3626,SINK_M,app1,Actuator,M.Action,25,65,0,72,Generator,0,9107.000069999998,9107.000069999998,9100.0,9107.000069999998
3635,SINK_M,app1,Actuator,M.Action,34,74,89,72,Generator,0,9107.000069999998,9107.000069999998,9100.0,9107.000069999998
3631,SINK_M,app1,Actuator,M.Action,30,70,0,72,Generator,0,9108.000079999998,9108.000079999998,9100.0,9108.000079999998
3636,SINK_M,app1,Actuator,M.Action,35,75,89,72,Generator,0,9108.000079999998,9108.000079999998,9100.0,9108.000079999998
3639,SINK_M,app1,Actuator,M.Action,38,78,0,72,Generator,0,9109.000089999998,9109.000089999998,9100.0,9109.000089999998
3641,SINK_M,app1,Actuator,M.Action,0,40,0,72,Generator,0,9201.00001,9201.00001,9200.0,9201.00001
3643,SINK_M,app1,Actuator,M.Action,2,42,317,72,Generator,0,9201.00001,9201.00001,9200.0,9201.00001
3644,SINK_M,app1,Actuator,M.Action,3,43,51,72,Generator,0,9201.00001,9201.00001,9200.0,9201.00001
3648,SINK_M,app1,Actuator,M.Action,7,47,198,72,Generator,0,9201.00001,9201.00001,9200.0,9201.00001
3650,SINK_M,app1,Actuator,M.Action,9,49,89,72,Generator,0,9201.00001,9201.00001,9200.0,9201.00001
3657,SINK_M,app1,Actuator,M.Action,16,56,128,72,Generator,0,9201.00001,9201.00001,9200.0,9201.00001
3661,SINK_M,app1,Actuator,M.Action,20,60,168,72,Generator,0,9201.00001,9201.00001,9200.0,9201.00001
3664,SINK_M,app1,Actuator,M.Action,23,63,228,72,Generator,0,9201.00001,9201.00001,9200.0,9201.00001
3642,SINK_M,app1,Actuator,M.Action,1,41,0,72,Generator,0,9202.00002,9202.00002,9200.0,9202.00002
3645,SINK_M,app1,Actuator,M.Action,4,44,317,72,Generator,0,9202.00002,9202.00002,9200.0,9202.00002
3647,SINK_M,app1,Actuator,M.Action,6,46,51,72,Generator,0,9202.00002,9202.00002,9200.0,9202.00002
3653,SINK_M,app1,Actuator,M.Action,12,52,198,72,Generator,0,9202.00002,9202.00002,9200.0,9202.00002
3654,SINK_M,app1,Actuator,M.Action,13,53,89,72,Generator,0,9202.00002,9202.00002,9200.0,9202.00002
3667,SINK_M,app1,Actuator,M.Action,26,66,168,72,Generator,0,9202.00002,9202.00002,9200.0,9202.00002
3646,SINK_M,app1,Actuator,M.Action,5,45,0,72,Generator,0,9203.00003,9203.00003,9200.0,9203.00003
3649,SINK_M,app1,Actuator,M.Action,8,48,51,72,Generator,0,9203.00003,9203.00003,9200.0,9203.00003
3655,SINK_M,app1,Actuator,M.Action,14,54,89,72,Generator,0,9203.00003,9203.00003,9200.0,9203.00003
3658,SINK_M,app1,Actuator,M.Action,17,57,317,72,Generator,0,9203.00003,9203.00003,9200.0,9203.00003
3663,SINK_M,app1,Actuator,M.Action,22,62,198,72,Generator,0,9203.00003,9203.00003,9200.0,9203.00003
3673,SINK_M,app1,Actuator,M.Action,32,72,168,72,Generator,0,9203.00003,9203.00003,9200.0,9203.00003
3651,SINK_M,app1,Actuator,M.Action,10,50,0,72,Generator,0,9204.000039999999,9204.000039999999,9200.0,9204.000039999999
3659,SINK_M,app1,Actuator,M.Action,18,58,89,72,Generator,0,9204.000039999999,9204.000039999999,9200.0,9204.000039999999
3660,SINK_M,app1,Actuator,M.Action,19,59,51,72,Generator,0,9204.000039999999,9204.000039999999,9200.0,9204.000039999999
3662,SINK_M,app1,Actuator,M.Action,21,61,317,72,Generator,0,9204.000039999999,9204.000039999999,9200.0,9204.000039999999
3668,SINK_M,app1,Actuator,M.Action,27,67,198,72,Generator,0,9204.000039999999,9204.000039999999,9200.0,9204.000039999999
3677,SINK_M,app1,Actuator,M.Action,36,76,168,72,Generator,0,9204.000039999999,9204.000039999999,9200.0,9204.000039999999
3652,SINK_M,app1,Actuator,M.Action,11,51,0,72,Generator,0,9205.000049999999,9205.000049999999,9200.0,9205.000049999999
3665,SINK_M,app1,Actuator,M.Action,24,64,89,72,Generator,0,9205.000049999999,9205.000049999999,9200.0,9205.000049999999
3669,SINK_M,app1,Actuator,M.Action,28,68,198,72,Generator,0,9205.000049999999,9205.000049999999,9200.0,9205.000049999999
3672,SINK_M,app1,Actuator,M.Action,31,71,51,72,Generator,0,9205.000049999999,9205.000049999999,9200.0,9205.000049999999
3674,SINK_M,app1,Actuator,M.Action,33,73,317,72,Generator,0,9205.000049999999,9205.000049999999,9200.0,9205.000049999999
3678,SINK_M,app1,Actuator,M.Action,37,77,168,72,Generator,0,9205.000049999999,9205.000049999999,9200.0,9205.000049999999
3656,SINK_M,app1,Actuator,M.Action,15,55,0,72,Generator,0,9206.000059999998,9206.000059999998,9200.0,9206.000059999998
3670,SINK_M,app1,Actuator,M.Action,29,69,89,72,Generator,0,9206.000059999998,9206.000059999998,9200.0,9206.000059999998
3680,SINK_M,app1,Actuator,M.Action,39,79,198,72,Generator,0,9206.000059999998,9206.000059999998,9200.0,9206.000059999998
3666,SINK_M,app1,Actuator,M.Action,25,65,0,72,Generator,0,9207.000069999998,9207.000069999998,9200.0,9207.000069999998
3675,SINK_M,app1,Actuator,M.Action,34,74,89,72,Generator,0,9207.000069999998,9207.000069999998,9200.0,9207.000069999998
3671,SINK_M,app1,Actuator,M.Action,30,70,0,72,Generator,0,9208.000079999998,9208.000079999998,9200.0,9208.000079999998
3676,SINK_M,app1,Actuator,M.Action,35,75,89,72,Generator,0,9208.000079999998,9208.000079999998,9200.0,9208.000079999998
3679,SINK_M,app1,Actuator,M.Action,38,78,0,72,Generator,0,9209.000089999998,9209.000089999998,9200.0,9209.000089999998
3681,SINK_M,app1,Actuator,M.Action,0,40,0,72,Generator,0,9301.00001,9301.00001,9300.0,9301.00001
3683,SINK_M,app1,Actuator,M.Action,2,42,317,72,Generator,0,9301.00001,9301.00001,9300.0,9301.00001
3684,SINK_M,app1,Actuator,M.Action,3,43,51,72,Generator,0,9301.00001,9301.00001,9300.0,9301.00001
3688,SINK_M,app1,Actuator,M.Action,7,47,198,72,Generator,0,9301.00001,9301.00001,9300.0,9301.00001
3690,SINK_M,app1,Actuator,M.Action,9,49,89,72,Generator,0,9301.00001,9301.00001,9300.0,9301.00001
3697,SINK_M,app1,Actuator,M.Action,16,56,128,72,Generator,0,9301.00001,9301.00001,9300.0,9301.00001
3701,SINK_M,app1,Actuator,M.Action,20,60,168,72,Generator,0,9301.00001,9301.00001,9300.0,9301.00001
3704,SINK_M,app1,Actuator,M.Action,23,63,228,72,Generator,0,9301.00001,9301.00001,9300.0,9301.00001
3682,SINK_M,app1,Actuator,M.Action,1,41,0,72,Generator,0,9302.00002,9302.00002,9300.0,9302.00002
3685,SINK_M,app1,Actuator,M.Action,4,44,317,72,Generator,0,9302.00002,9302.00002,9300.0,9302.00002
3687,SINK_M,app1,Actuator,M.Action,6,46,51,72,Generator,0,9302.00002,9302.00002,9300.0,9302.00002
3693,SINK_M,app1,Actuator,M.Action,12,52,198,72,Generator,0,9302.00002,9302.00002,9300.0,9302.00002
3694,SINK_M,app1,Actuator,M.Action,13,53,89,72,Generator,0,9302.00002,9302.00002,9300.0,9302.00002
3707,SINK_M,app1,Actuator,M.Action,26,66,168,72,Generator,0,9302.00002,9302.00002,9300.0,9302.00002
3686,SINK_M,app1,Actuator,M.Action,5,45,0,72,Generator,0,9303.00003,9303.00003,9300.0,9303.00003
3689,SINK_M,app1,Actuator,M.Action,8,48,51,72,Generator,0,9303.00003,9303.00003,9300.0,9303.00003
3695,SINK_M,app1,Actuator,M.Action,14,54,89,72,Generator,0,9303.00003,9303.00003,9300.0,9303.00003
3698,SINK_M,app1,Actuator,M.Action,17,57,317,72,Generator,0,9303.00003,9303.00003,9300.0,9303.00003
3703,SINK_M,app1,Actuator,M.Action,22,62,198,72,Generator,0,9303.00003,9303.00003,9300.0,9303.00003
3713,SINK_M,app1,Actuator,M.Action,32,72,168,72,Generator,0,9303.00003,9303.00003,9300.0,9303.00003
3691,SINK_M,app1,Actuator,M.Action,10,50,0,72,Generator,0,9304.000039999999,9304.000039999999,9300.0,9304.000039999999
3699,SINK_M,app1,Actuator,M.Action,18,58,89,72,Generator,0,9304.000039999999,9304.000039999999,9300.0,9304.000039999999
3700,SINK_M,app1,Actuator,M.Action,19,59,51,72,Generator,0,9304.000039999999,9304.000039999999,9300.0,9304.000039999999
3702,SINK_M,app1,Actuator,M.Action,21,61,317,72,Generator,0,9304.000039999999,9304.000039999999,9300.0,9304.000039999999
3708,SINK_M,app1,Actuator,M.Action,27,67,198,72,Generator,0,9304.000039999999,9304.000039999999,9300.0,9304.000039999999
3717,SINK_M,app1,Actuator,M.Action,36,76,168,72,Generator,0,9304.000039999999,9304.000039999999,9300.0,9304.000039999999
3692,SINK_M,app1,Actuator,M.Action,11,51,0,72,Generator,0,9305.000049999999,9305.000049999999,9300.0,9305.000049999999
3705,SINK_M,app1,Actuator,M.Action,24,64,89,72,Generator,0,9305.000049999999,9305.000049999999,9300.0,9305.000049999999
3709,SINK_M,app1,Actuator,M.Action,28,68,198,72,Generator,0,9305.000049999999,9305.000049999999,9300.0,9305.000049999999
3712,SINK_M,app1,Actuator,M.Action,31,71,51,72,Generator,0,9305.000049999999,9305.000049999999,9300.0,9305.000049999999
3714,SINK_M,app1,Actuator,M.Action,33,73,317,72,Generator,0,9305.000049999999,9305.000049999999,9300.0,9305.000049999999
3718,SINK_M,app1,Actuator,M.Action,37,77,168,72,Generator,0,9305.000049999999,9305.000049999999,9300.0,9305.000049999999
3696,SINK_M,app1,Actuator,M.Action,15,55,0,72,Generator,0,9306.000059999998,9306.000059999998,9300.0,9306.000059999998
3710,SINK_M,app1,Actuator,M.Action,29,69,89,72,Generator,0,9306.000059999998,9306.000059999998,9300.0,9306.000059999998
3720,SINK_M,app1,Actuator,M.Action,39,79,198,72,Generator,0,9306.000059999998,9306.000059999998,9300.0,9306.000059999998
3706,SINK_M,app1,Actuator,M.Action,25,65,0,72,Generator,0,9307.000069999998,9307.000069999998,9300.0,9307.000069999998
3715,SINK_M,app1,Actuator,M.Action,34,74,89,72,Generator,0,9307.000069999998,9307.000069999998,9300.0,9307.000069999998
3711,SINK_M,app1,Actuator,M.Action,30,70,0,72,Generator,0,9308.000079999998,9308.000079999998,9300.0,9308.000079999998
3716,SINK_M,app1,Actuator,M.Action,35,75,89,72,Generator,0,9308.000079999998,9308.000079999998,9300.0,9308.000079999998
3719,SINK_M,app1,Actuator,M.Action,38,78,0,72,Generator,0,9309.000089999998,9309.000089999998,9300.0,9309.000089999998
3721,SINK_M,app1,Actuator,M.Action,0,40,0,72,Generator,0,9401.00001,9401.00001,9400.0,9401.00001
3723,SINK_M,app1,Actuator,M.Action,2,42,317,72,Generator,0,9401.00001,9401.00001,9400.0,9401.00001
3724,SINK_M,app1,Actuator,M.Action,3,43,51,72,Generator,0,9401.00001,9401.00001,9400.0,9401.00001
3728,SINK_M,app1,Actuator,M.Action,7,47,198,72,Generator,0,9401.00001,9401.00001,9400.0,9401.00001
3730,SINK_M,app1,Actuator,M.Action,9,49,89,72,Generator,0,9401.00001,9401.00001,9400.0,9401.00001
3737,SINK_M,app1,Actuator,M.Action,16,56,128,72,Generator,0,9401.00001,9401.00001,9400.0,9401.00001
3741,SINK_M,app1,Actuator,M.Action,20,60,168,72,Generator,0,9401.00001,9401.00001,9400.0,9401.00001
3744,SINK_M,app1,Actuator,M.Action,23,63,228,72,Generator,0,9401.00001,9401.00001,9400.0,9401.00001
3722,SINK_M,app1,Actuator,M.Action,1,41,0,72,Generator,0,9402.00002,9402.00002,9400.0,9402.00002
3725,SINK_M,app1,Actuator,M.Action,4,44,317,72,Generator,0,9402.00002,9402.00002,9400.0,9402.00002
3727,SINK_M,app1,Actuator,M.Action,6,46,51,72,Generator,0,9402.00002,9402.00002,9400.0,9402.00002
3733,SINK_M,app1,Actuator,M.Action,12,52,198,72,Generator,0,9402.00002,9402.00002,9400.0,9402.00002
3734,SINK_M,app1,Actuator,M.Action,13,53,89,72,Generator,0,9402.00002,9402.00002,9400.0,9402.00002
3747,SINK_M,app1,Actuator,M.Action,26,66,168,72,Generator,0,9402.00002,9402.00002,9400.0,9402.00002
3726,SINK_M,app1,Actuator,M.Action,5,45,0,72,Generator,0,9403.00003,9403.00003,9400.0,9403.00003
3729,SINK_M,app1,Actuator,M.Action,8,48,51,72,Generator,0,9403.00003,9403.00003,9400.0,9403.00003
3735,SINK_M,app1,Actuator,M.Action,14,54,89,72,Generator,0,9403.00003,9403.00003,9400.0,9403.00003
3738,SINK_M,app1,Actuator,M.Action,17,57,317,72,Generator,0,9403.00003,9403.00003,9400.0,9403.00003
3743,SINK_M,app1,Actuator,M.Action,22,62,198,72,Generator,0,9403.00003,9403.00003,9400.0,9403.00003
3753,SINK_M,app1,Actuator,M.Action,32,72,168,72,Generator,0,9403.00003,9403.00003,9400.0,9403.00003
3731,SINK_M,app1,Actuator,M.Action,10,50,0,72,Generator,0,9404.000039999999,9404.000039999999,9400.0,9404.000039999999
3739,SINK_M,app1,Actuator,M.Action,18,58,89,72,Generator,0,9404.000039999999,9404.000039999999,9400.0,9404.000039999999
3740,SINK_M,app1,Actuator,M.Action,19,59,51,72,Generator,0,9404.000039999999,9404.000039999999,9400.0,9404.000039999999
3742,SINK_M,app1,Actuator,M.Action,21,61,317,72,Generator,0,9404.000039999999,9404.000039999999,9400.0,9404.000039999999
3748,SINK_M,app1,Actuator,M.Action,27,67,198,72,Generator,0,9404.000039999999,9404.000039999999,9400.0,9404.000039999999
3757,SINK_M,app1,Actuator,M.Action,36,76,168,72,Generator,0,9404.000039999999,9404.000039999999,9400.0,9404.000039999999
3732,SINK_M,app1,Actuator,M.Action,11,51,0,72,Generator,0,9405.000049999999,9405.000049999999,9400.0,9405.000049999999
3745,SINK_M,app1,Actuator,M.Action,24,64,89,72,Generator,0,9405.000049999999,9405.000049999999,9400.0,9405.000049999999
3749,SINK_M,app1,Actuator,M.Action,28,68,198,72,Generator,0,9405.000049999999,9405.000049999999,9400.0,9405.000049999999
3752,SINK_M,app1,Actuator,M.Action,31,71,51,72,Generator,0,9405.000049999999,9405.000049999999,9400.0,9405.000049999999
3754,SINK_M,app1,Actuator,M.Action,33,73,317,72,Generator,0,9405.000049999999,9405.000049999999,9400.0,9405.000049999999
3758,SINK_M,app1,Actuator,M.Action,37,77,168,72,Generator,0,9405.000049999999,9405.000049999999,9400.0,9405.000049999999
3736,SINK_M,app1,Actuator,M.Action,15,55,0,72,Generator,0,9406.000059999998,9406.000059999998,9400.0,9406.000059999998
3750,SINK_M,app1,Actuator,M.Action,29,69,89,72,Generator,0,9406.000059999998,9406.000059999998,9400.0,9406.000059999998
3760,SINK_M,app1,Actuator,M.Action,39,79,198,72,Generator,0,9406.000059999998,9406.000059999998,9400.0,9406.000059999998
3746,SINK_M,app1,Actuator,M.Action,25,65,0,72,Generator,0,9407.000069999998,9407.000069999998,9400.0,9407.000069999998
3755,SINK_M,app1,Actuator,M.Action,34,74,89,72,Generator,0,9407.000069999998,9407.000069999998,9400.0,9407.000069999998
3751,SINK_M,app1,Actuator,M.Action,30,70,0,72,Generator,0,9408.000079999998,9408.000079999998,9400.0,9408.000079999998
3756,SINK_M,app1,Actuator,M.Action,35,75,89,72,Generator,0,9408.000079999998,9408.000079999998,9400.0,9408.000079999998
3759,SINK_M,app1,Actuator,M.Action,38,78,0,72,Generator,0,9409.000089999998,9409.000089999998,9400.0,9409.000089999998
3761,SINK_M,app1,Actuator,M.Action,0,40,0,72,Generator,0,9501.00001,9501.00001,9500.0,9501.00001
3763,SINK_M,app1,Actuator,M.Action,2,42,317,72,Generator,0,9501.00001,9501.00001,9500.0,9501.00001
3764,SINK_M,app1,Actuator,M.Action,3,43,51,72,Generator,0,9501.00001,9501.00001,9500.0,9501.00001
3768,SINK_M,app1,Actuator,M.Action,7,47,198,72,Generator,0,9501.00001,9501.00001,9500.0,9501.00001
3770,SINK_M,app1,Actuator,M.Action,9,49,89,72,Generator,0,9501.00001,9501.00001,9500.0,9501.00001
3777,SINK_M,app1,Actuator,M.Action,16,56,128,72,Generator,0,9501.00001,9501.00001,9500.0,9501.00001
3781,SINK_M,app1,Actuator,M.Action,20,60,168,72,Generator,0,9501.00001,9501.00001,9500.0,9501.00001
3784,SINK_M,app1,Actuator,M.Action,23,63,228,72,Generator,0,9501.00001,9501.00001,9500.0,9501.00001
3762,SINK_M,app1,Actuator,M.Action,1,41,0,72,Generator,0,9502.00002,9502.00002,9500.0,9502.00002
3765,SINK_M,app1,Actuator,M.Action,4,44,317,72,Generator,0,9502.00002,9502.00002,9500.0,9502.00002
3767,SINK_M,app1,Actuator,M.Action,6,46,51,72,Generator,0,9502.00002,9502.00002,9500.0,9502.00002
3773,SINK_M,app1,Actuator,M.Action,12,52,198,72,Generator,0,9502.00002,9502.00002,9500.0,9502.00002
3774,SINK_M,app1,Actuator,M.Action,13,53,89,72,Generator,0,9502.00002,9502.00002,9500.0,9502.00002
3787,SINK_M,app1,Actuator,M.Action,26,66,168,72,Generator,0,9502.00002,9502.00002,9500.0,9502.00002
3766,SINK_M,app1,Actuator,M.Action,5,45,0,72,Generator,0,9503.00003,9503.00003,9500.0,9503.00003
3769,SINK_M,app1,Actuator,M.Action,8,48,51,72,Generator,0,9503.00003,9503.00003,9500.0,9503.00003
3775,SINK_M,app1,Actuator,M.Action,14,54,89,72,Generator,0,9503.00003,9503.00003,9500.0,9503.00003
3778,SINK_M,app1,Actuator,M.Action,17,57,317,72,Generator,0,9503.00003,9503.00003,9500.0,9503.00003
3783,SINK_M,app1,Actuator,M.Action,22,62,198,72,Generator,0,9503.00003,9503.00003,9500.0,9503.00003
3793,SINK_M,app1,Actuator,M.Action,32,72,168,72,Generator,0,9503.00003,9503.00003,9500.0,9503.00003
3771,SINK_M,app1,Actuator,M.Action,10,50,0,72,Generator,0,9504.000039999999,9504.000039999999,9500.0,9504.000039999999
3779,SINK_M,app1,Actuator,M.Action,18,58,89,72,Generator,0,9504.000039999999,9504.000039999999,9500.0,9504.000039999999
3780,SINK_M,app1,Actuator,M.Action,19,59,51,72,Generator,0,9504.000039999999,9504.000039999999,9500.0,9504.000039999999
3782,SINK_M,app1,Actuator,M.Action,21,61,317,72,Generator,0,9504.000039999999,9504.000039999999,9500.0,9504.000039999999
3788,SINK_M,app1,Actuator,M.Action,27,67,198,72,Generator,0,9504.000039999999,9504.000039999999,9500.0,9504.000039999999
3797,SINK_M,app1,Actuator,M.Action,36,76,168,72,Generator,0,9504.000039999999,9504.000039999999,9500.0,9504.000039999999
3772,SINK_M,app1,Actuator,M.Action,11,51,0,72,Generator,0,9505.000049999999,9505.000049999999,9500.0,9505.000049999999
3785,SINK_M,app1,Actuator,M.Action,24,64,89,72,Generator,0,9505.000049999999,9505.000049999999,9500.0,9505.000049999999
3789,SINK_M,app1,Actuator,M.Action,28,68,198,72,Generator,0,9505.000049999999,9505.000049999999,9500.0,9505.000049999999
3792,SINK_M,app1,Actuator,M.Action,31,71,51,72,Generator,0,9505.000049999999,9505.000049999999,9500.0,9505.000049999999
3794,SINK_M,app1,Actuator,M.Action,33,73,317,72,Generator,0,9505.000049999999,9505.000049999999,9500.0,9505.000049999999
3798,SINK_M,app1,Actuator,M.Action,37,77,168,72,Generator,0,9505.000049999999,9505.000049999999,9500.0,9505.000049999999
3776,SINK_M,app1,Actuator,M.Action,15,55,0,72,Generator,0,9506.000059999998,9506.000059999998,9500.0,9506.000059999998
3790,SINK_M,app1,Actuator,M.Action,29,69,89,72,Generator,0,9506.000059999998,9506.000059999998,9500.0,9506.000059999998
3800,SINK_M,app1,Actuator,M.Action,39,79,198,72,Generator,0,9506.000059999998,9506.000059999998,9500.0,9506.000059999998
3786,SINK_M,app1,Actuator,M.Action,25,65,0,72,Generator,0,9507.000069999998,9507.000069999998,9500.0,9507.000069999998
3795,SINK_M,app1,Actuator,M.Action,34,74,89,72,Generator,0,9507.000069999998,9507.000069999998,9500.0,9507.000069999998
3791,SINK_M,app1,Actuator,M.Action,30,70,0,72,Generator,0,9508.000079999998,9508.000079999998,9500.0,9508.000079999998
3796,SINK_M,app1,Actuator,M.Action,35,75,89,72,Generator,0,9508.000079999998,9508.000079999998,9500.0,9508.000079999998
3799,SINK_M,app1,Actuator,M.Action,38,78,0,72,Generator,0,9509.000089999998,9509.000089999998,9500.0,9509.000089999998
3801,SINK_M,app1,Actuator,M.Action,0,40,0,72,Generator,0,9601.00001,9601.00001,9600.0,9601.00001
3803,SINK_M,app1,Actuator,M.Action,2,42,317,72,Generator,0,9601.00001,9601.00001,9600.0,9601.00001
3804,SINK_M,app1,Actuator,M.Action,3,43,51,72,Generator,0,9601.00001,9601.00001,9600.0,9601.00001
3808,SINK_M,app1,Actuator,M.Action,7,47,198,72,Generator,0,9601.00001,9601.00001,9600.0,9601.00001
3810,SINK_M,app1,Actuator,M.Action,9,49,89,72,Generator,0,9601.00001,9601.00001,9600.0,9601.00001
3817,SINK_M,app1,Actuator,M.Action,16,56,128,72,Generator,0,9601.00001,9601.00001,9600.0,9601.00001
3821,SINK_M,app1,Actuator,M.Action,20,60,168,72,Generator,0,9601.00001,9601.00001,9600.0,9601.00001
3824,SINK_M,app1,Actuator,M.Action,23,63,228,72,Generator,0,9601.00001,9601.00001,9600.0,9601.00001
3802,SINK_M,app1,Actuator,M.Action,1,41,0,72,Generator,0,9602.00002,9602.00002,9600.0,9602.00002
3805,SINK_M,app1,Actuator,M.Action,4,44,317,72,Generator,0,9602.00002,9602.00002,9600.0,9602.00002
3807,SINK_M,app1,Actuator,M.Action,6,46,51,72,Generator,0,9602.00002,9602.00002,9600.0,9602.00002
3813,SINK_M,app1,Actuator,M.Action,12,52,198,72,Generator,0,9602.00002,9602.00002,9600.0,9602.00002
3814,SINK_M,app1,Actuator,M.Action,13,53,89,72,Generator,0,9602.00002,9602.00002,9600.0,9602.00002
3827,SINK_M,app1,Actuator,M.Action,26,66,168,72,Generator,0,9602.00002,9602.00002,9600.0,9602.00002
3806,SINK_M,app1,Actuator,M.Action,5,45,0,72,Generator,0,9603.00003,9603.00003,9600.0,9603.00003
3809,SINK_M,app1,Actuator,M.Action,8,48,51,72,Generator,0,9603.00003,9603.00003,9600.0,9603.00003
3815,SINK_M,app1,Actuator,M.Action,14,54,89,72,Generator,0,9603.00003,9603.00003,9600.0,9603.00003
3818,SINK_M,app1,Actuator,M.Action,17,57,317,72,Generator,0,9603.00003,9603.00003,9600.0,9603.00003
3823,SINK_M,app1,Actuator,M.Action,22,62,198,72,Generator,0,9603.00003,9603.00003,9600.0,9603.00003
3833,SINK_M,app1,Actuator,M.Action,32,72,168,72,Generator,0,9603.00003,9603.00003,9600.0,9603.00003
3811,SINK_M,app1,Actuator,M.Action,10,50,0,72,Generator,0,9604.000039999999,9604.000039999999,9600.0,9604.000039999999
3819,SINK_M,app1,Actuator,M.Action,18,58,89,72,Generator,0,9604.000039999999,9604.000039999999,9600.0,9604.000039999999
3820,SINK_M,app1,Actuator,M.Action,19,59,51,72,Generator,0,9604.000039999999,9604.000039999999,9600.0,9604.000039999999
3822,SINK_M,app1,Actuator,M.Action,21,61,317,72,Generator,0,9604.000039999999,9604.000039999999,9600.0,9604.000039999999
3828,SINK_M,app1,Actuator,M.Action,27,67,198,72,Generator,0,9604.000039999999,9604.000039999999,9600.0,9604.000039999999
3837,SINK_M,app1,Actuator,M.Action,36,76,168,72,Generator,0,9604.000039999999,9604.000039999999,9600.0,9604.000039999999
3812,SINK_M,app1,Actuator,M.Action,11,51,0,72,Generator,0,9605.000049999999,9605.000049999999,9600.0,9605.000049999999
3825,SINK_M,app1,Actuator,M.Action,24,64,89,72,Generator,0,9605.000049999999,9605.000049999999,9600.0,9605.000049999999
3829,SINK_M,app1,Actuator,M.Action,28,68,198,72,Generator,0,9605.000049999999,9605.000049999999,9600.0,9605.000049999999
3832,SINK_M,app1,Actuator,M.Action,31,71,51,72,Generator,0,9605.000049999999,9605.000049999999,9600.0,9605.000049999999
3834,SINK_M,app1,Actuator,M.Action,33,73,317,72,Generator,0,9605.000049999999,9605.000049999999,9600.0,9605.000049999999
3838,SINK_M,app1,Actuator,M.Action,37,77,168,72,Generator,0,9605.000049999999,9605.000049999999,9600.0,9605.000049999999
3816,SINK_M,app1,Actuator,M.Action,15,55,0,72,Generator,0,9606.000059999998,9606.000059999998,9600.0,9606.000059999998
3830,SINK_M,app1,Actuator,M.Action,29,69,89,72,Generator,0,9606.000059999998,9606.000059999998,9600.0,9606.000059999998
3840,SINK_M,app1,Actuator,M.Action,39,79,198,72,Generator,0,9606.000059999998,9606.000059999998,9600.0,9606.000059999998
3826,SINK_M,app1,Actuator,M.Action,25,65,0,72,Generator,0,9607.000069999998,9607.000069999998,9600.0,9607.000069999998
3835,SINK_M,app1,Actuator,M.Action,34,74,89,72,Generator,0,9607.000069999998,9607.000069999998,9600.0,9607.000069999998
3831,SINK_M,app1,Actuator,M.Action,30,70,0,72,Generator,0,9608.000079999998,9608.000079999998,9600.0,9608.000079999998
3836,SINK_M,app1,Actuator,M.Action,35,75,89,72,Generator,0,9608.000079999998,9608.000079999998,9600.0,9608.000079999998
3839,SINK_M,app1,Actuator,M.Action,38,78,0,72,Generator,0,9609.000089999998,9609.000089999998,9600.0,9609.000089999998
3841,SINK_M,app1,Actuator,M.Action,0,40,0,72,Generator,0,9701.00001,9701.00001,9700.0,9701.00001
3843,SINK_M,app1,Actuator,M.Action,2,42,317,72,Generator,0,9701.00001,9701.00001,9700.0,9701.00001
3844,SINK_M,app1,Actuator,M.Action,3,43,51,72,Generator,0,9701.00001,9701.00001,9700.0,9701.00001
3848,SINK_M,app1,Actuator,M.Action,7,47,198,72,Generator,0,9701.00001,9701.00001,9700.0,9701.00001
3850,SINK_M,app1,Actuator,M.Action,9,49,89,72,Generator,0,9701.00001,9701.00001,9700.0,9701.00001
3857,SINK_M,app1,Actuator,M.Action,16,56,128,72,Generator,0,9701.00001,9701.00001,9700.0,9701.00001
3861,SINK_M,app1,Actuator,M.Action,20,60,168,72,Generator,0,9701.00001,9701.00001,9700.0,9701.00001
3864,SINK_M,app1,Actuator,M.Action,23,63,228,72,Generator,0,9701.00001,9701.00001,9700.0,9701.00001
3842,SINK_M,app1,Actuator,M.Action,1,41,0,72,Generator,0,9702.00002,9702.00002,9700.0,9702.00002
3845,SINK_M,app1,Actuator,M.Action,4,44,317,72,Generator,0,9702.00002,9702.00002,9700.0,9702.00002
3847,SINK_M,app1,Actuator,M.Action,6,46,51,72,Generator,0,9702.00002,9702.00002,9700.0,9702.00002
3853,SINK_M,app1,Actuator,M.Action,12,52,198,72,Generator,0,9702.00002,9702.00002,9700.0,9702.00002
3854,SINK_M,app1,Actuator,M.Action,13,53,89,72,Generator,0,9702.00002,9702.00002,9700.0,9702.00002
3867,SINK_M,app1,Actuator,M.Action,26,66,168,72,Generator,0,9702.00002,9702.00002,9700.0,9702.00002
3846,SINK_M,app1,Actuator,M.Action,5,45,0,72,Generator,0,9703.00003,9703.00003,9700.0,9703.00003
3849,SINK_M,app1,Actuator,M.Action,8,48,51,72,Generator,0,9703.00003,9703.00003,9700.0,9703.00003
3855,SINK_M,app1,Actuator,M.Action,14,54,89,72,Generator,0,9703.00003,9703.00003,9700.0,9703.00003
3858,SINK_M,app1,Actuator,M.Action,17,57,317,72,Generator,0,9703.00003,9703.00003,9700.0,9703.00003
3863,SINK_M,app1,Actuator,M.Action,22,62,198,72,Generator,0,9703.00003,9703.00003,9700.0,9703.00003
3873,SINK_M,app1,Actuator,M.Action,32,72,168,72,Generator,0,9703.00003,9703.00003,9700.0,9703.00003
3851,SINK_M,app1,Actuator,M.Action,10,50,0,72,Generator,0,9704.000039999999,9704.000039999999,9700.0,9704.000039999999
3859,SINK_M,app1,Actuator,M.Action,18,58,89,72,Generator,0,9704.000039999999,9704.000039999999,9700.0,9704.000039999999
3860,SINK_M,app1,Actuator,M.Action,19,59,51,72,Generator,0,9704.000039999999,9704.000039999999,9700.0,9704.000039999999
3862,SINK_M,app1,Actuator,M.Action,21,61,317,72,Generator,0,9704.000039999999,9704.000039999999,9700.0,9704.000039999999
3868,SINK_M,app1,Actuator,M.Action,27,67,198,72,Generator,0,9704.000039999999,9704.000039999999,9700.0,9704.000039999999
3877,SINK_M,app1,Actuator,M.Action,36,76,168,72,Generator,0,9704.000039999999,9704.000039999999,9700.0,9704.000039999999
3852,SINK_M,app1,Actuator,M.Action,11,51,0,72,Generator,0,9705.000049999999,9705.000049999999,9700.0,9705.000049999999
3865,SINK_M,app1,Actuator,M.Action,24,64,89,72,Generator,0,9705.000049999999,9705.000049999999,9700.0,9705.000049999999
3869,SINK_M,app1,Actuator,M.Action,28,68,198,72,Generator,0,9705.000049999999,9705.000049999999,9700.0,9705.000049999999
3872,SINK_M,app1,Actuator,M.Action,31,71,51,72,Generator,0,9705.000049999999,9705.000049999999,9700.0,9705.000049999999
3874,SINK_M,app1,Actuator,M.Action,33,73,317,72,Generator,0,9705.000049999999,9705.000049999999,9700.0,9705.000049999999
3878,SINK_M,app1,Actuator,M.Action,37,77,168,72,Generator,0,9705.000049999999,9705.000049999999,9700.0,9705.000049999999
3856,SINK_M,app1,Actuator,M.Action,15,55,0,72,Generator,0,9706.000059999998,9706.000059999998,9700.0,9706.000059999998
3870,SINK_M,app1,Actuator,M.Action,29,69,89,72,Generator,0,9706.000059999998,9706.000059999998,9700.0,9706.000059999998
3880,SINK_M,app1,Actuator,M.Action,39,79,198,72,Generator,0,9706.000059999998,9706.000059999998,9700.0,9706.000059999998
3866,SINK_M,app1,Actuator,M.Action,25,65,0,72,Generator,0,9707.000069999998,9707.000069999998,9700.0,9707.000069999998
3875,SINK_M,app1,Actuator,M.Action,34,74,89,72,Generator,0,9707.000069999998,9707.000069999998,9700.0,9707.000069999998
3871,SINK_M,app1,Actuator,M.Action,30,70,0,72,Generator,0,9708.000079999998,9708.000079999998,9700.0,9708.000079999998
3876,SINK_M,app1,Actuator,M.Action,35,75,89,72,Generator,0,9708.000079999998,9708.000079999998,9700.0,9708.000079999998
3879,SINK_M,app1,Actuator,M.Action,38,78,0,72,Generator,0,9709.000089999998,9709.000089999998,9700.0,9709.000089999998
3881,SINK_M,app1,Actuator,M.Action,0,40,0,72,Generator,0,9801.00001,9801.00001,9800.0,9801.00001
3883,SINK_M,app1,Actuator,M.Action,2,42,317,72,Generator,0,9801.00001,9801.00001,9800.0,9801.00001
3884,SINK_M,app1,Actuator,M.Action,3,43,51,72,Generator,0,9801.00001,9801.00001,9800.0,9801.00001
3888,SINK_M,app1,Actuator,M.Action,7,47,198,72,Generator,0,9801.00001,9801.00001,9800.0,9801.00001
3890,SINK_M,app1,Actuator,M.Action,9,49,89,72,Generator,0,9801.00001,9801.00001,9800.0,9801.00001
3897,SINK_M,app1,Actuator,M.Action,16,56,128,72,Generator,0,9801.00001,9801.00001,9800.0,9801.00001
3901,SINK_M,app1,Actuator,M.Action,20,60,168,72,Generator,0,9801.00001,9801.00001,9800.0,9801.00001
3904,SINK_M,app1,Actuator,M.Action,23,63,228,72,Generator,0,9801.00001,9801.00001,9800.0,9801.00001
3882,SINK_M,app1,Actuator,M.Action,1,41,0,72,Generator,0,9802.00002,9802.00002,9800.0,9802.00002
3885,SINK_M,app1,Actuator,M.Action,4,44,317,72,Generator,0,9802.00002,9802.00002,9800.0,9802.00002
3887,SINK_M,app1,Actuator,M.Action,6,46,51,72,Generator,0,9802.00002,9802.00002,9800.0,9802.00002
3893,SINK_M,app1,Actuator,M.Action,12,52,198,72,Generator,0,9802.00002,9802.00002,9800.0,9802.00002
3894,SINK_M,app1,Actuator,M.Action,13,53,89,72,Generator,0,9802.00002,9802.00002,9800.0,9802.00002
3907,SINK_M,app1,Actuator,M.Action,26,66,168,72,Generator,0,9802.00002,9802.00002,9800.0,9802.00002
3886,SINK_M,app1,Actuator,M.Action,5,45,0,72,Generator,0,9803.00003,9803.00003,9800.0,9803.00003
3889,SINK_M,app1,Actuator,M.Action,8,48,51,72,Generator,0,9803.00003,9803.00003,9800.0,9803.00003
3895,SINK_M,app1,Actuator,M.Action,14,54,89,72,Generator,0,9803.00003,9803.00003,9800.0,9803.00003
3898,SINK_M,app1,Actuator,M.Action,17,57,317,72,Generator,0,9803.00003,9803.00003,9800.0,9803.00003
3903,SINK_M,app1,Actuator,M.Action,22,62,198,72,Generator,0,9803.00003,9803.00003,9800.0,9803.00003
3913,SINK_M,app1,Actuator,M.Action,32,72,168,72,Generator,0,9803.00003,9803.00003,9800.0,9803.00003
3891,SINK_M,app1,Actuator,M.Action,10,50,0,72,Generator,0,9804.000039999999,9804.000039999999,9800.0,9804.000039999999
3899,SINK_M,app1,Actuator,M.Action,18,58,89,72,Generator,0,9804.000039999999,9804.000039999999,9800.0,9804.000039999999
3900,SINK_M,app1,Actuator,M.Action,19,59,51,72,Generator,0,9804.000039999999,9804.000039999999,9800.0,9804.000039999999
3902,SINK_M,app1,Actuator,M.Action,21,61,317,72,Generator,0,9804.000039999999,9804.000039999999,9800.0,9804.000039999999
3908,SINK_M,app1,Actuator,M.Action,27,67,198,72,Generator,0,9804.000039999999,9804.000039999999,9800.0,9804.000039999999
3917,SINK_M,app1,Actuator,M.Action,36,76,168,72,Generator,0,9804.000039999999,9804.000039999999,9800.0,9804.000039999999
3892,SINK_M,app1,Actuator,M.Action,11,51,0,72,Generator,0,9805.000049999999,9805.000049999999,9800.0,9805.000049999999
3905,SINK_M,app1,Actuator,M.Action,24,64,89,72,Generator,0,9805.000049999999,9805.000049999999,9800.0,9805.000049999999
3909,SINK_M,app1,Actuator,M.Action,28,68,198,72,Generator,0,9805.000049999999,9805.000049999999,9800.0,9805.000049999999
3912,SINK_M,app1,Actuator,M.Action,31,71,51,72,Generator,0,9805.000049999999,9805.000049999999,9800.0,9805.000049999999
3914,SINK_M,app1,Actuator,M.Action,33,73,317,72,Generator,0,9805.000049999999,9805.000049999999,9800.0,9805.000049999999
3918,SINK_M,app1,Actuator,M.Action,37,77,168,72,Generator,0,9805.000049999999,9805.000049999999,9800.0,9805.000049999999
3896,SINK_M,app1,Actuator,M.Action,15,55,0,72,Generator,0,9806.000059999998,9806.000059999998,9800.0,9806.000059999998
3910,SINK_M,app1,Actuator,M.Action,29,69,89,72,Generator,0,9806.000059999998,9806.000059999998,9800.0,9806.000059999998
3920,SINK_M,app1,Actuator,M.Action,39,79,198,72,Generator,0,9806.000059999998,9806.000059999998,9800.0,9806.000059999998
3906,SINK_M,app1,Actuator,M.Action,25,65,0,72,Generator,0,9807.000069999998,9807.000069999998,9800.0,9807.000069999998
3915,SINK_M,app1,Actuator,M.Action,34,74,89,72,Generator,0,9807.000069999998,9807.000069999998,9800.0,9807.000069999998
3911,SINK_M,app1,Actuator,M.Action,30,70,0,72,Generator,0,9808.000079999998,9808.000079999998,9800.0,9808.000079999998
3916,SINK_M,app1,Actuator,M.Action,35,75,89,72,Generator,0,9808.000079999998,9808.000079999998,9800.0,9808.000079999998
3919,SINK_M,app1,Actuator,M.Action,38,78,0,72,Generator,0,9809.000089999998,9809.000089999998,9800.0,9809.000089999998
3921,SINK_M,app1,Actuator,M.Action,0,40,0,72,Generator,0,9901.00001,9901.00001,9900.0,9901.00001
3923,SINK_M,app1,Actuator,M.Action,2,42,317,72,Generator,0,9901.00001,9901.00001,9900.0,9901.00001
3924,SINK_M,app1,Actuator,M.Action,3,43,51,72,Generator,0,9901.00001,9901.00001,9900.0,9901.00001
3928,SINK_M,app1,Actuator,M.Action,7,47,198,72,Generator,0,9901.00001,9901.00001,9900.0,9901.00001
3930,SINK_M,app1,Actuator,M.Action,9,49,89,72,Generator,0,9901.00001,9901.00001,9900.0,9901.00001
3937,SINK_M,app1,Actuator,M.Action,16,56,128,72,Generator,0,9901.00001,9901.00001,9900.0,9901.00001
3941,SINK_M,app1,Actuator,M.Action,20,60,168,72,Generator,0,9901.00001,9901.00001,9900.0,9901.00001
3944,SINK_M,app1,Actuator,M.Action,23,63,228,72,Generator,0,9901.00001,9901.00001,9900.0,9901.00001
3922,SINK_M,app1,Actuator,M.Action,1,41,0,72,Generator,0,9902.00002,9902.00002,9900.0,9902.00002
3925,SINK_M,app1,Actuator,M.Action,4,44,317,72,Generator,0,9902.00002,9902.00002,9900.0,9902.00002
3927,SINK_M,app1,Actuator,M.Action,6,46,51,72,Generator,0,9902.00002,9902.00002,9900.0,9902.00002
3933,SINK_M,app1,Actuator,M.Action,12,52,198,72,Generator,0,9902.00002,9902.00002,9900.0,9902.00002
3934,SINK_M,app1,Actuator,M.Action,13,53,89,72,Generator,0,9902.00002,9902.00002,9900.0,9902.00002
3947,SINK_M,app1,Actuator,M.Action,26,66,168,72,Generator,0,9902.00002,9902.00002,9900.0,9902.00002
3926,SINK_M,app1,Actuator,M.Action,5,45,0,72,Generator,0,9903.00003,9903.00003,9900.0,9903.00003
3929,SINK_M,app1,Actuator,M.Action,8,48,51,72,Generator,0,9903.00003,9903.00003,9900.0,9903.00003
3935,SINK_M,app1,Actuator,M.Action,14,54,89,72,Generator,0,9903.00003,9903.00003,9900.0,9903.00003
3938,SINK_M,app1,Actuator,M.Action,17,57,317,72,Generator,0,9903.00003,9903.00003,9900.0,9903.00003
3943,SINK_M,app1,Actuator,M.Action,22,62,198,72,Generator,0,9903.00003,9903.00003,9900.0,9903.00003
3953,SINK_M,app1,Actuator,M.Action,32,72,168,72,Generator,0,9903.00003,9903.00003,9900.0,9903.00003
3931,SINK_M,app1,Actuator,M.Action,10,50,0,72,Generator,0,9904.000039999999,9904.000039999999,9900.0,9904.000039999999
3939,SINK_M,app1,Actuator,M.Action,18,58,89,72,Generator,0,9904.000039999999,9904.000039999999,9900.0,9904.000039999999
3940,SINK_M,app1,Actuator,M.Action,19,59,51,72,Generator,0,9904.000039999999,9904.000039999999,9900.0,9904.000039999999
3942,SINK_M,app1,Actuator,M.Action,21,61,317,72,Generator,0,9904.000039999999,9904.000039999999,9900.0,9904.000039999999
3948,SINK_M,app1,Actuator,M.Action,27,67,198,72,Generator,0,9904.000039999999,9904.000039999999,9900.0,9904.000039999999
3957,SINK_M,app1,Actuator,M.Action,36,76,168,72,Generator,0,9904.000039999999,9904.000039999999,9900.0,9904.000039999999
3932,SINK_M,app1,Actuator,M.Action,11,51,0,72,Generator,0,9905.000049999999,9905.000049999999,9900.0,9905.000049999999
3945,SINK_M,app1,Actuator,M.Action,24,64,89,72,Generator,0,9905.000049999999,9905.000049999999,9900.0,9905.000049999999
3949,SINK_M,app1,Actuator,M.Action,28,68,198,72,Generator,0,9905.000049999999,9905.000049999999,9900.0,9905.000049999999
3952,SINK_M,app1,Actuator,M.Action,31,71,51,72,Generator,0,9905.000049999999,9905.000049999999,9900.0,9905.000049999999
3954,SINK_M,app1,Actuator,M.Action,33,73,317,72,Generator,0,9905.000049999999,9905.000049999999,9900.0,9905.000049999999
3958,SINK_M,app1,Actuator,M.Action,37,77,168,72,Generator,0,9905.000049999999,9905.000049999999,9900.0,9905.000049999999
3936,SINK_M,app1,Actuator,M.Action,15,55,0,72,Generator,0,9906.000059999998,9906.000059999998,9900.0,9906.000059999998
3950,SINK_M,app1,Actuator,M.Action,29,69,89,72,Generator,0,9906.000059999998,9906.000059999998,9900.0,9906.000059999998
3960,SINK_M,app1,Actuator,M.Action,39,79,198,72,Generator,0,9906.000059999998,9906.000059999998,9900.0,9906.000059999998
3946,SINK_M,app1,Actuator,M.Action,25,65,0,72,Generator,0,9907.000069999998,9907.000069999998,9900.0,9907.000069999998
3955,SINK_M,app1,Actuator,M.Action,34,74,89,72,Generator,0,9907.000069999998,9907.000069999998,9900.0,9907.000069999998
3951,SINK_M,app1,Actuator,M.Action,30,70,0,72,Generator,0,9908.000079999998,9908.000079999998,9900.0,9908.000079999998
3956,SINK_M,app1,Actuator,M.Action,35,75,89,72,Generator,0,9908.000079999998,9908.000079999998,9900.0,9908.000079999998
3959,SINK_M,app1,Actuator,M.Action,38,78,0,72,Generator,0,9909.000089999998,9909.000089999998,9900.0,9909.000089999998
